# Bins where sigma_v2 or sigma_v3 was forced to -10 (problematic fits)
# type | i_cen | cen_name | i_q | i_pt | pt_name | i_v | reason
v2 | 1 | cent10to20 | 0 | 0 | pT2to3 | 0 | low_stats
v2 | 1 | cent10to20 | 0 | 0 | pT2to3 | 1 | low_stats
v2 | 1 | cent10to20 | 0 | 0 | pT2to3 | 2 | low_stats
v2 | 1 | cent10to20 | 0 | 0 | pT2to3 | 3 | low_stats
v2 | 1 | cent10to20 | 0 | 0 | pT2to3 | 4 | low_stats
v2 | 1 | cent10to20 | 0 | 0 | pT2to3 | 5 | low_stats
v2 | 1 | cent10to20 | 0 | 0 | pT2to3 | 6 | low_stats
v2 | 1 | cent10to20 | 0 | 0 | pT2to3 | 8 | neg_yield | TAIL | sigma=-10
v2 | 1 | cent10to20 | 0 | 0 | pT2to3 | 9 | neg_yield | TAIL | sigma=-10
v2 | 1 | cent10to20 | 0 | 0 | pT2to3 | 11 | neg_yield | MID | sigma=-10
v2 | 1 | cent10to20 | 0 | 0 | pT2to3 | 13 | low_sigma | MID | sigma=0.87239
v2 | 1 | cent10to20 | 0 | 0 | pT2to3 | 14 | neg_yield | MID | sigma=-10
v2 | 1 | cent10to20 | 0 | 0 | pT2to3 | 16 | neg_yield | MID | sigma=-10
v2 | 1 | cent10to20 | 0 | 0 | pT2to3 | 17 | neg_yield | MID | sigma=-10
v2 | 1 | cent10to20 | 0 | 0 | pT2to3 | 23 | low_sigma | MID | sigma=0.832717
v2 | 1 | cent10to20 | 0 | 0 | pT2to3 | 24 | neg_yield | MID | sigma=-10
v2 | 1 | cent10to20 | 0 | 0 | pT2to3 | 25 | neg_yield | MID | sigma=-10
v2 | 1 | cent10to20 | 0 | 0 | pT2to3 | 26 | neg_yield | MID | sigma=-10
v2 | 1 | cent10to20 | 0 | 0 | pT2to3 | 27 | low_sigma | MID | sigma=0.365694
v2 | 1 | cent10to20 | 0 | 0 | pT2to3 | 28 | low_sigma | MID | sigma=0.370573
v2 | 1 | cent10to20 | 0 | 0 | pT2to3 | 29 | neg_yield | MID | sigma=-10
v2 | 1 | cent10to20 | 0 | 0 | pT2to3 | 30 | neg_yield | MID | sigma=-10
v2 | 1 | cent10to20 | 0 | 0 | pT2to3 | 33 | low_sigma | TAIL | sigma=0.72098
v2 | 1 | cent10to20 | 0 | 0 | pT2to3 | 34 | low_stats
v2 | 1 | cent10to20 | 0 | 0 | pT2to3 | 35 | low_stats
v2 | 1 | cent10to20 | 0 | 0 | pT2to3 | 36 | low_stats
v2 | 1 | cent10to20 | 0 | 0 | pT2to3 | 37 | low_stats
v2 | 1 | cent10to20 | 0 | 0 | pT2to3 | 38 | low_stats
v2 | 1 | cent10to20 | 0 | 0 | pT2to3 | 39 | low_stats
v2 | 1 | cent10to20 | 0 | 0 | pT2to3 | 40 | low_stats
v2 | 1 | cent10to20 | 0 | 0 | pT2to3 | 41 | low_stats
v2 | 1 | cent10to20 | 1 | 0 | pT2to3 | 0 | low_stats
v2 | 1 | cent10to20 | 1 | 0 | pT2to3 | 1 | low_stats
v2 | 1 | cent10to20 | 1 | 0 | pT2to3 | 2 | low_stats
v2 | 1 | cent10to20 | 1 | 0 | pT2to3 | 3 | low_stats
v2 | 1 | cent10to20 | 1 | 0 | pT2to3 | 4 | low_stats
v2 | 1 | cent10to20 | 1 | 0 | pT2to3 | 5 | low_stats
v2 | 1 | cent10to20 | 1 | 0 | pT2to3 | 6 | low_stats
v2 | 1 | cent10to20 | 1 | 0 | pT2to3 | 7 | low_stats
v2 | 1 | cent10to20 | 1 | 0 | pT2to3 | 8 | low_stats
v2 | 1 | cent10to20 | 1 | 0 | pT2to3 | 9 | neg_yield | TAIL | sigma=-10
v2 | 1 | cent10to20 | 1 | 0 | pT2to3 | 10 | low_sigma | TAIL | sigma=0.931361
v2 | 1 | cent10to20 | 1 | 0 | pT2to3 | 12 | neg_yield | MID | sigma=-10
v2 | 1 | cent10to20 | 1 | 0 | pT2to3 | 13 | neg_yield | MID | sigma=-10
v2 | 1 | cent10to20 | 1 | 0 | pT2to3 | 14 | neg_yield | MID | sigma=-10
v2 | 1 | cent10to20 | 1 | 0 | pT2to3 | 15 | neg_yield | MID | sigma=-10
v2 | 1 | cent10to20 | 1 | 0 | pT2to3 | 16 | neg_yield | MID | sigma=-10
v2 | 1 | cent10to20 | 1 | 0 | pT2to3 | 18 | low_sigma | MID | sigma=0.858516
v2 | 1 | cent10to20 | 1 | 0 | pT2to3 | 19 | neg_yield | MID | sigma=-10
v2 | 1 | cent10to20 | 1 | 0 | pT2to3 | 20 | neg_yield | MID | sigma=-10
v2 | 1 | cent10to20 | 1 | 0 | pT2to3 | 21 | neg_yield | MID | sigma=-10
v2 | 1 | cent10to20 | 1 | 0 | pT2to3 | 22 | neg_yield | MID | sigma=-10
v2 | 1 | cent10to20 | 1 | 0 | pT2to3 | 23 | low_sigma | MID | sigma=0.531796
v2 | 1 | cent10to20 | 1 | 0 | pT2to3 | 24 | neg_yield | MID | sigma=-10
v2 | 1 | cent10to20 | 1 | 0 | pT2to3 | 25 | neg_yield | MID | sigma=-10
v2 | 1 | cent10to20 | 1 | 0 | pT2to3 | 26 | neg_yield | MID | sigma=-10
v2 | 1 | cent10to20 | 1 | 0 | pT2to3 | 28 | low_sigma | MID | sigma=0.917996
v2 | 1 | cent10to20 | 1 | 0 | pT2to3 | 30 | neg_yield | MID | sigma=-10
v2 | 1 | cent10to20 | 1 | 0 | pT2to3 | 31 | neg_yield | TAIL | sigma=-10
v2 | 1 | cent10to20 | 1 | 0 | pT2to3 | 32 | neg_yield | TAIL | sigma=-10
v2 | 1 | cent10to20 | 1 | 0 | pT2to3 | 33 | low_stats
v2 | 1 | cent10to20 | 1 | 0 | pT2to3 | 34 | low_stats
v2 | 1 | cent10to20 | 1 | 0 | pT2to3 | 35 | low_stats
v2 | 1 | cent10to20 | 1 | 0 | pT2to3 | 36 | low_stats
v2 | 1 | cent10to20 | 1 | 0 | pT2to3 | 37 | low_stats
v2 | 1 | cent10to20 | 1 | 0 | pT2to3 | 38 | low_stats
v2 | 1 | cent10to20 | 1 | 0 | pT2to3 | 39 | low_stats
v2 | 1 | cent10to20 | 1 | 0 | pT2to3 | 40 | low_stats
v2 | 1 | cent10to20 | 1 | 0 | pT2to3 | 41 | low_stats
v2 | 1 | cent10to20 | 2 | 0 | pT2to3 | 0 | low_stats
v2 | 1 | cent10to20 | 2 | 0 | pT2to3 | 1 | low_stats
v2 | 1 | cent10to20 | 2 | 0 | pT2to3 | 2 | low_stats
v2 | 1 | cent10to20 | 2 | 0 | pT2to3 | 3 | low_stats
v2 | 1 | cent10to20 | 2 | 0 | pT2to3 | 4 | low_stats
v2 | 1 | cent10to20 | 2 | 0 | pT2to3 | 5 | low_stats
v2 | 1 | cent10to20 | 2 | 0 | pT2to3 | 6 | low_stats
v2 | 1 | cent10to20 | 2 | 0 | pT2to3 | 7 | low_stats
v2 | 1 | cent10to20 | 2 | 0 | pT2to3 | 8 | low_stats
v2 | 1 | cent10to20 | 2 | 0 | pT2to3 | 9 | low_stats
v2 | 1 | cent10to20 | 2 | 0 | pT2to3 | 10 | low_stats
v2 | 1 | cent10to20 | 2 | 0 | pT2to3 | 11 | low_sigma | MID | sigma=0.965114
v2 | 1 | cent10to20 | 2 | 0 | pT2to3 | 15 | neg_yield | MID | sigma=-10
v2 | 1 | cent10to20 | 2 | 0 | pT2to3 | 18 | low_sigma | MID | sigma=0.372551
v2 | 1 | cent10to20 | 2 | 0 | pT2to3 | 20 | neg_yield | MID | sigma=-10
v2 | 1 | cent10to20 | 2 | 0 | pT2to3 | 23 | neg_yield | MID | sigma=-10
v2 | 1 | cent10to20 | 2 | 0 | pT2to3 | 26 | low_sigma | MID | sigma=0.223838
v2 | 1 | cent10to20 | 2 | 0 | pT2to3 | 27 | low_sigma | MID | sigma=0.156905
v2 | 1 | cent10to20 | 2 | 0 | pT2to3 | 28 | neg_yield | MID | sigma=-10
v2 | 1 | cent10to20 | 2 | 0 | pT2to3 | 29 | low_sigma | MID | sigma=0.445191
v2 | 1 | cent10to20 | 2 | 0 | pT2to3 | 30 | neg_yield | MID | sigma=-10
v2 | 1 | cent10to20 | 2 | 0 | pT2to3 | 31 | low_sigma | TAIL | sigma=0.935826
v2 | 1 | cent10to20 | 2 | 0 | pT2to3 | 32 | low_stats
v2 | 1 | cent10to20 | 2 | 0 | pT2to3 | 33 | low_stats
v2 | 1 | cent10to20 | 2 | 0 | pT2to3 | 34 | low_stats
v2 | 1 | cent10to20 | 2 | 0 | pT2to3 | 35 | low_stats
v2 | 1 | cent10to20 | 2 | 0 | pT2to3 | 36 | low_stats
v2 | 1 | cent10to20 | 2 | 0 | pT2to3 | 37 | low_stats
v2 | 1 | cent10to20 | 2 | 0 | pT2to3 | 38 | low_stats
v2 | 1 | cent10to20 | 2 | 0 | pT2to3 | 39 | low_stats
v2 | 1 | cent10to20 | 2 | 0 | pT2to3 | 40 | low_stats
v2 | 1 | cent10to20 | 2 | 0 | pT2to3 | 41 | low_stats
v2 | 1 | cent10to20 | 3 | 0 | pT2to3 | 0 | low_stats
v2 | 1 | cent10to20 | 3 | 0 | pT2to3 | 1 | low_stats
v2 | 1 | cent10to20 | 3 | 0 | pT2to3 | 2 | low_stats
v2 | 1 | cent10to20 | 3 | 0 | pT2to3 | 3 | low_stats
v2 | 1 | cent10to20 | 3 | 0 | pT2to3 | 4 | low_stats
v2 | 1 | cent10to20 | 3 | 0 | pT2to3 | 5 | low_stats
v2 | 1 | cent10to20 | 3 | 0 | pT2to3 | 6 | low_stats
v2 | 1 | cent10to20 | 3 | 0 | pT2to3 | 7 | low_stats
v2 | 1 | cent10to20 | 3 | 0 | pT2to3 | 8 | low_stats
v2 | 1 | cent10to20 | 3 | 0 | pT2to3 | 9 | low_stats
v2 | 1 | cent10to20 | 3 | 0 | pT2to3 | 10 | low_stats
v2 | 1 | cent10to20 | 3 | 0 | pT2to3 | 11 | low_stats
v2 | 1 | cent10to20 | 3 | 0 | pT2to3 | 13 | low_sigma | MID | sigma=0.711117
v2 | 1 | cent10to20 | 3 | 0 | pT2to3 | 14 | neg_yield | MID | sigma=-10
v2 | 1 | cent10to20 | 3 | 0 | pT2to3 | 15 | neg_yield | MID | sigma=-10
v2 | 1 | cent10to20 | 3 | 0 | pT2to3 | 17 | neg_yield | MID | sigma=-10
v2 | 1 | cent10to20 | 3 | 0 | pT2to3 | 19 | neg_yield | MID | sigma=-10
v2 | 1 | cent10to20 | 3 | 0 | pT2to3 | 21 | neg_yield | MID | sigma=-10
v2 | 1 | cent10to20 | 3 | 0 | pT2to3 | 22 | low_sigma | MID | sigma=0.193212
v2 | 1 | cent10to20 | 3 | 0 | pT2to3 | 23 | neg_yield | MID | sigma=-10
v2 | 1 | cent10to20 | 3 | 0 | pT2to3 | 24 | low_sigma | MID | sigma=0.795981
v2 | 1 | cent10to20 | 3 | 0 | pT2to3 | 28 | neg_yield | MID | sigma=-10
v2 | 1 | cent10to20 | 3 | 0 | pT2to3 | 29 | low_sigma | MID | sigma=0.749348
v2 | 1 | cent10to20 | 3 | 0 | pT2to3 | 30 | low_stats
v2 | 1 | cent10to20 | 3 | 0 | pT2to3 | 31 | low_stats
v2 | 1 | cent10to20 | 3 | 0 | pT2to3 | 32 | low_stats
v2 | 1 | cent10to20 | 3 | 0 | pT2to3 | 33 | low_stats
v2 | 1 | cent10to20 | 3 | 0 | pT2to3 | 34 | low_stats
v2 | 1 | cent10to20 | 3 | 0 | pT2to3 | 35 | low_stats
v2 | 1 | cent10to20 | 3 | 0 | pT2to3 | 36 | low_stats
v2 | 1 | cent10to20 | 3 | 0 | pT2to3 | 37 | low_stats
v2 | 1 | cent10to20 | 3 | 0 | pT2to3 | 38 | low_stats
v2 | 1 | cent10to20 | 3 | 0 | pT2to3 | 39 | low_stats
v2 | 1 | cent10to20 | 3 | 0 | pT2to3 | 40 | low_stats
v2 | 1 | cent10to20 | 3 | 0 | pT2to3 | 41 | low_stats
v2 | 1 | cent10to20 | 4 | 0 | pT2to3 | 0 | low_stats
v2 | 1 | cent10to20 | 4 | 0 | pT2to3 | 1 | low_stats
v2 | 1 | cent10to20 | 4 | 0 | pT2to3 | 2 | low_stats
v2 | 1 | cent10to20 | 4 | 0 | pT2to3 | 3 | low_stats
v2 | 1 | cent10to20 | 4 | 0 | pT2to3 | 4 | low_stats
v2 | 1 | cent10to20 | 4 | 0 | pT2to3 | 5 | low_stats
v2 | 1 | cent10to20 | 4 | 0 | pT2to3 | 6 | low_stats
v2 | 1 | cent10to20 | 4 | 0 | pT2to3 | 7 | low_stats
v2 | 1 | cent10to20 | 4 | 0 | pT2to3 | 8 | low_stats
v2 | 1 | cent10to20 | 4 | 0 | pT2to3 | 9 | low_stats
v2 | 1 | cent10to20 | 4 | 0 | pT2to3 | 10 | low_stats
v2 | 1 | cent10to20 | 4 | 0 | pT2to3 | 11 | low_stats
v2 | 1 | cent10to20 | 4 | 0 | pT2to3 | 12 | low_stats
v2 | 1 | cent10to20 | 4 | 0 | pT2to3 | 14 | low_sigma | MID | sigma=0.878589
v2 | 1 | cent10to20 | 4 | 0 | pT2to3 | 17 | neg_yield | MID | sigma=-10
v2 | 1 | cent10to20 | 4 | 0 | pT2to3 | 22 | neg_yield | MID | sigma=-10
v2 | 1 | cent10to20 | 4 | 0 | pT2to3 | 23 | neg_yield | MID | sigma=-10
v2 | 1 | cent10to20 | 4 | 0 | pT2to3 | 24 | low_sigma | MID | sigma=0.476876
v2 | 1 | cent10to20 | 4 | 0 | pT2to3 | 25 | low_sigma | MID | sigma=0.688393
v2 | 1 | cent10to20 | 4 | 0 | pT2to3 | 26 | low_sigma | MID | sigma=0.98049
v2 | 1 | cent10to20 | 4 | 0 | pT2to3 | 27 | neg_yield | MID | sigma=-10
v2 | 1 | cent10to20 | 4 | 0 | pT2to3 | 29 | neg_yield | MID | sigma=-10
v2 | 1 | cent10to20 | 4 | 0 | pT2to3 | 30 | low_stats
v2 | 1 | cent10to20 | 4 | 0 | pT2to3 | 31 | low_stats
v2 | 1 | cent10to20 | 4 | 0 | pT2to3 | 32 | low_stats
v2 | 1 | cent10to20 | 4 | 0 | pT2to3 | 33 | low_stats
v2 | 1 | cent10to20 | 4 | 0 | pT2to3 | 34 | low_stats
v2 | 1 | cent10to20 | 4 | 0 | pT2to3 | 35 | low_stats
v2 | 1 | cent10to20 | 4 | 0 | pT2to3 | 36 | low_stats
v2 | 1 | cent10to20 | 4 | 0 | pT2to3 | 37 | low_stats
v2 | 1 | cent10to20 | 4 | 0 | pT2to3 | 38 | low_stats
v2 | 1 | cent10to20 | 4 | 0 | pT2to3 | 39 | low_stats
v2 | 1 | cent10to20 | 4 | 0 | pT2to3 | 40 | low_stats
v2 | 1 | cent10to20 | 4 | 0 | pT2to3 | 41 | low_stats
v2 | 1 | cent10to20 | 5 | 0 | pT2to3 | 0 | low_stats
v2 | 1 | cent10to20 | 5 | 0 | pT2to3 | 1 | low_stats
v2 | 1 | cent10to20 | 5 | 0 | pT2to3 | 2 | low_stats
v2 | 1 | cent10to20 | 5 | 0 | pT2to3 | 3 | low_stats
v2 | 1 | cent10to20 | 5 | 0 | pT2to3 | 4 | low_stats
v2 | 1 | cent10to20 | 5 | 0 | pT2to3 | 5 | low_stats
v2 | 1 | cent10to20 | 5 | 0 | pT2to3 | 6 | low_stats
v2 | 1 | cent10to20 | 5 | 0 | pT2to3 | 7 | low_stats
v2 | 1 | cent10to20 | 5 | 0 | pT2to3 | 8 | low_stats
v2 | 1 | cent10to20 | 5 | 0 | pT2to3 | 9 | low_stats
v2 | 1 | cent10to20 | 5 | 0 | pT2to3 | 10 | low_stats
v2 | 1 | cent10to20 | 5 | 0 | pT2to3 | 11 | low_stats
v2 | 1 | cent10to20 | 5 | 0 | pT2to3 | 12 | low_stats
v2 | 1 | cent10to20 | 5 | 0 | pT2to3 | 13 | low_sigma | MID | sigma=0.589317
v2 | 1 | cent10to20 | 5 | 0 | pT2to3 | 16 | neg_yield | MID | sigma=-10
v2 | 1 | cent10to20 | 5 | 0 | pT2to3 | 17 | neg_yield | MID | sigma=-10
v2 | 1 | cent10to20 | 5 | 0 | pT2to3 | 18 | low_sigma | MID | sigma=0.556643
v2 | 1 | cent10to20 | 5 | 0 | pT2to3 | 19 | low_sigma | MID | sigma=0.922175
v2 | 1 | cent10to20 | 5 | 0 | pT2to3 | 20 | neg_yield | MID | sigma=-10
v2 | 1 | cent10to20 | 5 | 0 | pT2to3 | 21 | low_sigma | MID | sigma=0.542546
v2 | 1 | cent10to20 | 5 | 0 | pT2to3 | 22 | low_sigma | MID | sigma=0.712447
v2 | 1 | cent10to20 | 5 | 0 | pT2to3 | 23 | neg_yield | MID | sigma=-10
v2 | 1 | cent10to20 | 5 | 0 | pT2to3 | 27 | low_sigma | MID | sigma=0.878184
v2 | 1 | cent10to20 | 5 | 0 | pT2to3 | 28 | neg_yield | MID | sigma=-10
v2 | 1 | cent10to20 | 5 | 0 | pT2to3 | 29 | low_stats
v2 | 1 | cent10to20 | 5 | 0 | pT2to3 | 30 | low_stats
v2 | 1 | cent10to20 | 5 | 0 | pT2to3 | 31 | low_stats
v2 | 1 | cent10to20 | 5 | 0 | pT2to3 | 32 | low_stats
v2 | 1 | cent10to20 | 5 | 0 | pT2to3 | 33 | low_stats
v2 | 1 | cent10to20 | 5 | 0 | pT2to3 | 34 | low_stats
v2 | 1 | cent10to20 | 5 | 0 | pT2to3 | 35 | low_stats
v2 | 1 | cent10to20 | 5 | 0 | pT2to3 | 36 | low_stats
v2 | 1 | cent10to20 | 5 | 0 | pT2to3 | 37 | low_stats
v2 | 1 | cent10to20 | 5 | 0 | pT2to3 | 38 | low_stats
v2 | 1 | cent10to20 | 5 | 0 | pT2to3 | 39 | low_stats
v2 | 1 | cent10to20 | 5 | 0 | pT2to3 | 40 | low_stats
v2 | 1 | cent10to20 | 5 | 0 | pT2to3 | 41 | low_stats
v2 | 1 | cent10to20 | 6 | 0 | pT2to3 | 0 | low_stats
v2 | 1 | cent10to20 | 6 | 0 | pT2to3 | 1 | low_stats
v2 | 1 | cent10to20 | 6 | 0 | pT2to3 | 2 | low_stats
v2 | 1 | cent10to20 | 6 | 0 | pT2to3 | 3 | low_stats
v2 | 1 | cent10to20 | 6 | 0 | pT2to3 | 4 | low_stats
v2 | 1 | cent10to20 | 6 | 0 | pT2to3 | 5 | low_stats
v2 | 1 | cent10to20 | 6 | 0 | pT2to3 | 6 | low_stats
v2 | 1 | cent10to20 | 6 | 0 | pT2to3 | 7 | low_stats
v2 | 1 | cent10to20 | 6 | 0 | pT2to3 | 8 | low_stats
v2 | 1 | cent10to20 | 6 | 0 | pT2to3 | 9 | low_stats
v2 | 1 | cent10to20 | 6 | 0 | pT2to3 | 10 | low_stats
v2 | 1 | cent10to20 | 6 | 0 | pT2to3 | 11 | low_stats
v2 | 1 | cent10to20 | 6 | 0 | pT2to3 | 12 | low_stats
v2 | 1 | cent10to20 | 6 | 0 | pT2to3 | 13 | low_stats
v2 | 1 | cent10to20 | 6 | 0 | pT2to3 | 14 | low_sigma | MID | sigma=0.714585
v2 | 1 | cent10to20 | 6 | 0 | pT2to3 | 15 | neg_yield | MID | sigma=-10
v2 | 1 | cent10to20 | 6 | 0 | pT2to3 | 16 | low_sigma | MID | sigma=0.566065
v2 | 1 | cent10to20 | 6 | 0 | pT2to3 | 17 | low_sigma | MID | sigma=0.773762
v2 | 1 | cent10to20 | 6 | 0 | pT2to3 | 19 | neg_yield | MID | sigma=-10
v2 | 1 | cent10to20 | 6 | 0 | pT2to3 | 21 | neg_yield | MID | sigma=-10
v2 | 1 | cent10to20 | 6 | 0 | pT2to3 | 27 | neg_yield | MID | sigma=-10
v2 | 1 | cent10to20 | 6 | 0 | pT2to3 | 28 | low_stats
v2 | 1 | cent10to20 | 6 | 0 | pT2to3 | 29 | low_stats
v2 | 1 | cent10to20 | 6 | 0 | pT2to3 | 30 | low_stats
v2 | 1 | cent10to20 | 6 | 0 | pT2to3 | 31 | low_stats
v2 | 1 | cent10to20 | 6 | 0 | pT2to3 | 32 | low_stats
v2 | 1 | cent10to20 | 6 | 0 | pT2to3 | 33 | low_stats
v2 | 1 | cent10to20 | 6 | 0 | pT2to3 | 34 | low_stats
v2 | 1 | cent10to20 | 6 | 0 | pT2to3 | 35 | low_stats
v2 | 1 | cent10to20 | 6 | 0 | pT2to3 | 36 | low_stats
v2 | 1 | cent10to20 | 6 | 0 | pT2to3 | 37 | low_stats
v2 | 1 | cent10to20 | 6 | 0 | pT2to3 | 38 | low_stats
v2 | 1 | cent10to20 | 6 | 0 | pT2to3 | 39 | low_stats
v2 | 1 | cent10to20 | 6 | 0 | pT2to3 | 40 | low_stats
v2 | 1 | cent10to20 | 6 | 0 | pT2to3 | 41 | low_stats
v2 | 1 | cent10to20 | 7 | 0 | pT2to3 | 0 | low_stats
v2 | 1 | cent10to20 | 7 | 0 | pT2to3 | 1 | low_stats
v2 | 1 | cent10to20 | 7 | 0 | pT2to3 | 2 | low_stats
v2 | 1 | cent10to20 | 7 | 0 | pT2to3 | 3 | low_stats
v2 | 1 | cent10to20 | 7 | 0 | pT2to3 | 4 | low_stats
v2 | 1 | cent10to20 | 7 | 0 | pT2to3 | 5 | low_stats
v2 | 1 | cent10to20 | 7 | 0 | pT2to3 | 6 | low_stats
v2 | 1 | cent10to20 | 7 | 0 | pT2to3 | 7 | low_stats
v2 | 1 | cent10to20 | 7 | 0 | pT2to3 | 8 | low_stats
v2 | 1 | cent10to20 | 7 | 0 | pT2to3 | 9 | low_stats
v2 | 1 | cent10to20 | 7 | 0 | pT2to3 | 10 | low_stats
v2 | 1 | cent10to20 | 7 | 0 | pT2to3 | 11 | low_stats
v2 | 1 | cent10to20 | 7 | 0 | pT2to3 | 12 | low_stats
v2 | 1 | cent10to20 | 7 | 0 | pT2to3 | 13 | low_stats
v2 | 1 | cent10to20 | 7 | 0 | pT2to3 | 17 | low_sigma | MID | sigma=0.853529
v2 | 1 | cent10to20 | 7 | 0 | pT2to3 | 19 | low_sigma | MID | sigma=0.186094
v2 | 1 | cent10to20 | 7 | 0 | pT2to3 | 20 | neg_yield | MID | sigma=-10
v2 | 1 | cent10to20 | 7 | 0 | pT2to3 | 21 | neg_yield | MID | sigma=-10
v2 | 1 | cent10to20 | 7 | 0 | pT2to3 | 23 | neg_yield | MID | sigma=-10
v2 | 1 | cent10to20 | 7 | 0 | pT2to3 | 24 | low_sigma | MID | sigma=0.86029
v2 | 1 | cent10to20 | 7 | 0 | pT2to3 | 26 | low_sigma | MID | sigma=0.174714
v2 | 1 | cent10to20 | 7 | 0 | pT2to3 | 28 | low_stats
v2 | 1 | cent10to20 | 7 | 0 | pT2to3 | 29 | low_stats
v2 | 1 | cent10to20 | 7 | 0 | pT2to3 | 30 | low_stats
v2 | 1 | cent10to20 | 7 | 0 | pT2to3 | 31 | low_stats
v2 | 1 | cent10to20 | 7 | 0 | pT2to3 | 32 | low_stats
v2 | 1 | cent10to20 | 7 | 0 | pT2to3 | 33 | low_stats
v2 | 1 | cent10to20 | 7 | 0 | pT2to3 | 34 | low_stats
v2 | 1 | cent10to20 | 7 | 0 | pT2to3 | 35 | low_stats
v2 | 1 | cent10to20 | 7 | 0 | pT2to3 | 36 | low_stats
v2 | 1 | cent10to20 | 7 | 0 | pT2to3 | 37 | low_stats
v2 | 1 | cent10to20 | 7 | 0 | pT2to3 | 38 | low_stats
v2 | 1 | cent10to20 | 7 | 0 | pT2to3 | 39 | low_stats
v2 | 1 | cent10to20 | 7 | 0 | pT2to3 | 40 | low_stats
v2 | 1 | cent10to20 | 7 | 0 | pT2to3 | 41 | low_stats
v2 | 1 | cent10to20 | 8 | 0 | pT2to3 | 0 | low_stats
v2 | 1 | cent10to20 | 8 | 0 | pT2to3 | 1 | low_stats
v2 | 1 | cent10to20 | 8 | 0 | pT2to3 | 2 | low_stats
v2 | 1 | cent10to20 | 8 | 0 | pT2to3 | 3 | low_stats
v2 | 1 | cent10to20 | 8 | 0 | pT2to3 | 4 | low_stats
v2 | 1 | cent10to20 | 8 | 0 | pT2to3 | 5 | low_stats
v2 | 1 | cent10to20 | 8 | 0 | pT2to3 | 6 | low_stats
v2 | 1 | cent10to20 | 8 | 0 | pT2to3 | 7 | low_stats
v2 | 1 | cent10to20 | 8 | 0 | pT2to3 | 8 | low_stats
v2 | 1 | cent10to20 | 8 | 0 | pT2to3 | 9 | low_stats
v2 | 1 | cent10to20 | 8 | 0 | pT2to3 | 10 | low_stats
v2 | 1 | cent10to20 | 8 | 0 | pT2to3 | 11 | low_stats
v2 | 1 | cent10to20 | 8 | 0 | pT2to3 | 12 | low_stats
v2 | 1 | cent10to20 | 8 | 0 | pT2to3 | 13 | low_stats
v2 | 1 | cent10to20 | 8 | 0 | pT2to3 | 14 | low_sigma | MID | sigma=0.495193
v2 | 1 | cent10to20 | 8 | 0 | pT2to3 | 16 | low_sigma | MID | sigma=0.917168
v2 | 1 | cent10to20 | 8 | 0 | pT2to3 | 21 | neg_yield | MID | sigma=-10
v2 | 1 | cent10to20 | 8 | 0 | pT2to3 | 24 | neg_yield | MID | sigma=-10
v2 | 1 | cent10to20 | 8 | 0 | pT2to3 | 25 | low_sigma | MID | sigma=0.627708
v2 | 1 | cent10to20 | 8 | 0 | pT2to3 | 28 | low_stats
v2 | 1 | cent10to20 | 8 | 0 | pT2to3 | 29 | low_stats
v2 | 1 | cent10to20 | 8 | 0 | pT2to3 | 30 | low_stats
v2 | 1 | cent10to20 | 8 | 0 | pT2to3 | 31 | low_stats
v2 | 1 | cent10to20 | 8 | 0 | pT2to3 | 32 | low_stats
v2 | 1 | cent10to20 | 8 | 0 | pT2to3 | 33 | low_stats
v2 | 1 | cent10to20 | 8 | 0 | pT2to3 | 34 | low_stats
v2 | 1 | cent10to20 | 8 | 0 | pT2to3 | 35 | low_stats
v2 | 1 | cent10to20 | 8 | 0 | pT2to3 | 36 | low_stats
v2 | 1 | cent10to20 | 8 | 0 | pT2to3 | 37 | low_stats
v2 | 1 | cent10to20 | 8 | 0 | pT2to3 | 38 | low_stats
v2 | 1 | cent10to20 | 8 | 0 | pT2to3 | 39 | low_stats
v2 | 1 | cent10to20 | 8 | 0 | pT2to3 | 40 | low_stats
v2 | 1 | cent10to20 | 8 | 0 | pT2to3 | 41 | low_stats
v2 | 1 | cent10to20 | 9 | 0 | pT2to3 | 0 | low_stats
v2 | 1 | cent10to20 | 9 | 0 | pT2to3 | 1 | low_stats
v2 | 1 | cent10to20 | 9 | 0 | pT2to3 | 2 | low_stats
v2 | 1 | cent10to20 | 9 | 0 | pT2to3 | 3 | low_stats
v2 | 1 | cent10to20 | 9 | 0 | pT2to3 | 4 | low_stats
v2 | 1 | cent10to20 | 9 | 0 | pT2to3 | 5 | low_stats
v2 | 1 | cent10to20 | 9 | 0 | pT2to3 | 6 | low_stats
v2 | 1 | cent10to20 | 9 | 0 | pT2to3 | 7 | low_stats
v2 | 1 | cent10to20 | 9 | 0 | pT2to3 | 8 | low_stats
v2 | 1 | cent10to20 | 9 | 0 | pT2to3 | 9 | low_stats
v2 | 1 | cent10to20 | 9 | 0 | pT2to3 | 10 | low_stats
v2 | 1 | cent10to20 | 9 | 0 | pT2to3 | 11 | low_stats
v2 | 1 | cent10to20 | 9 | 0 | pT2to3 | 12 | low_stats
v2 | 1 | cent10to20 | 9 | 0 | pT2to3 | 13 | low_stats
v2 | 1 | cent10to20 | 9 | 0 | pT2to3 | 14 | low_stats
v2 | 1 | cent10to20 | 9 | 0 | pT2to3 | 15 | neg_yield | MID | sigma=-10
v2 | 1 | cent10to20 | 9 | 0 | pT2to3 | 16 | neg_yield | MID | sigma=-10
v2 | 1 | cent10to20 | 9 | 0 | pT2to3 | 19 | low_sigma | MID | sigma=0.967466
v2 | 1 | cent10to20 | 9 | 0 | pT2to3 | 20 | neg_yield | MID | sigma=-10
v2 | 1 | cent10to20 | 9 | 0 | pT2to3 | 22 | neg_yield | MID | sigma=-10
v2 | 1 | cent10to20 | 9 | 0 | pT2to3 | 24 | neg_yield | MID | sigma=-10
v2 | 1 | cent10to20 | 9 | 0 | pT2to3 | 26 | low_sigma | MID | sigma=0.662916
v2 | 1 | cent10to20 | 9 | 0 | pT2to3 | 27 | neg_yield | MID | sigma=-10
v2 | 1 | cent10to20 | 9 | 0 | pT2to3 | 28 | low_stats
v2 | 1 | cent10to20 | 9 | 0 | pT2to3 | 29 | low_stats
v2 | 1 | cent10to20 | 9 | 0 | pT2to3 | 30 | low_stats
v2 | 1 | cent10to20 | 9 | 0 | pT2to3 | 31 | low_stats
v2 | 1 | cent10to20 | 9 | 0 | pT2to3 | 32 | low_stats
v2 | 1 | cent10to20 | 9 | 0 | pT2to3 | 33 | low_stats
v2 | 1 | cent10to20 | 9 | 0 | pT2to3 | 34 | low_stats
v2 | 1 | cent10to20 | 9 | 0 | pT2to3 | 35 | low_stats
v2 | 1 | cent10to20 | 9 | 0 | pT2to3 | 36 | low_stats
v2 | 1 | cent10to20 | 9 | 0 | pT2to3 | 37 | low_stats
v2 | 1 | cent10to20 | 9 | 0 | pT2to3 | 38 | low_stats
v2 | 1 | cent10to20 | 9 | 0 | pT2to3 | 39 | low_stats
v2 | 1 | cent10to20 | 9 | 0 | pT2to3 | 40 | low_stats
v2 | 1 | cent10to20 | 9 | 0 | pT2to3 | 41 | low_stats
v2 | 1 | cent10to20 | 10 | 0 | pT2to3 | 0 | low_stats
v2 | 1 | cent10to20 | 10 | 0 | pT2to3 | 1 | low_stats
v2 | 1 | cent10to20 | 10 | 0 | pT2to3 | 2 | low_stats
v2 | 1 | cent10to20 | 10 | 0 | pT2to3 | 3 | low_stats
v2 | 1 | cent10to20 | 10 | 0 | pT2to3 | 4 | low_stats
v2 | 1 | cent10to20 | 10 | 0 | pT2to3 | 5 | low_stats
v2 | 1 | cent10to20 | 10 | 0 | pT2to3 | 6 | low_stats
v2 | 1 | cent10to20 | 10 | 0 | pT2to3 | 7 | low_stats
v2 | 1 | cent10to20 | 10 | 0 | pT2to3 | 8 | low_stats
v2 | 1 | cent10to20 | 10 | 0 | pT2to3 | 9 | low_stats
v2 | 1 | cent10to20 | 10 | 0 | pT2to3 | 10 | low_stats
v2 | 1 | cent10to20 | 10 | 0 | pT2to3 | 11 | low_stats
v2 | 1 | cent10to20 | 10 | 0 | pT2to3 | 12 | low_stats
v2 | 1 | cent10to20 | 10 | 0 | pT2to3 | 13 | low_stats
v2 | 1 | cent10to20 | 10 | 0 | pT2to3 | 14 | low_stats
v2 | 1 | cent10to20 | 10 | 0 | pT2to3 | 15 | neg_yield | MID | sigma=-10
v2 | 1 | cent10to20 | 10 | 0 | pT2to3 | 16 | low_sigma | MID | sigma=0.508244
v2 | 1 | cent10to20 | 10 | 0 | pT2to3 | 19 | neg_yield | MID | sigma=-10
v2 | 1 | cent10to20 | 10 | 0 | pT2to3 | 21 | neg_yield | MID | sigma=-10
v2 | 1 | cent10to20 | 10 | 0 | pT2to3 | 22 | neg_yield | MID | sigma=-10
v2 | 1 | cent10to20 | 10 | 0 | pT2to3 | 23 | low_sigma | MID | sigma=0.178763
v2 | 1 | cent10to20 | 10 | 0 | pT2to3 | 24 | low_sigma | MID | sigma=0.791625
v2 | 1 | cent10to20 | 10 | 0 | pT2to3 | 27 | low_stats
v2 | 1 | cent10to20 | 10 | 0 | pT2to3 | 28 | low_stats
v2 | 1 | cent10to20 | 10 | 0 | pT2to3 | 29 | low_stats
v2 | 1 | cent10to20 | 10 | 0 | pT2to3 | 30 | low_stats
v2 | 1 | cent10to20 | 10 | 0 | pT2to3 | 31 | low_stats
v2 | 1 | cent10to20 | 10 | 0 | pT2to3 | 32 | low_stats
v2 | 1 | cent10to20 | 10 | 0 | pT2to3 | 33 | low_stats
v2 | 1 | cent10to20 | 10 | 0 | pT2to3 | 34 | low_stats
v2 | 1 | cent10to20 | 10 | 0 | pT2to3 | 35 | low_stats
v2 | 1 | cent10to20 | 10 | 0 | pT2to3 | 36 | low_stats
v2 | 1 | cent10to20 | 10 | 0 | pT2to3 | 37 | low_stats
v2 | 1 | cent10to20 | 10 | 0 | pT2to3 | 38 | low_stats
v2 | 1 | cent10to20 | 10 | 0 | pT2to3 | 39 | low_stats
v2 | 1 | cent10to20 | 10 | 0 | pT2to3 | 40 | low_stats
v2 | 1 | cent10to20 | 10 | 0 | pT2to3 | 41 | low_stats
v2 | 1 | cent10to20 | 11 | 0 | pT2to3 | 0 | low_stats
v2 | 1 | cent10to20 | 11 | 0 | pT2to3 | 1 | low_stats
v2 | 1 | cent10to20 | 11 | 0 | pT2to3 | 2 | low_stats
v2 | 1 | cent10to20 | 11 | 0 | pT2to3 | 3 | low_stats
v2 | 1 | cent10to20 | 11 | 0 | pT2to3 | 4 | low_stats
v2 | 1 | cent10to20 | 11 | 0 | pT2to3 | 5 | low_stats
v2 | 1 | cent10to20 | 11 | 0 | pT2to3 | 6 | low_stats
v2 | 1 | cent10to20 | 11 | 0 | pT2to3 | 7 | low_stats
v2 | 1 | cent10to20 | 11 | 0 | pT2to3 | 8 | low_stats
v2 | 1 | cent10to20 | 11 | 0 | pT2to3 | 9 | low_stats
v2 | 1 | cent10to20 | 11 | 0 | pT2to3 | 10 | low_stats
v2 | 1 | cent10to20 | 11 | 0 | pT2to3 | 11 | low_stats
v2 | 1 | cent10to20 | 11 | 0 | pT2to3 | 12 | low_stats
v2 | 1 | cent10to20 | 11 | 0 | pT2to3 | 13 | low_stats
v2 | 1 | cent10to20 | 11 | 0 | pT2to3 | 14 | low_stats
v2 | 1 | cent10to20 | 11 | 0 | pT2to3 | 19 | neg_yield | MID | sigma=-10
v2 | 1 | cent10to20 | 11 | 0 | pT2to3 | 21 | neg_yield | MID | sigma=-10
v2 | 1 | cent10to20 | 11 | 0 | pT2to3 | 23 | neg_yield | MID | sigma=-10
v2 | 1 | cent10to20 | 11 | 0 | pT2to3 | 24 | neg_yield | MID | sigma=-10
v2 | 1 | cent10to20 | 11 | 0 | pT2to3 | 25 | low_sigma | MID | sigma=0.867254
v2 | 1 | cent10to20 | 11 | 0 | pT2to3 | 26 | low_sigma | MID | sigma=0.837842
v2 | 1 | cent10to20 | 11 | 0 | pT2to3 | 27 | low_stats
v2 | 1 | cent10to20 | 11 | 0 | pT2to3 | 28 | low_stats
v2 | 1 | cent10to20 | 11 | 0 | pT2to3 | 29 | low_stats
v2 | 1 | cent10to20 | 11 | 0 | pT2to3 | 30 | low_stats
v2 | 1 | cent10to20 | 11 | 0 | pT2to3 | 31 | low_stats
v2 | 1 | cent10to20 | 11 | 0 | pT2to3 | 32 | low_stats
v2 | 1 | cent10to20 | 11 | 0 | pT2to3 | 33 | low_stats
v2 | 1 | cent10to20 | 11 | 0 | pT2to3 | 34 | low_stats
v2 | 1 | cent10to20 | 11 | 0 | pT2to3 | 35 | low_stats
v2 | 1 | cent10to20 | 11 | 0 | pT2to3 | 36 | low_stats
v2 | 1 | cent10to20 | 11 | 0 | pT2to3 | 37 | low_stats
v2 | 1 | cent10to20 | 11 | 0 | pT2to3 | 38 | low_stats
v2 | 1 | cent10to20 | 11 | 0 | pT2to3 | 39 | low_stats
v2 | 1 | cent10to20 | 11 | 0 | pT2to3 | 40 | low_stats
v2 | 1 | cent10to20 | 11 | 0 | pT2to3 | 41 | low_stats
v2 | 1 | cent10to20 | 0 | 1 | pT3to4 | 0 | low_stats
v2 | 1 | cent10to20 | 0 | 1 | pT3to4 | 1 | low_stats
v2 | 1 | cent10to20 | 0 | 1 | pT3to4 | 2 | low_stats
v2 | 1 | cent10to20 | 0 | 1 | pT3to4 | 3 | low_stats
v2 | 1 | cent10to20 | 0 | 1 | pT3to4 | 4 | low_stats
v2 | 1 | cent10to20 | 0 | 1 | pT3to4 | 5 | low_stats
v2 | 1 | cent10to20 | 0 | 1 | pT3to4 | 6 | low_stats
v2 | 1 | cent10to20 | 0 | 1 | pT3to4 | 7 | low_stats
v2 | 1 | cent10to20 | 0 | 1 | pT3to4 | 8 | low_stats
v2 | 1 | cent10to20 | 0 | 1 | pT3to4 | 9 | low_stats
v2 | 1 | cent10to20 | 0 | 1 | pT3to4 | 10 | low_stats
v2 | 1 | cent10to20 | 0 | 1 | pT3to4 | 11 | low_stats
v2 | 1 | cent10to20 | 0 | 1 | pT3to4 | 12 | low_stats
v2 | 1 | cent10to20 | 0 | 1 | pT3to4 | 13 | low_stats
v2 | 1 | cent10to20 | 0 | 1 | pT3to4 | 14 | neg_yield | MID | sigma=-10
v2 | 1 | cent10to20 | 0 | 1 | pT3to4 | 15 | neg_yield | MID | sigma=-10
v2 | 1 | cent10to20 | 0 | 1 | pT3to4 | 19 | neg_yield | MID | sigma=-10
v2 | 1 | cent10to20 | 0 | 1 | pT3to4 | 22 | low_sigma | MID | sigma=0.725424
v2 | 1 | cent10to20 | 0 | 1 | pT3to4 | 24 | low_sigma | MID | sigma=0.812785
v2 | 1 | cent10to20 | 0 | 1 | pT3to4 | 25 | low_sigma | MID | sigma=0.500819
v2 | 1 | cent10to20 | 0 | 1 | pT3to4 | 27 | neg_yield | MID | sigma=-10
v2 | 1 | cent10to20 | 0 | 1 | pT3to4 | 28 | low_stats
v2 | 1 | cent10to20 | 0 | 1 | pT3to4 | 29 | low_stats
v2 | 1 | cent10to20 | 0 | 1 | pT3to4 | 30 | low_stats
v2 | 1 | cent10to20 | 0 | 1 | pT3to4 | 31 | neg_yield | TAIL | sigma=-10
v2 | 1 | cent10to20 | 0 | 1 | pT3to4 | 32 | low_stats
v2 | 1 | cent10to20 | 0 | 1 | pT3to4 | 33 | low_stats
v2 | 1 | cent10to20 | 0 | 1 | pT3to4 | 34 | low_stats
v2 | 1 | cent10to20 | 0 | 1 | pT3to4 | 35 | low_stats
v2 | 1 | cent10to20 | 0 | 1 | pT3to4 | 36 | low_stats
v2 | 1 | cent10to20 | 0 | 1 | pT3to4 | 37 | low_stats
v2 | 1 | cent10to20 | 0 | 1 | pT3to4 | 38 | low_stats
v2 | 1 | cent10to20 | 0 | 1 | pT3to4 | 39 | low_stats
v2 | 1 | cent10to20 | 0 | 1 | pT3to4 | 40 | low_stats
v2 | 1 | cent10to20 | 0 | 1 | pT3to4 | 41 | low_stats
v2 | 1 | cent10to20 | 1 | 1 | pT3to4 | 0 | low_stats
v2 | 1 | cent10to20 | 1 | 1 | pT3to4 | 1 | low_stats
v2 | 1 | cent10to20 | 1 | 1 | pT3to4 | 2 | low_stats
v2 | 1 | cent10to20 | 1 | 1 | pT3to4 | 3 | low_stats
v2 | 1 | cent10to20 | 1 | 1 | pT3to4 | 4 | low_stats
v2 | 1 | cent10to20 | 1 | 1 | pT3to4 | 5 | low_stats
v2 | 1 | cent10to20 | 1 | 1 | pT3to4 | 6 | low_stats
v2 | 1 | cent10to20 | 1 | 1 | pT3to4 | 7 | low_stats
v2 | 1 | cent10to20 | 1 | 1 | pT3to4 | 8 | low_stats
v2 | 1 | cent10to20 | 1 | 1 | pT3to4 | 9 | low_stats
v2 | 1 | cent10to20 | 1 | 1 | pT3to4 | 10 | low_stats
v2 | 1 | cent10to20 | 1 | 1 | pT3to4 | 11 | low_stats
v2 | 1 | cent10to20 | 1 | 1 | pT3to4 | 12 | low_stats
v2 | 1 | cent10to20 | 1 | 1 | pT3to4 | 13 | low_stats
v2 | 1 | cent10to20 | 1 | 1 | pT3to4 | 15 | neg_yield | MID | sigma=-10
v2 | 1 | cent10to20 | 1 | 1 | pT3to4 | 19 | neg_yield | MID | sigma=-10
v2 | 1 | cent10to20 | 1 | 1 | pT3to4 | 20 | neg_yield | MID | sigma=-10
v2 | 1 | cent10to20 | 1 | 1 | pT3to4 | 24 | low_sigma | MID | sigma=0.399109
v2 | 1 | cent10to20 | 1 | 1 | pT3to4 | 26 | neg_yield | MID | sigma=-10
v2 | 1 | cent10to20 | 1 | 1 | pT3to4 | 27 | neg_yield | MID | sigma=-10
v2 | 1 | cent10to20 | 1 | 1 | pT3to4 | 29 | low_stats
v2 | 1 | cent10to20 | 1 | 1 | pT3to4 | 30 | neg_yield | MID | sigma=-10
v2 | 1 | cent10to20 | 1 | 1 | pT3to4 | 31 | low_stats
v2 | 1 | cent10to20 | 1 | 1 | pT3to4 | 32 | low_stats
v2 | 1 | cent10to20 | 1 | 1 | pT3to4 | 33 | low_stats
v2 | 1 | cent10to20 | 1 | 1 | pT3to4 | 34 | low_stats
v2 | 1 | cent10to20 | 1 | 1 | pT3to4 | 35 | low_stats
v2 | 1 | cent10to20 | 1 | 1 | pT3to4 | 36 | low_stats
v2 | 1 | cent10to20 | 1 | 1 | pT3to4 | 37 | low_stats
v2 | 1 | cent10to20 | 1 | 1 | pT3to4 | 38 | low_stats
v2 | 1 | cent10to20 | 1 | 1 | pT3to4 | 39 | low_stats
v2 | 1 | cent10to20 | 1 | 1 | pT3to4 | 40 | low_stats
v2 | 1 | cent10to20 | 1 | 1 | pT3to4 | 41 | low_stats
v2 | 1 | cent10to20 | 2 | 1 | pT3to4 | 0 | low_stats
v2 | 1 | cent10to20 | 2 | 1 | pT3to4 | 1 | low_stats
v2 | 1 | cent10to20 | 2 | 1 | pT3to4 | 2 | low_stats
v2 | 1 | cent10to20 | 2 | 1 | pT3to4 | 3 | low_stats
v2 | 1 | cent10to20 | 2 | 1 | pT3to4 | 4 | low_stats
v2 | 1 | cent10to20 | 2 | 1 | pT3to4 | 5 | low_stats
v2 | 1 | cent10to20 | 2 | 1 | pT3to4 | 6 | low_stats
v2 | 1 | cent10to20 | 2 | 1 | pT3to4 | 7 | low_stats
v2 | 1 | cent10to20 | 2 | 1 | pT3to4 | 8 | low_stats
v2 | 1 | cent10to20 | 2 | 1 | pT3to4 | 9 | low_stats
v2 | 1 | cent10to20 | 2 | 1 | pT3to4 | 10 | low_stats
v2 | 1 | cent10to20 | 2 | 1 | pT3to4 | 11 | low_stats
v2 | 1 | cent10to20 | 2 | 1 | pT3to4 | 12 | low_stats
v2 | 1 | cent10to20 | 2 | 1 | pT3to4 | 13 | low_stats
v2 | 1 | cent10to20 | 2 | 1 | pT3to4 | 14 | neg_yield | MID | sigma=-10
v2 | 1 | cent10to20 | 2 | 1 | pT3to4 | 15 | neg_yield | MID | sigma=-10
v2 | 1 | cent10to20 | 2 | 1 | pT3to4 | 17 | low_sigma | MID | sigma=0.868923
v2 | 1 | cent10to20 | 2 | 1 | pT3to4 | 20 | low_sigma | MID | sigma=0.88616
v2 | 1 | cent10to20 | 2 | 1 | pT3to4 | 22 | low_sigma | MID | sigma=0.537136
v2 | 1 | cent10to20 | 2 | 1 | pT3to4 | 25 | low_sigma | MID | sigma=0.602043
v2 | 1 | cent10to20 | 2 | 1 | pT3to4 | 26 | neg_yield | MID | sigma=-10
v2 | 1 | cent10to20 | 2 | 1 | pT3to4 | 28 | neg_yield | MID | sigma=-10
v2 | 1 | cent10to20 | 2 | 1 | pT3to4 | 29 | neg_yield | MID | sigma=-10
v2 | 1 | cent10to20 | 2 | 1 | pT3to4 | 30 | low_stats
v2 | 1 | cent10to20 | 2 | 1 | pT3to4 | 31 | low_stats
v2 | 1 | cent10to20 | 2 | 1 | pT3to4 | 32 | low_stats
v2 | 1 | cent10to20 | 2 | 1 | pT3to4 | 33 | low_stats
v2 | 1 | cent10to20 | 2 | 1 | pT3to4 | 34 | low_stats
v2 | 1 | cent10to20 | 2 | 1 | pT3to4 | 35 | low_stats
v2 | 1 | cent10to20 | 2 | 1 | pT3to4 | 36 | low_stats
v2 | 1 | cent10to20 | 2 | 1 | pT3to4 | 37 | low_stats
v2 | 1 | cent10to20 | 2 | 1 | pT3to4 | 38 | low_stats
v2 | 1 | cent10to20 | 2 | 1 | pT3to4 | 39 | low_stats
v2 | 1 | cent10to20 | 2 | 1 | pT3to4 | 40 | low_stats
v2 | 1 | cent10to20 | 2 | 1 | pT3to4 | 41 | low_stats
v2 | 1 | cent10to20 | 3 | 1 | pT3to4 | 0 | low_stats
v2 | 1 | cent10to20 | 3 | 1 | pT3to4 | 1 | low_stats
v2 | 1 | cent10to20 | 3 | 1 | pT3to4 | 2 | low_stats
v2 | 1 | cent10to20 | 3 | 1 | pT3to4 | 3 | low_stats
v2 | 1 | cent10to20 | 3 | 1 | pT3to4 | 4 | low_stats
v2 | 1 | cent10to20 | 3 | 1 | pT3to4 | 5 | low_stats
v2 | 1 | cent10to20 | 3 | 1 | pT3to4 | 6 | low_stats
v2 | 1 | cent10to20 | 3 | 1 | pT3to4 | 7 | low_stats
v2 | 1 | cent10to20 | 3 | 1 | pT3to4 | 8 | low_stats
v2 | 1 | cent10to20 | 3 | 1 | pT3to4 | 9 | low_stats
v2 | 1 | cent10to20 | 3 | 1 | pT3to4 | 10 | low_stats
v2 | 1 | cent10to20 | 3 | 1 | pT3to4 | 11 | low_stats
v2 | 1 | cent10to20 | 3 | 1 | pT3to4 | 12 | low_stats
v2 | 1 | cent10to20 | 3 | 1 | pT3to4 | 13 | low_stats
v2 | 1 | cent10to20 | 3 | 1 | pT3to4 | 14 | low_sigma | MID | sigma=0.942171
v2 | 1 | cent10to20 | 3 | 1 | pT3to4 | 15 | neg_yield | MID | sigma=-10
v2 | 1 | cent10to20 | 3 | 1 | pT3to4 | 16 | neg_yield | MID | sigma=-10
v2 | 1 | cent10to20 | 3 | 1 | pT3to4 | 21 | neg_yield | MID | sigma=-10
v2 | 1 | cent10to20 | 3 | 1 | pT3to4 | 26 | neg_yield | MID | sigma=-10
v2 | 1 | cent10to20 | 3 | 1 | pT3to4 | 27 | neg_yield | MID | sigma=-10
v2 | 1 | cent10to20 | 3 | 1 | pT3to4 | 28 | low_sigma | MID | sigma=0.991032
v2 | 1 | cent10to20 | 3 | 1 | pT3to4 | 29 | low_stats
v2 | 1 | cent10to20 | 3 | 1 | pT3to4 | 30 | low_stats
v2 | 1 | cent10to20 | 3 | 1 | pT3to4 | 31 | low_stats
v2 | 1 | cent10to20 | 3 | 1 | pT3to4 | 32 | low_stats
v2 | 1 | cent10to20 | 3 | 1 | pT3to4 | 33 | low_stats
v2 | 1 | cent10to20 | 3 | 1 | pT3to4 | 34 | low_stats
v2 | 1 | cent10to20 | 3 | 1 | pT3to4 | 35 | low_stats
v2 | 1 | cent10to20 | 3 | 1 | pT3to4 | 36 | low_stats
v2 | 1 | cent10to20 | 3 | 1 | pT3to4 | 37 | low_stats
v2 | 1 | cent10to20 | 3 | 1 | pT3to4 | 38 | low_stats
v2 | 1 | cent10to20 | 3 | 1 | pT3to4 | 39 | low_stats
v2 | 1 | cent10to20 | 3 | 1 | pT3to4 | 40 | low_stats
v2 | 1 | cent10to20 | 3 | 1 | pT3to4 | 41 | low_stats
v2 | 1 | cent10to20 | 4 | 1 | pT3to4 | 0 | low_stats
v2 | 1 | cent10to20 | 4 | 1 | pT3to4 | 1 | low_stats
v2 | 1 | cent10to20 | 4 | 1 | pT3to4 | 2 | low_stats
v2 | 1 | cent10to20 | 4 | 1 | pT3to4 | 3 | low_stats
v2 | 1 | cent10to20 | 4 | 1 | pT3to4 | 4 | low_stats
v2 | 1 | cent10to20 | 4 | 1 | pT3to4 | 5 | low_stats
v2 | 1 | cent10to20 | 4 | 1 | pT3to4 | 6 | low_stats
v2 | 1 | cent10to20 | 4 | 1 | pT3to4 | 7 | low_stats
v2 | 1 | cent10to20 | 4 | 1 | pT3to4 | 8 | low_stats
v2 | 1 | cent10to20 | 4 | 1 | pT3to4 | 9 | low_stats
v2 | 1 | cent10to20 | 4 | 1 | pT3to4 | 10 | low_stats
v2 | 1 | cent10to20 | 4 | 1 | pT3to4 | 11 | low_stats
v2 | 1 | cent10to20 | 4 | 1 | pT3to4 | 12 | low_stats
v2 | 1 | cent10to20 | 4 | 1 | pT3to4 | 13 | neg_yield | MID | sigma=-10
v2 | 1 | cent10to20 | 4 | 1 | pT3to4 | 14 | low_stats
v2 | 1 | cent10to20 | 4 | 1 | pT3to4 | 16 | low_sigma | MID | sigma=0.612045
v2 | 1 | cent10to20 | 4 | 1 | pT3to4 | 17 | neg_yield | MID | sigma=-10
v2 | 1 | cent10to20 | 4 | 1 | pT3to4 | 19 | neg_yield | MID | sigma=-10
v2 | 1 | cent10to20 | 4 | 1 | pT3to4 | 23 | neg_yield | MID | sigma=-10
v2 | 1 | cent10to20 | 4 | 1 | pT3to4 | 26 | low_sigma | MID | sigma=0.202951
v2 | 1 | cent10to20 | 4 | 1 | pT3to4 | 27 | neg_yield | MID | sigma=-10
v2 | 1 | cent10to20 | 4 | 1 | pT3to4 | 28 | low_stats
v2 | 1 | cent10to20 | 4 | 1 | pT3to4 | 29 | low_stats
v2 | 1 | cent10to20 | 4 | 1 | pT3to4 | 30 | low_stats
v2 | 1 | cent10to20 | 4 | 1 | pT3to4 | 31 | low_stats
v2 | 1 | cent10to20 | 4 | 1 | pT3to4 | 32 | low_stats
v2 | 1 | cent10to20 | 4 | 1 | pT3to4 | 33 | low_stats
v2 | 1 | cent10to20 | 4 | 1 | pT3to4 | 34 | low_stats
v2 | 1 | cent10to20 | 4 | 1 | pT3to4 | 35 | low_stats
v2 | 1 | cent10to20 | 4 | 1 | pT3to4 | 36 | low_stats
v2 | 1 | cent10to20 | 4 | 1 | pT3to4 | 37 | low_stats
v2 | 1 | cent10to20 | 4 | 1 | pT3to4 | 38 | low_stats
v2 | 1 | cent10to20 | 4 | 1 | pT3to4 | 39 | low_stats
v2 | 1 | cent10to20 | 4 | 1 | pT3to4 | 40 | low_stats
v2 | 1 | cent10to20 | 4 | 1 | pT3to4 | 41 | low_stats
v2 | 1 | cent10to20 | 5 | 1 | pT3to4 | 0 | low_stats
v2 | 1 | cent10to20 | 5 | 1 | pT3to4 | 1 | low_stats
v2 | 1 | cent10to20 | 5 | 1 | pT3to4 | 2 | low_stats
v2 | 1 | cent10to20 | 5 | 1 | pT3to4 | 3 | low_stats
v2 | 1 | cent10to20 | 5 | 1 | pT3to4 | 4 | low_stats
v2 | 1 | cent10to20 | 5 | 1 | pT3to4 | 5 | low_stats
v2 | 1 | cent10to20 | 5 | 1 | pT3to4 | 6 | low_stats
v2 | 1 | cent10to20 | 5 | 1 | pT3to4 | 7 | low_stats
v2 | 1 | cent10to20 | 5 | 1 | pT3to4 | 8 | low_stats
v2 | 1 | cent10to20 | 5 | 1 | pT3to4 | 9 | low_stats
v2 | 1 | cent10to20 | 5 | 1 | pT3to4 | 10 | low_stats
v2 | 1 | cent10to20 | 5 | 1 | pT3to4 | 11 | low_stats
v2 | 1 | cent10to20 | 5 | 1 | pT3to4 | 12 | low_stats
v2 | 1 | cent10to20 | 5 | 1 | pT3to4 | 13 | low_stats
v2 | 1 | cent10to20 | 5 | 1 | pT3to4 | 14 | neg_yield | MID | sigma=-10
v2 | 1 | cent10to20 | 5 | 1 | pT3to4 | 16 | low_sigma | MID | sigma=0.884268
v2 | 1 | cent10to20 | 5 | 1 | pT3to4 | 17 | low_sigma | MID | sigma=0.759226
v2 | 1 | cent10to20 | 5 | 1 | pT3to4 | 18 | low_sigma | MID | sigma=0.577727
v2 | 1 | cent10to20 | 5 | 1 | pT3to4 | 24 | low_sigma | MID | sigma=0.925081
v2 | 1 | cent10to20 | 5 | 1 | pT3to4 | 26 | low_sigma | MID | sigma=0.327887
v2 | 1 | cent10to20 | 5 | 1 | pT3to4 | 27 | neg_yield | MID | sigma=-10
v2 | 1 | cent10to20 | 5 | 1 | pT3to4 | 28 | low_stats
v2 | 1 | cent10to20 | 5 | 1 | pT3to4 | 29 | low_stats
v2 | 1 | cent10to20 | 5 | 1 | pT3to4 | 30 | low_stats
v2 | 1 | cent10to20 | 5 | 1 | pT3to4 | 31 | low_stats
v2 | 1 | cent10to20 | 5 | 1 | pT3to4 | 32 | low_stats
v2 | 1 | cent10to20 | 5 | 1 | pT3to4 | 33 | low_stats
v2 | 1 | cent10to20 | 5 | 1 | pT3to4 | 34 | low_stats
v2 | 1 | cent10to20 | 5 | 1 | pT3to4 | 35 | low_stats
v2 | 1 | cent10to20 | 5 | 1 | pT3to4 | 36 | low_stats
v2 | 1 | cent10to20 | 5 | 1 | pT3to4 | 37 | low_stats
v2 | 1 | cent10to20 | 5 | 1 | pT3to4 | 38 | low_stats
v2 | 1 | cent10to20 | 5 | 1 | pT3to4 | 39 | low_stats
v2 | 1 | cent10to20 | 5 | 1 | pT3to4 | 40 | low_stats
v2 | 1 | cent10to20 | 5 | 1 | pT3to4 | 41 | low_stats
v2 | 1 | cent10to20 | 6 | 1 | pT3to4 | 0 | low_stats
v2 | 1 | cent10to20 | 6 | 1 | pT3to4 | 1 | low_stats
v2 | 1 | cent10to20 | 6 | 1 | pT3to4 | 2 | low_stats
v2 | 1 | cent10to20 | 6 | 1 | pT3to4 | 3 | low_stats
v2 | 1 | cent10to20 | 6 | 1 | pT3to4 | 4 | low_stats
v2 | 1 | cent10to20 | 6 | 1 | pT3to4 | 5 | low_stats
v2 | 1 | cent10to20 | 6 | 1 | pT3to4 | 6 | low_stats
v2 | 1 | cent10to20 | 6 | 1 | pT3to4 | 7 | low_stats
v2 | 1 | cent10to20 | 6 | 1 | pT3to4 | 8 | low_stats
v2 | 1 | cent10to20 | 6 | 1 | pT3to4 | 9 | low_stats
v2 | 1 | cent10to20 | 6 | 1 | pT3to4 | 10 | low_stats
v2 | 1 | cent10to20 | 6 | 1 | pT3to4 | 11 | low_stats
v2 | 1 | cent10to20 | 6 | 1 | pT3to4 | 12 | low_stats
v2 | 1 | cent10to20 | 6 | 1 | pT3to4 | 13 | low_stats
v2 | 1 | cent10to20 | 6 | 1 | pT3to4 | 14 | low_stats
v2 | 1 | cent10to20 | 6 | 1 | pT3to4 | 15 | low_sigma | MID | sigma=0.922767
v2 | 1 | cent10to20 | 6 | 1 | pT3to4 | 16 | low_sigma | MID | sigma=0.915742
v2 | 1 | cent10to20 | 6 | 1 | pT3to4 | 27 | neg_yield | MID | sigma=-10
v2 | 1 | cent10to20 | 6 | 1 | pT3to4 | 28 | low_stats
v2 | 1 | cent10to20 | 6 | 1 | pT3to4 | 29 | low_stats
v2 | 1 | cent10to20 | 6 | 1 | pT3to4 | 30 | low_stats
v2 | 1 | cent10to20 | 6 | 1 | pT3to4 | 31 | low_stats
v2 | 1 | cent10to20 | 6 | 1 | pT3to4 | 32 | low_stats
v2 | 1 | cent10to20 | 6 | 1 | pT3to4 | 33 | low_stats
v2 | 1 | cent10to20 | 6 | 1 | pT3to4 | 34 | low_stats
v2 | 1 | cent10to20 | 6 | 1 | pT3to4 | 35 | low_stats
v2 | 1 | cent10to20 | 6 | 1 | pT3to4 | 36 | low_stats
v2 | 1 | cent10to20 | 6 | 1 | pT3to4 | 37 | low_stats
v2 | 1 | cent10to20 | 6 | 1 | pT3to4 | 38 | low_stats
v2 | 1 | cent10to20 | 6 | 1 | pT3to4 | 39 | low_stats
v2 | 1 | cent10to20 | 6 | 1 | pT3to4 | 40 | low_stats
v2 | 1 | cent10to20 | 6 | 1 | pT3to4 | 41 | low_stats
v2 | 1 | cent10to20 | 7 | 1 | pT3to4 | 0 | low_stats
v2 | 1 | cent10to20 | 7 | 1 | pT3to4 | 1 | low_stats
v2 | 1 | cent10to20 | 7 | 1 | pT3to4 | 2 | low_stats
v2 | 1 | cent10to20 | 7 | 1 | pT3to4 | 3 | low_stats
v2 | 1 | cent10to20 | 7 | 1 | pT3to4 | 4 | low_stats
v2 | 1 | cent10to20 | 7 | 1 | pT3to4 | 5 | low_stats
v2 | 1 | cent10to20 | 7 | 1 | pT3to4 | 6 | low_stats
v2 | 1 | cent10to20 | 7 | 1 | pT3to4 | 7 | low_stats
v2 | 1 | cent10to20 | 7 | 1 | pT3to4 | 8 | low_stats
v2 | 1 | cent10to20 | 7 | 1 | pT3to4 | 9 | low_stats
v2 | 1 | cent10to20 | 7 | 1 | pT3to4 | 10 | low_stats
v2 | 1 | cent10to20 | 7 | 1 | pT3to4 | 11 | low_stats
v2 | 1 | cent10to20 | 7 | 1 | pT3to4 | 12 | low_stats
v2 | 1 | cent10to20 | 7 | 1 | pT3to4 | 13 | low_stats
v2 | 1 | cent10to20 | 7 | 1 | pT3to4 | 14 | low_stats
v2 | 1 | cent10to20 | 7 | 1 | pT3to4 | 17 | low_sigma | MID | sigma=0.921201
v2 | 1 | cent10to20 | 7 | 1 | pT3to4 | 19 | neg_yield | MID | sigma=-10
v2 | 1 | cent10to20 | 7 | 1 | pT3to4 | 20 | neg_yield | MID | sigma=-10
v2 | 1 | cent10to20 | 7 | 1 | pT3to4 | 21 | neg_yield | MID | sigma=-10
v2 | 1 | cent10to20 | 7 | 1 | pT3to4 | 26 | low_sigma | MID | sigma=0.316241
v2 | 1 | cent10to20 | 7 | 1 | pT3to4 | 27 | low_stats
v2 | 1 | cent10to20 | 7 | 1 | pT3to4 | 28 | low_stats
v2 | 1 | cent10to20 | 7 | 1 | pT3to4 | 29 | low_stats
v2 | 1 | cent10to20 | 7 | 1 | pT3to4 | 30 | low_stats
v2 | 1 | cent10to20 | 7 | 1 | pT3to4 | 31 | low_stats
v2 | 1 | cent10to20 | 7 | 1 | pT3to4 | 32 | low_stats
v2 | 1 | cent10to20 | 7 | 1 | pT3to4 | 33 | low_stats
v2 | 1 | cent10to20 | 7 | 1 | pT3to4 | 34 | low_stats
v2 | 1 | cent10to20 | 7 | 1 | pT3to4 | 35 | low_stats
v2 | 1 | cent10to20 | 7 | 1 | pT3to4 | 36 | low_stats
v2 | 1 | cent10to20 | 7 | 1 | pT3to4 | 37 | low_stats
v2 | 1 | cent10to20 | 7 | 1 | pT3to4 | 38 | low_stats
v2 | 1 | cent10to20 | 7 | 1 | pT3to4 | 39 | low_stats
v2 | 1 | cent10to20 | 7 | 1 | pT3to4 | 40 | low_stats
v2 | 1 | cent10to20 | 7 | 1 | pT3to4 | 41 | low_stats
v2 | 1 | cent10to20 | 8 | 1 | pT3to4 | 0 | low_stats
v2 | 1 | cent10to20 | 8 | 1 | pT3to4 | 1 | low_stats
v2 | 1 | cent10to20 | 8 | 1 | pT3to4 | 2 | low_stats
v2 | 1 | cent10to20 | 8 | 1 | pT3to4 | 3 | low_stats
v2 | 1 | cent10to20 | 8 | 1 | pT3to4 | 4 | low_stats
v2 | 1 | cent10to20 | 8 | 1 | pT3to4 | 5 | low_stats
v2 | 1 | cent10to20 | 8 | 1 | pT3to4 | 6 | low_stats
v2 | 1 | cent10to20 | 8 | 1 | pT3to4 | 7 | low_stats
v2 | 1 | cent10to20 | 8 | 1 | pT3to4 | 8 | low_stats
v2 | 1 | cent10to20 | 8 | 1 | pT3to4 | 9 | low_stats
v2 | 1 | cent10to20 | 8 | 1 | pT3to4 | 10 | low_stats
v2 | 1 | cent10to20 | 8 | 1 | pT3to4 | 11 | low_stats
v2 | 1 | cent10to20 | 8 | 1 | pT3to4 | 12 | low_stats
v2 | 1 | cent10to20 | 8 | 1 | pT3to4 | 13 | low_stats
v2 | 1 | cent10to20 | 8 | 1 | pT3to4 | 14 | low_stats
v2 | 1 | cent10to20 | 8 | 1 | pT3to4 | 22 | low_sigma | MID | sigma=0.253167
v2 | 1 | cent10to20 | 8 | 1 | pT3to4 | 27 | low_stats
v2 | 1 | cent10to20 | 8 | 1 | pT3to4 | 28 | low_stats
v2 | 1 | cent10to20 | 8 | 1 | pT3to4 | 29 | low_stats
v2 | 1 | cent10to20 | 8 | 1 | pT3to4 | 30 | low_stats
v2 | 1 | cent10to20 | 8 | 1 | pT3to4 | 31 | low_stats
v2 | 1 | cent10to20 | 8 | 1 | pT3to4 | 32 | low_stats
v2 | 1 | cent10to20 | 8 | 1 | pT3to4 | 33 | low_stats
v2 | 1 | cent10to20 | 8 | 1 | pT3to4 | 34 | low_stats
v2 | 1 | cent10to20 | 8 | 1 | pT3to4 | 35 | low_stats
v2 | 1 | cent10to20 | 8 | 1 | pT3to4 | 36 | low_stats
v2 | 1 | cent10to20 | 8 | 1 | pT3to4 | 37 | low_stats
v2 | 1 | cent10to20 | 8 | 1 | pT3to4 | 38 | low_stats
v2 | 1 | cent10to20 | 8 | 1 | pT3to4 | 39 | low_stats
v2 | 1 | cent10to20 | 8 | 1 | pT3to4 | 40 | low_stats
v2 | 1 | cent10to20 | 8 | 1 | pT3to4 | 41 | low_stats
v2 | 1 | cent10to20 | 9 | 1 | pT3to4 | 0 | low_stats
v2 | 1 | cent10to20 | 9 | 1 | pT3to4 | 1 | low_stats
v2 | 1 | cent10to20 | 9 | 1 | pT3to4 | 2 | low_stats
v2 | 1 | cent10to20 | 9 | 1 | pT3to4 | 3 | low_stats
v2 | 1 | cent10to20 | 9 | 1 | pT3to4 | 4 | low_stats
v2 | 1 | cent10to20 | 9 | 1 | pT3to4 | 5 | low_stats
v2 | 1 | cent10to20 | 9 | 1 | pT3to4 | 6 | low_stats
v2 | 1 | cent10to20 | 9 | 1 | pT3to4 | 7 | low_stats
v2 | 1 | cent10to20 | 9 | 1 | pT3to4 | 8 | low_stats
v2 | 1 | cent10to20 | 9 | 1 | pT3to4 | 9 | low_stats
v2 | 1 | cent10to20 | 9 | 1 | pT3to4 | 10 | low_stats
v2 | 1 | cent10to20 | 9 | 1 | pT3to4 | 11 | low_stats
v2 | 1 | cent10to20 | 9 | 1 | pT3to4 | 12 | low_stats
v2 | 1 | cent10to20 | 9 | 1 | pT3to4 | 13 | low_stats
v2 | 1 | cent10to20 | 9 | 1 | pT3to4 | 14 | low_stats
v2 | 1 | cent10to20 | 9 | 1 | pT3to4 | 16 | neg_yield | MID | sigma=-10
v2 | 1 | cent10to20 | 9 | 1 | pT3to4 | 19 | neg_yield | MID | sigma=-10
v2 | 1 | cent10to20 | 9 | 1 | pT3to4 | 22 | neg_yield | MID | sigma=-10
v2 | 1 | cent10to20 | 9 | 1 | pT3to4 | 27 | low_stats
v2 | 1 | cent10to20 | 9 | 1 | pT3to4 | 28 | low_stats
v2 | 1 | cent10to20 | 9 | 1 | pT3to4 | 29 | low_stats
v2 | 1 | cent10to20 | 9 | 1 | pT3to4 | 30 | low_stats
v2 | 1 | cent10to20 | 9 | 1 | pT3to4 | 31 | low_stats
v2 | 1 | cent10to20 | 9 | 1 | pT3to4 | 32 | low_stats
v2 | 1 | cent10to20 | 9 | 1 | pT3to4 | 33 | low_stats
v2 | 1 | cent10to20 | 9 | 1 | pT3to4 | 34 | low_stats
v2 | 1 | cent10to20 | 9 | 1 | pT3to4 | 35 | low_stats
v2 | 1 | cent10to20 | 9 | 1 | pT3to4 | 36 | low_stats
v2 | 1 | cent10to20 | 9 | 1 | pT3to4 | 37 | low_stats
v2 | 1 | cent10to20 | 9 | 1 | pT3to4 | 38 | low_stats
v2 | 1 | cent10to20 | 9 | 1 | pT3to4 | 39 | low_stats
v2 | 1 | cent10to20 | 9 | 1 | pT3to4 | 40 | low_stats
v2 | 1 | cent10to20 | 9 | 1 | pT3to4 | 41 | low_stats
v2 | 1 | cent10to20 | 10 | 1 | pT3to4 | 0 | low_stats
v2 | 1 | cent10to20 | 10 | 1 | pT3to4 | 1 | low_stats
v2 | 1 | cent10to20 | 10 | 1 | pT3to4 | 2 | low_stats
v2 | 1 | cent10to20 | 10 | 1 | pT3to4 | 3 | low_stats
v2 | 1 | cent10to20 | 10 | 1 | pT3to4 | 4 | low_stats
v2 | 1 | cent10to20 | 10 | 1 | pT3to4 | 5 | low_stats
v2 | 1 | cent10to20 | 10 | 1 | pT3to4 | 6 | low_stats
v2 | 1 | cent10to20 | 10 | 1 | pT3to4 | 7 | low_stats
v2 | 1 | cent10to20 | 10 | 1 | pT3to4 | 8 | low_stats
v2 | 1 | cent10to20 | 10 | 1 | pT3to4 | 9 | low_stats
v2 | 1 | cent10to20 | 10 | 1 | pT3to4 | 10 | low_stats
v2 | 1 | cent10to20 | 10 | 1 | pT3to4 | 11 | low_stats
v2 | 1 | cent10to20 | 10 | 1 | pT3to4 | 12 | low_stats
v2 | 1 | cent10to20 | 10 | 1 | pT3to4 | 13 | low_stats
v2 | 1 | cent10to20 | 10 | 1 | pT3to4 | 14 | low_stats
v2 | 1 | cent10to20 | 10 | 1 | pT3to4 | 15 | low_stats
v2 | 1 | cent10to20 | 10 | 1 | pT3to4 | 16 | low_sigma | MID | sigma=0.806676
v2 | 1 | cent10to20 | 10 | 1 | pT3to4 | 19 | low_sigma | MID | sigma=0.898734
v2 | 1 | cent10to20 | 10 | 1 | pT3to4 | 21 | neg_yield | MID | sigma=-10
v2 | 1 | cent10to20 | 10 | 1 | pT3to4 | 25 | neg_yield | MID | sigma=-10
v2 | 1 | cent10to20 | 10 | 1 | pT3to4 | 27 | low_stats
v2 | 1 | cent10to20 | 10 | 1 | pT3to4 | 28 | low_stats
v2 | 1 | cent10to20 | 10 | 1 | pT3to4 | 29 | low_stats
v2 | 1 | cent10to20 | 10 | 1 | pT3to4 | 30 | low_stats
v2 | 1 | cent10to20 | 10 | 1 | pT3to4 | 31 | low_stats
v2 | 1 | cent10to20 | 10 | 1 | pT3to4 | 32 | low_stats
v2 | 1 | cent10to20 | 10 | 1 | pT3to4 | 33 | low_stats
v2 | 1 | cent10to20 | 10 | 1 | pT3to4 | 34 | low_stats
v2 | 1 | cent10to20 | 10 | 1 | pT3to4 | 35 | low_stats
v2 | 1 | cent10to20 | 10 | 1 | pT3to4 | 36 | low_stats
v2 | 1 | cent10to20 | 10 | 1 | pT3to4 | 37 | low_stats
v2 | 1 | cent10to20 | 10 | 1 | pT3to4 | 38 | low_stats
v2 | 1 | cent10to20 | 10 | 1 | pT3to4 | 39 | low_stats
v2 | 1 | cent10to20 | 10 | 1 | pT3to4 | 40 | low_stats
v2 | 1 | cent10to20 | 10 | 1 | pT3to4 | 41 | low_stats
v2 | 1 | cent10to20 | 11 | 1 | pT3to4 | 0 | low_stats
v2 | 1 | cent10to20 | 11 | 1 | pT3to4 | 1 | low_stats
v2 | 1 | cent10to20 | 11 | 1 | pT3to4 | 2 | low_stats
v2 | 1 | cent10to20 | 11 | 1 | pT3to4 | 3 | low_stats
v2 | 1 | cent10to20 | 11 | 1 | pT3to4 | 4 | low_stats
v2 | 1 | cent10to20 | 11 | 1 | pT3to4 | 5 | low_stats
v2 | 1 | cent10to20 | 11 | 1 | pT3to4 | 6 | low_stats
v2 | 1 | cent10to20 | 11 | 1 | pT3to4 | 7 | low_stats
v2 | 1 | cent10to20 | 11 | 1 | pT3to4 | 8 | low_stats
v2 | 1 | cent10to20 | 11 | 1 | pT3to4 | 9 | low_stats
v2 | 1 | cent10to20 | 11 | 1 | pT3to4 | 10 | low_stats
v2 | 1 | cent10to20 | 11 | 1 | pT3to4 | 11 | low_stats
v2 | 1 | cent10to20 | 11 | 1 | pT3to4 | 12 | low_stats
v2 | 1 | cent10to20 | 11 | 1 | pT3to4 | 13 | low_stats
v2 | 1 | cent10to20 | 11 | 1 | pT3to4 | 14 | low_stats
v2 | 1 | cent10to20 | 11 | 1 | pT3to4 | 15 | low_stats
v2 | 1 | cent10to20 | 11 | 1 | pT3to4 | 16 | low_sigma | MID | sigma=0.973441
v2 | 1 | cent10to20 | 11 | 1 | pT3to4 | 18 | low_sigma | MID | sigma=0.746768
v2 | 1 | cent10to20 | 11 | 1 | pT3to4 | 23 | low_sigma | MID | sigma=0.830806
v2 | 1 | cent10to20 | 11 | 1 | pT3to4 | 26 | neg_yield | MID | sigma=-10
v2 | 1 | cent10to20 | 11 | 1 | pT3to4 | 27 | low_stats
v2 | 1 | cent10to20 | 11 | 1 | pT3to4 | 28 | low_stats
v2 | 1 | cent10to20 | 11 | 1 | pT3to4 | 29 | low_stats
v2 | 1 | cent10to20 | 11 | 1 | pT3to4 | 30 | low_stats
v2 | 1 | cent10to20 | 11 | 1 | pT3to4 | 31 | low_stats
v2 | 1 | cent10to20 | 11 | 1 | pT3to4 | 32 | low_stats
v2 | 1 | cent10to20 | 11 | 1 | pT3to4 | 33 | low_stats
v2 | 1 | cent10to20 | 11 | 1 | pT3to4 | 34 | low_stats
v2 | 1 | cent10to20 | 11 | 1 | pT3to4 | 35 | low_stats
v2 | 1 | cent10to20 | 11 | 1 | pT3to4 | 36 | low_stats
v2 | 1 | cent10to20 | 11 | 1 | pT3to4 | 37 | low_stats
v2 | 1 | cent10to20 | 11 | 1 | pT3to4 | 38 | low_stats
v2 | 1 | cent10to20 | 11 | 1 | pT3to4 | 39 | low_stats
v2 | 1 | cent10to20 | 11 | 1 | pT3to4 | 40 | low_stats
v2 | 1 | cent10to20 | 11 | 1 | pT3to4 | 41 | low_stats
v2 | 1 | cent10to20 | 0 | 2 | pT4to5 | 0 | low_stats
v2 | 1 | cent10to20 | 0 | 2 | pT4to5 | 1 | low_stats
v2 | 1 | cent10to20 | 0 | 2 | pT4to5 | 2 | low_stats
v2 | 1 | cent10to20 | 0 | 2 | pT4to5 | 3 | low_stats
v2 | 1 | cent10to20 | 0 | 2 | pT4to5 | 4 | low_stats
v2 | 1 | cent10to20 | 0 | 2 | pT4to5 | 5 | low_stats
v2 | 1 | cent10to20 | 0 | 2 | pT4to5 | 6 | low_stats
v2 | 1 | cent10to20 | 0 | 2 | pT4to5 | 7 | low_stats
v2 | 1 | cent10to20 | 0 | 2 | pT4to5 | 8 | low_stats
v2 | 1 | cent10to20 | 0 | 2 | pT4to5 | 9 | low_stats
v2 | 1 | cent10to20 | 0 | 2 | pT4to5 | 10 | low_stats
v2 | 1 | cent10to20 | 0 | 2 | pT4to5 | 11 | low_stats
v2 | 1 | cent10to20 | 0 | 2 | pT4to5 | 12 | low_stats
v2 | 1 | cent10to20 | 0 | 2 | pT4to5 | 13 | low_stats
v2 | 1 | cent10to20 | 0 | 2 | pT4to5 | 14 | low_stats
v2 | 1 | cent10to20 | 0 | 2 | pT4to5 | 15 | low_stats
v2 | 1 | cent10to20 | 0 | 2 | pT4to5 | 16 | low_stats
v2 | 1 | cent10to20 | 0 | 2 | pT4to5 | 17 | low_stats
v2 | 1 | cent10to20 | 0 | 2 | pT4to5 | 18 | low_stats
v2 | 1 | cent10to20 | 0 | 2 | pT4to5 | 19 | low_stats
v2 | 1 | cent10to20 | 0 | 2 | pT4to5 | 20 | low_stats
v2 | 1 | cent10to20 | 0 | 2 | pT4to5 | 21 | low_stats
v2 | 1 | cent10to20 | 0 | 2 | pT4to5 | 22 | low_stats
v2 | 1 | cent10to20 | 0 | 2 | pT4to5 | 23 | low_stats
v2 | 1 | cent10to20 | 0 | 2 | pT4to5 | 24 | low_stats
v2 | 1 | cent10to20 | 0 | 2 | pT4to5 | 25 | low_stats
v2 | 1 | cent10to20 | 0 | 2 | pT4to5 | 26 | low_stats
v2 | 1 | cent10to20 | 0 | 2 | pT4to5 | 27 | low_stats
v2 | 1 | cent10to20 | 0 | 2 | pT4to5 | 28 | low_stats
v2 | 1 | cent10to20 | 0 | 2 | pT4to5 | 29 | low_stats
v2 | 1 | cent10to20 | 0 | 2 | pT4to5 | 30 | low_stats
v2 | 1 | cent10to20 | 0 | 2 | pT4to5 | 31 | low_stats
v2 | 1 | cent10to20 | 0 | 2 | pT4to5 | 32 | low_stats
v2 | 1 | cent10to20 | 0 | 2 | pT4to5 | 33 | low_stats
v2 | 1 | cent10to20 | 0 | 2 | pT4to5 | 34 | low_stats
v2 | 1 | cent10to20 | 0 | 2 | pT4to5 | 35 | low_stats
v2 | 1 | cent10to20 | 0 | 2 | pT4to5 | 36 | low_stats
v2 | 1 | cent10to20 | 0 | 2 | pT4to5 | 37 | low_stats
v2 | 1 | cent10to20 | 0 | 2 | pT4to5 | 38 | low_stats
v2 | 1 | cent10to20 | 0 | 2 | pT4to5 | 39 | low_stats
v2 | 1 | cent10to20 | 0 | 2 | pT4to5 | 40 | low_stats
v2 | 1 | cent10to20 | 0 | 2 | pT4to5 | 41 | low_stats
v2 | 1 | cent10to20 | 1 | 2 | pT4to5 | 0 | low_stats
v2 | 1 | cent10to20 | 1 | 2 | pT4to5 | 1 | low_stats
v2 | 1 | cent10to20 | 1 | 2 | pT4to5 | 2 | low_stats
v2 | 1 | cent10to20 | 1 | 2 | pT4to5 | 3 | low_stats
v2 | 1 | cent10to20 | 1 | 2 | pT4to5 | 4 | low_stats
v2 | 1 | cent10to20 | 1 | 2 | pT4to5 | 5 | low_stats
v2 | 1 | cent10to20 | 1 | 2 | pT4to5 | 6 | low_stats
v2 | 1 | cent10to20 | 1 | 2 | pT4to5 | 7 | low_stats
v2 | 1 | cent10to20 | 1 | 2 | pT4to5 | 8 | low_stats
v2 | 1 | cent10to20 | 1 | 2 | pT4to5 | 9 | low_stats
v2 | 1 | cent10to20 | 1 | 2 | pT4to5 | 10 | low_stats
v2 | 1 | cent10to20 | 1 | 2 | pT4to5 | 11 | low_stats
v2 | 1 | cent10to20 | 1 | 2 | pT4to5 | 12 | low_stats
v2 | 1 | cent10to20 | 1 | 2 | pT4to5 | 13 | low_stats
v2 | 1 | cent10to20 | 1 | 2 | pT4to5 | 14 | low_stats
v2 | 1 | cent10to20 | 1 | 2 | pT4to5 | 15 | low_stats
v2 | 1 | cent10to20 | 1 | 2 | pT4to5 | 16 | low_stats
v2 | 1 | cent10to20 | 1 | 2 | pT4to5 | 17 | low_stats
v2 | 1 | cent10to20 | 1 | 2 | pT4to5 | 18 | low_stats
v2 | 1 | cent10to20 | 1 | 2 | pT4to5 | 19 | low_stats
v2 | 1 | cent10to20 | 1 | 2 | pT4to5 | 20 | low_stats
v2 | 1 | cent10to20 | 1 | 2 | pT4to5 | 21 | low_stats
v2 | 1 | cent10to20 | 1 | 2 | pT4to5 | 22 | low_stats
v2 | 1 | cent10to20 | 1 | 2 | pT4to5 | 23 | low_stats
v2 | 1 | cent10to20 | 1 | 2 | pT4to5 | 24 | low_stats
v2 | 1 | cent10to20 | 1 | 2 | pT4to5 | 25 | low_stats
v2 | 1 | cent10to20 | 1 | 2 | pT4to5 | 26 | low_stats
v2 | 1 | cent10to20 | 1 | 2 | pT4to5 | 27 | low_stats
v2 | 1 | cent10to20 | 1 | 2 | pT4to5 | 28 | low_stats
v2 | 1 | cent10to20 | 1 | 2 | pT4to5 | 29 | low_stats
v2 | 1 | cent10to20 | 1 | 2 | pT4to5 | 30 | low_stats
v2 | 1 | cent10to20 | 1 | 2 | pT4to5 | 31 | low_stats
v2 | 1 | cent10to20 | 1 | 2 | pT4to5 | 32 | low_stats
v2 | 1 | cent10to20 | 1 | 2 | pT4to5 | 33 | low_stats
v2 | 1 | cent10to20 | 1 | 2 | pT4to5 | 34 | low_stats
v2 | 1 | cent10to20 | 1 | 2 | pT4to5 | 35 | low_stats
v2 | 1 | cent10to20 | 1 | 2 | pT4to5 | 36 | low_stats
v2 | 1 | cent10to20 | 1 | 2 | pT4to5 | 37 | low_stats
v2 | 1 | cent10to20 | 1 | 2 | pT4to5 | 38 | low_stats
v2 | 1 | cent10to20 | 1 | 2 | pT4to5 | 39 | low_stats
v2 | 1 | cent10to20 | 1 | 2 | pT4to5 | 40 | low_stats
v2 | 1 | cent10to20 | 1 | 2 | pT4to5 | 41 | low_stats
v2 | 1 | cent10to20 | 2 | 2 | pT4to5 | 0 | low_stats
v2 | 1 | cent10to20 | 2 | 2 | pT4to5 | 1 | low_stats
v2 | 1 | cent10to20 | 2 | 2 | pT4to5 | 2 | low_stats
v2 | 1 | cent10to20 | 2 | 2 | pT4to5 | 3 | low_stats
v2 | 1 | cent10to20 | 2 | 2 | pT4to5 | 4 | low_stats
v2 | 1 | cent10to20 | 2 | 2 | pT4to5 | 5 | low_stats
v2 | 1 | cent10to20 | 2 | 2 | pT4to5 | 6 | low_stats
v2 | 1 | cent10to20 | 2 | 2 | pT4to5 | 7 | low_stats
v2 | 1 | cent10to20 | 2 | 2 | pT4to5 | 8 | low_stats
v2 | 1 | cent10to20 | 2 | 2 | pT4to5 | 9 | low_stats
v2 | 1 | cent10to20 | 2 | 2 | pT4to5 | 10 | low_stats
v2 | 1 | cent10to20 | 2 | 2 | pT4to5 | 11 | low_stats
v2 | 1 | cent10to20 | 2 | 2 | pT4to5 | 12 | low_stats
v2 | 1 | cent10to20 | 2 | 2 | pT4to5 | 13 | low_stats
v2 | 1 | cent10to20 | 2 | 2 | pT4to5 | 14 | low_sigma | MID | sigma=0.945088
v2 | 1 | cent10to20 | 2 | 2 | pT4to5 | 15 | low_stats
v2 | 1 | cent10to20 | 2 | 2 | pT4to5 | 16 | low_sigma | MID | sigma=0.922635
v2 | 1 | cent10to20 | 2 | 2 | pT4to5 | 19 | neg_yield | MID | sigma=-10
v2 | 1 | cent10to20 | 2 | 2 | pT4to5 | 20 | low_sigma | MID | sigma=0.966264
v2 | 1 | cent10to20 | 2 | 2 | pT4to5 | 22 | low_sigma | MID | sigma=0.38864
v2 | 1 | cent10to20 | 2 | 2 | pT4to5 | 23 | neg_yield | MID | sigma=-10
v2 | 1 | cent10to20 | 2 | 2 | pT4to5 | 25 | low_sigma | MID | sigma=0.37885
v2 | 1 | cent10to20 | 2 | 2 | pT4to5 | 27 | low_stats
v2 | 1 | cent10to20 | 2 | 2 | pT4to5 | 28 | neg_yield | MID | sigma=-10
v2 | 1 | cent10to20 | 2 | 2 | pT4to5 | 29 | low_stats
v2 | 1 | cent10to20 | 2 | 2 | pT4to5 | 30 | low_stats
v2 | 1 | cent10to20 | 2 | 2 | pT4to5 | 31 | low_stats
v2 | 1 | cent10to20 | 2 | 2 | pT4to5 | 32 | low_stats
v2 | 1 | cent10to20 | 2 | 2 | pT4to5 | 33 | low_stats
v2 | 1 | cent10to20 | 2 | 2 | pT4to5 | 34 | low_stats
v2 | 1 | cent10to20 | 2 | 2 | pT4to5 | 35 | low_stats
v2 | 1 | cent10to20 | 2 | 2 | pT4to5 | 36 | low_stats
v2 | 1 | cent10to20 | 2 | 2 | pT4to5 | 37 | low_stats
v2 | 1 | cent10to20 | 2 | 2 | pT4to5 | 38 | low_stats
v2 | 1 | cent10to20 | 2 | 2 | pT4to5 | 39 | low_stats
v2 | 1 | cent10to20 | 2 | 2 | pT4to5 | 40 | low_stats
v2 | 1 | cent10to20 | 2 | 2 | pT4to5 | 41 | low_stats
v2 | 1 | cent10to20 | 3 | 2 | pT4to5 | 0 | low_stats
v2 | 1 | cent10to20 | 3 | 2 | pT4to5 | 1 | low_stats
v2 | 1 | cent10to20 | 3 | 2 | pT4to5 | 2 | low_stats
v2 | 1 | cent10to20 | 3 | 2 | pT4to5 | 3 | low_stats
v2 | 1 | cent10to20 | 3 | 2 | pT4to5 | 4 | low_stats
v2 | 1 | cent10to20 | 3 | 2 | pT4to5 | 5 | low_stats
v2 | 1 | cent10to20 | 3 | 2 | pT4to5 | 6 | low_stats
v2 | 1 | cent10to20 | 3 | 2 | pT4to5 | 7 | low_stats
v2 | 1 | cent10to20 | 3 | 2 | pT4to5 | 8 | low_stats
v2 | 1 | cent10to20 | 3 | 2 | pT4to5 | 9 | low_stats
v2 | 1 | cent10to20 | 3 | 2 | pT4to5 | 10 | low_stats
v2 | 1 | cent10to20 | 3 | 2 | pT4to5 | 11 | low_stats
v2 | 1 | cent10to20 | 3 | 2 | pT4to5 | 12 | low_stats
v2 | 1 | cent10to20 | 3 | 2 | pT4to5 | 13 | low_stats
v2 | 1 | cent10to20 | 3 | 2 | pT4to5 | 20 | neg_yield | MID | sigma=-10
v2 | 1 | cent10to20 | 3 | 2 | pT4to5 | 25 | low_sigma | MID | sigma=0.745938
v2 | 1 | cent10to20 | 3 | 2 | pT4to5 | 26 | low_sigma | MID | sigma=0.389313
v2 | 1 | cent10to20 | 3 | 2 | pT4to5 | 27 | neg_yield | MID | sigma=-10
v2 | 1 | cent10to20 | 3 | 2 | pT4to5 | 28 | low_stats
v2 | 1 | cent10to20 | 3 | 2 | pT4to5 | 29 | low_stats
v2 | 1 | cent10to20 | 3 | 2 | pT4to5 | 30 | low_stats
v2 | 1 | cent10to20 | 3 | 2 | pT4to5 | 31 | low_stats
v2 | 1 | cent10to20 | 3 | 2 | pT4to5 | 32 | low_stats
v2 | 1 | cent10to20 | 3 | 2 | pT4to5 | 33 | low_stats
v2 | 1 | cent10to20 | 3 | 2 | pT4to5 | 34 | low_stats
v2 | 1 | cent10to20 | 3 | 2 | pT4to5 | 35 | low_stats
v2 | 1 | cent10to20 | 3 | 2 | pT4to5 | 36 | low_stats
v2 | 1 | cent10to20 | 3 | 2 | pT4to5 | 37 | low_stats
v2 | 1 | cent10to20 | 3 | 2 | pT4to5 | 38 | low_stats
v2 | 1 | cent10to20 | 3 | 2 | pT4to5 | 39 | low_stats
v2 | 1 | cent10to20 | 3 | 2 | pT4to5 | 40 | low_stats
v2 | 1 | cent10to20 | 3 | 2 | pT4to5 | 41 | low_stats
v2 | 1 | cent10to20 | 4 | 2 | pT4to5 | 0 | low_stats
v2 | 1 | cent10to20 | 4 | 2 | pT4to5 | 1 | low_stats
v2 | 1 | cent10to20 | 4 | 2 | pT4to5 | 2 | low_stats
v2 | 1 | cent10to20 | 4 | 2 | pT4to5 | 3 | low_stats
v2 | 1 | cent10to20 | 4 | 2 | pT4to5 | 4 | low_stats
v2 | 1 | cent10to20 | 4 | 2 | pT4to5 | 5 | low_stats
v2 | 1 | cent10to20 | 4 | 2 | pT4to5 | 6 | low_stats
v2 | 1 | cent10to20 | 4 | 2 | pT4to5 | 7 | low_stats
v2 | 1 | cent10to20 | 4 | 2 | pT4to5 | 8 | low_stats
v2 | 1 | cent10to20 | 4 | 2 | pT4to5 | 9 | low_stats
v2 | 1 | cent10to20 | 4 | 2 | pT4to5 | 10 | low_stats
v2 | 1 | cent10to20 | 4 | 2 | pT4to5 | 11 | low_stats
v2 | 1 | cent10to20 | 4 | 2 | pT4to5 | 12 | low_stats
v2 | 1 | cent10to20 | 4 | 2 | pT4to5 | 13 | low_stats
v2 | 1 | cent10to20 | 4 | 2 | pT4to5 | 14 | low_stats
v2 | 1 | cent10to20 | 4 | 2 | pT4to5 | 15 | low_sigma | MID | sigma=0.88168
v2 | 1 | cent10to20 | 4 | 2 | pT4to5 | 16 | low_stats
v2 | 1 | cent10to20 | 4 | 2 | pT4to5 | 19 | low_sigma | MID | sigma=0.89475
v2 | 1 | cent10to20 | 4 | 2 | pT4to5 | 22 | neg_yield | MID | sigma=-10
v2 | 1 | cent10to20 | 4 | 2 | pT4to5 | 26 | neg_yield | MID | sigma=-10
v2 | 1 | cent10to20 | 4 | 2 | pT4to5 | 27 | low_stats
v2 | 1 | cent10to20 | 4 | 2 | pT4to5 | 28 | low_stats
v2 | 1 | cent10to20 | 4 | 2 | pT4to5 | 29 | low_stats
v2 | 1 | cent10to20 | 4 | 2 | pT4to5 | 30 | low_stats
v2 | 1 | cent10to20 | 4 | 2 | pT4to5 | 31 | low_stats
v2 | 1 | cent10to20 | 4 | 2 | pT4to5 | 32 | low_stats
v2 | 1 | cent10to20 | 4 | 2 | pT4to5 | 33 | low_stats
v2 | 1 | cent10to20 | 4 | 2 | pT4to5 | 34 | low_stats
v2 | 1 | cent10to20 | 4 | 2 | pT4to5 | 35 | low_stats
v2 | 1 | cent10to20 | 4 | 2 | pT4to5 | 36 | low_stats
v2 | 1 | cent10to20 | 4 | 2 | pT4to5 | 37 | low_stats
v2 | 1 | cent10to20 | 4 | 2 | pT4to5 | 38 | low_stats
v2 | 1 | cent10to20 | 4 | 2 | pT4to5 | 39 | low_stats
v2 | 1 | cent10to20 | 4 | 2 | pT4to5 | 40 | low_stats
v2 | 1 | cent10to20 | 4 | 2 | pT4to5 | 41 | low_stats
v2 | 1 | cent10to20 | 5 | 2 | pT4to5 | 0 | low_stats
v2 | 1 | cent10to20 | 5 | 2 | pT4to5 | 1 | low_stats
v2 | 1 | cent10to20 | 5 | 2 | pT4to5 | 2 | low_stats
v2 | 1 | cent10to20 | 5 | 2 | pT4to5 | 3 | low_stats
v2 | 1 | cent10to20 | 5 | 2 | pT4to5 | 4 | low_stats
v2 | 1 | cent10to20 | 5 | 2 | pT4to5 | 5 | low_stats
v2 | 1 | cent10to20 | 5 | 2 | pT4to5 | 6 | low_stats
v2 | 1 | cent10to20 | 5 | 2 | pT4to5 | 7 | low_stats
v2 | 1 | cent10to20 | 5 | 2 | pT4to5 | 8 | low_stats
v2 | 1 | cent10to20 | 5 | 2 | pT4to5 | 9 | low_stats
v2 | 1 | cent10to20 | 5 | 2 | pT4to5 | 10 | low_stats
v2 | 1 | cent10to20 | 5 | 2 | pT4to5 | 11 | low_stats
v2 | 1 | cent10to20 | 5 | 2 | pT4to5 | 12 | low_stats
v2 | 1 | cent10to20 | 5 | 2 | pT4to5 | 13 | low_stats
v2 | 1 | cent10to20 | 5 | 2 | pT4to5 | 14 | low_stats
v2 | 1 | cent10to20 | 5 | 2 | pT4to5 | 15 | low_stats
v2 | 1 | cent10to20 | 5 | 2 | pT4to5 | 16 | low_sigma | MID | sigma=0.809781
v2 | 1 | cent10to20 | 5 | 2 | pT4to5 | 17 | low_sigma | MID | sigma=0.705948
v2 | 1 | cent10to20 | 5 | 2 | pT4to5 | 20 | low_sigma | MID | sigma=0.819487
v2 | 1 | cent10to20 | 5 | 2 | pT4to5 | 22 | neg_yield | MID | sigma=-10
v2 | 1 | cent10to20 | 5 | 2 | pT4to5 | 27 | low_stats
v2 | 1 | cent10to20 | 5 | 2 | pT4to5 | 28 | low_stats
v2 | 1 | cent10to20 | 5 | 2 | pT4to5 | 29 | low_stats
v2 | 1 | cent10to20 | 5 | 2 | pT4to5 | 30 | low_stats
v2 | 1 | cent10to20 | 5 | 2 | pT4to5 | 31 | low_stats
v2 | 1 | cent10to20 | 5 | 2 | pT4to5 | 32 | low_stats
v2 | 1 | cent10to20 | 5 | 2 | pT4to5 | 33 | low_stats
v2 | 1 | cent10to20 | 5 | 2 | pT4to5 | 34 | low_stats
v2 | 1 | cent10to20 | 5 | 2 | pT4to5 | 35 | low_stats
v2 | 1 | cent10to20 | 5 | 2 | pT4to5 | 36 | low_stats
v2 | 1 | cent10to20 | 5 | 2 | pT4to5 | 37 | low_stats
v2 | 1 | cent10to20 | 5 | 2 | pT4to5 | 38 | low_stats
v2 | 1 | cent10to20 | 5 | 2 | pT4to5 | 39 | low_stats
v2 | 1 | cent10to20 | 5 | 2 | pT4to5 | 40 | low_stats
v2 | 1 | cent10to20 | 5 | 2 | pT4to5 | 41 | low_stats
v2 | 1 | cent10to20 | 6 | 2 | pT4to5 | 0 | low_stats
v2 | 1 | cent10to20 | 6 | 2 | pT4to5 | 1 | low_stats
v2 | 1 | cent10to20 | 6 | 2 | pT4to5 | 2 | low_stats
v2 | 1 | cent10to20 | 6 | 2 | pT4to5 | 3 | low_stats
v2 | 1 | cent10to20 | 6 | 2 | pT4to5 | 4 | low_stats
v2 | 1 | cent10to20 | 6 | 2 | pT4to5 | 5 | low_stats
v2 | 1 | cent10to20 | 6 | 2 | pT4to5 | 6 | low_stats
v2 | 1 | cent10to20 | 6 | 2 | pT4to5 | 7 | low_stats
v2 | 1 | cent10to20 | 6 | 2 | pT4to5 | 8 | low_stats
v2 | 1 | cent10to20 | 6 | 2 | pT4to5 | 9 | low_stats
v2 | 1 | cent10to20 | 6 | 2 | pT4to5 | 10 | low_stats
v2 | 1 | cent10to20 | 6 | 2 | pT4to5 | 11 | low_stats
v2 | 1 | cent10to20 | 6 | 2 | pT4to5 | 12 | low_stats
v2 | 1 | cent10to20 | 6 | 2 | pT4to5 | 13 | low_stats
v2 | 1 | cent10to20 | 6 | 2 | pT4to5 | 14 | low_stats
v2 | 1 | cent10to20 | 6 | 2 | pT4to5 | 15 | low_sigma | MID | sigma=0.924424
v2 | 1 | cent10to20 | 6 | 2 | pT4to5 | 19 | low_sigma | MID | sigma=0.365524
v2 | 1 | cent10to20 | 6 | 2 | pT4to5 | 20 | neg_yield | MID | sigma=-10
v2 | 1 | cent10to20 | 6 | 2 | pT4to5 | 26 | neg_yield | MID | sigma=-10
v2 | 1 | cent10to20 | 6 | 2 | pT4to5 | 27 | low_stats
v2 | 1 | cent10to20 | 6 | 2 | pT4to5 | 28 | low_stats
v2 | 1 | cent10to20 | 6 | 2 | pT4to5 | 29 | low_stats
v2 | 1 | cent10to20 | 6 | 2 | pT4to5 | 30 | low_stats
v2 | 1 | cent10to20 | 6 | 2 | pT4to5 | 31 | low_stats
v2 | 1 | cent10to20 | 6 | 2 | pT4to5 | 32 | low_stats
v2 | 1 | cent10to20 | 6 | 2 | pT4to5 | 33 | low_stats
v2 | 1 | cent10to20 | 6 | 2 | pT4to5 | 34 | low_stats
v2 | 1 | cent10to20 | 6 | 2 | pT4to5 | 35 | low_stats
v2 | 1 | cent10to20 | 6 | 2 | pT4to5 | 36 | low_stats
v2 | 1 | cent10to20 | 6 | 2 | pT4to5 | 37 | low_stats
v2 | 1 | cent10to20 | 6 | 2 | pT4to5 | 38 | low_stats
v2 | 1 | cent10to20 | 6 | 2 | pT4to5 | 39 | low_stats
v2 | 1 | cent10to20 | 6 | 2 | pT4to5 | 40 | low_stats
v2 | 1 | cent10to20 | 6 | 2 | pT4to5 | 41 | low_stats
v2 | 1 | cent10to20 | 7 | 2 | pT4to5 | 0 | low_stats
v2 | 1 | cent10to20 | 7 | 2 | pT4to5 | 1 | low_stats
v2 | 1 | cent10to20 | 7 | 2 | pT4to5 | 2 | low_stats
v2 | 1 | cent10to20 | 7 | 2 | pT4to5 | 3 | low_stats
v2 | 1 | cent10to20 | 7 | 2 | pT4to5 | 4 | low_stats
v2 | 1 | cent10to20 | 7 | 2 | pT4to5 | 5 | low_stats
v2 | 1 | cent10to20 | 7 | 2 | pT4to5 | 6 | low_stats
v2 | 1 | cent10to20 | 7 | 2 | pT4to5 | 7 | low_stats
v2 | 1 | cent10to20 | 7 | 2 | pT4to5 | 8 | low_stats
v2 | 1 | cent10to20 | 7 | 2 | pT4to5 | 9 | low_stats
v2 | 1 | cent10to20 | 7 | 2 | pT4to5 | 10 | low_stats
v2 | 1 | cent10to20 | 7 | 2 | pT4to5 | 11 | low_stats
v2 | 1 | cent10to20 | 7 | 2 | pT4to5 | 12 | low_stats
v2 | 1 | cent10to20 | 7 | 2 | pT4to5 | 13 | low_stats
v2 | 1 | cent10to20 | 7 | 2 | pT4to5 | 14 | low_stats
v2 | 1 | cent10to20 | 7 | 2 | pT4to5 | 15 | low_stats
v2 | 1 | cent10to20 | 7 | 2 | pT4to5 | 20 | low_sigma | MID | sigma=0.499989
v2 | 1 | cent10to20 | 7 | 2 | pT4to5 | 24 | low_sigma | MID | sigma=0.906273
v2 | 1 | cent10to20 | 7 | 2 | pT4to5 | 26 | low_sigma | MID | sigma=0.847445
v2 | 1 | cent10to20 | 7 | 2 | pT4to5 | 27 | low_stats
v2 | 1 | cent10to20 | 7 | 2 | pT4to5 | 28 | low_stats
v2 | 1 | cent10to20 | 7 | 2 | pT4to5 | 29 | low_stats
v2 | 1 | cent10to20 | 7 | 2 | pT4to5 | 30 | low_stats
v2 | 1 | cent10to20 | 7 | 2 | pT4to5 | 31 | low_stats
v2 | 1 | cent10to20 | 7 | 2 | pT4to5 | 32 | low_stats
v2 | 1 | cent10to20 | 7 | 2 | pT4to5 | 33 | low_stats
v2 | 1 | cent10to20 | 7 | 2 | pT4to5 | 34 | low_stats
v2 | 1 | cent10to20 | 7 | 2 | pT4to5 | 35 | low_stats
v2 | 1 | cent10to20 | 7 | 2 | pT4to5 | 36 | low_stats
v2 | 1 | cent10to20 | 7 | 2 | pT4to5 | 37 | low_stats
v2 | 1 | cent10to20 | 7 | 2 | pT4to5 | 38 | low_stats
v2 | 1 | cent10to20 | 7 | 2 | pT4to5 | 39 | low_stats
v2 | 1 | cent10to20 | 7 | 2 | pT4to5 | 40 | low_stats
v2 | 1 | cent10to20 | 7 | 2 | pT4to5 | 41 | low_stats
v2 | 1 | cent10to20 | 8 | 2 | pT4to5 | 0 | low_stats
v2 | 1 | cent10to20 | 8 | 2 | pT4to5 | 1 | low_stats
v2 | 1 | cent10to20 | 8 | 2 | pT4to5 | 2 | low_stats
v2 | 1 | cent10to20 | 8 | 2 | pT4to5 | 3 | low_stats
v2 | 1 | cent10to20 | 8 | 2 | pT4to5 | 4 | low_stats
v2 | 1 | cent10to20 | 8 | 2 | pT4to5 | 5 | low_stats
v2 | 1 | cent10to20 | 8 | 2 | pT4to5 | 6 | low_stats
v2 | 1 | cent10to20 | 8 | 2 | pT4to5 | 7 | low_stats
v2 | 1 | cent10to20 | 8 | 2 | pT4to5 | 8 | low_stats
v2 | 1 | cent10to20 | 8 | 2 | pT4to5 | 9 | low_stats
v2 | 1 | cent10to20 | 8 | 2 | pT4to5 | 10 | low_stats
v2 | 1 | cent10to20 | 8 | 2 | pT4to5 | 11 | low_stats
v2 | 1 | cent10to20 | 8 | 2 | pT4to5 | 12 | low_stats
v2 | 1 | cent10to20 | 8 | 2 | pT4to5 | 13 | low_stats
v2 | 1 | cent10to20 | 8 | 2 | pT4to5 | 14 | low_stats
v2 | 1 | cent10to20 | 8 | 2 | pT4to5 | 17 | low_sigma | MID | sigma=0.32718
v2 | 1 | cent10to20 | 8 | 2 | pT4to5 | 18 | low_sigma | MID | sigma=0.375711
v2 | 1 | cent10to20 | 8 | 2 | pT4to5 | 20 | neg_yield | MID | sigma=-10
v2 | 1 | cent10to20 | 8 | 2 | pT4to5 | 22 | neg_yield | MID | sigma=-10
v2 | 1 | cent10to20 | 8 | 2 | pT4to5 | 27 | low_stats
v2 | 1 | cent10to20 | 8 | 2 | pT4to5 | 28 | low_stats
v2 | 1 | cent10to20 | 8 | 2 | pT4to5 | 29 | low_stats
v2 | 1 | cent10to20 | 8 | 2 | pT4to5 | 30 | low_stats
v2 | 1 | cent10to20 | 8 | 2 | pT4to5 | 31 | low_stats
v2 | 1 | cent10to20 | 8 | 2 | pT4to5 | 32 | low_stats
v2 | 1 | cent10to20 | 8 | 2 | pT4to5 | 33 | low_stats
v2 | 1 | cent10to20 | 8 | 2 | pT4to5 | 34 | low_stats
v2 | 1 | cent10to20 | 8 | 2 | pT4to5 | 35 | low_stats
v2 | 1 | cent10to20 | 8 | 2 | pT4to5 | 36 | low_stats
v2 | 1 | cent10to20 | 8 | 2 | pT4to5 | 37 | low_stats
v2 | 1 | cent10to20 | 8 | 2 | pT4to5 | 38 | low_stats
v2 | 1 | cent10to20 | 8 | 2 | pT4to5 | 39 | low_stats
v2 | 1 | cent10to20 | 8 | 2 | pT4to5 | 40 | low_stats
v2 | 1 | cent10to20 | 8 | 2 | pT4to5 | 41 | low_stats
v2 | 1 | cent10to20 | 9 | 2 | pT4to5 | 0 | low_stats
v2 | 1 | cent10to20 | 9 | 2 | pT4to5 | 1 | low_stats
v2 | 1 | cent10to20 | 9 | 2 | pT4to5 | 2 | low_stats
v2 | 1 | cent10to20 | 9 | 2 | pT4to5 | 3 | low_stats
v2 | 1 | cent10to20 | 9 | 2 | pT4to5 | 4 | low_stats
v2 | 1 | cent10to20 | 9 | 2 | pT4to5 | 5 | low_stats
v2 | 1 | cent10to20 | 9 | 2 | pT4to5 | 6 | low_stats
v2 | 1 | cent10to20 | 9 | 2 | pT4to5 | 7 | low_stats
v2 | 1 | cent10to20 | 9 | 2 | pT4to5 | 8 | low_stats
v2 | 1 | cent10to20 | 9 | 2 | pT4to5 | 9 | low_stats
v2 | 1 | cent10to20 | 9 | 2 | pT4to5 | 10 | low_stats
v2 | 1 | cent10to20 | 9 | 2 | pT4to5 | 11 | low_stats
v2 | 1 | cent10to20 | 9 | 2 | pT4to5 | 12 | low_stats
v2 | 1 | cent10to20 | 9 | 2 | pT4to5 | 13 | low_stats
v2 | 1 | cent10to20 | 9 | 2 | pT4to5 | 14 | low_stats
v2 | 1 | cent10to20 | 9 | 2 | pT4to5 | 15 | low_stats
v2 | 1 | cent10to20 | 9 | 2 | pT4to5 | 22 | low_sigma | MID | sigma=0.758388
v2 | 1 | cent10to20 | 9 | 2 | pT4to5 | 27 | low_stats
v2 | 1 | cent10to20 | 9 | 2 | pT4to5 | 28 | low_stats
v2 | 1 | cent10to20 | 9 | 2 | pT4to5 | 29 | low_stats
v2 | 1 | cent10to20 | 9 | 2 | pT4to5 | 30 | low_stats
v2 | 1 | cent10to20 | 9 | 2 | pT4to5 | 31 | low_stats
v2 | 1 | cent10to20 | 9 | 2 | pT4to5 | 32 | low_stats
v2 | 1 | cent10to20 | 9 | 2 | pT4to5 | 33 | low_stats
v2 | 1 | cent10to20 | 9 | 2 | pT4to5 | 34 | low_stats
v2 | 1 | cent10to20 | 9 | 2 | pT4to5 | 35 | low_stats
v2 | 1 | cent10to20 | 9 | 2 | pT4to5 | 36 | low_stats
v2 | 1 | cent10to20 | 9 | 2 | pT4to5 | 37 | low_stats
v2 | 1 | cent10to20 | 9 | 2 | pT4to5 | 38 | low_stats
v2 | 1 | cent10to20 | 9 | 2 | pT4to5 | 39 | low_stats
v2 | 1 | cent10to20 | 9 | 2 | pT4to5 | 40 | low_stats
v2 | 1 | cent10to20 | 9 | 2 | pT4to5 | 41 | low_stats
v2 | 1 | cent10to20 | 10 | 2 | pT4to5 | 0 | low_stats
v2 | 1 | cent10to20 | 10 | 2 | pT4to5 | 1 | low_stats
v2 | 1 | cent10to20 | 10 | 2 | pT4to5 | 2 | low_stats
v2 | 1 | cent10to20 | 10 | 2 | pT4to5 | 3 | low_stats
v2 | 1 | cent10to20 | 10 | 2 | pT4to5 | 4 | low_stats
v2 | 1 | cent10to20 | 10 | 2 | pT4to5 | 5 | low_stats
v2 | 1 | cent10to20 | 10 | 2 | pT4to5 | 6 | low_stats
v2 | 1 | cent10to20 | 10 | 2 | pT4to5 | 7 | low_stats
v2 | 1 | cent10to20 | 10 | 2 | pT4to5 | 8 | low_stats
v2 | 1 | cent10to20 | 10 | 2 | pT4to5 | 9 | low_stats
v2 | 1 | cent10to20 | 10 | 2 | pT4to5 | 10 | low_stats
v2 | 1 | cent10to20 | 10 | 2 | pT4to5 | 11 | low_stats
v2 | 1 | cent10to20 | 10 | 2 | pT4to5 | 12 | low_stats
v2 | 1 | cent10to20 | 10 | 2 | pT4to5 | 13 | low_stats
v2 | 1 | cent10to20 | 10 | 2 | pT4to5 | 14 | low_stats
v2 | 1 | cent10to20 | 10 | 2 | pT4to5 | 15 | low_stats
v2 | 1 | cent10to20 | 10 | 2 | pT4to5 | 18 | low_sigma | MID | sigma=0.937944
v2 | 1 | cent10to20 | 10 | 2 | pT4to5 | 19 | low_stats
v2 | 1 | cent10to20 | 10 | 2 | pT4to5 | 20 | neg_yield | MID | sigma=-10
v2 | 1 | cent10to20 | 10 | 2 | pT4to5 | 21 | low_stats
v2 | 1 | cent10to20 | 10 | 2 | pT4to5 | 23 | low_sigma | MID | sigma=0.945176
v2 | 1 | cent10to20 | 10 | 2 | pT4to5 | 24 | low_sigma | MID | sigma=0.206988
v2 | 1 | cent10to20 | 10 | 2 | pT4to5 | 26 | low_stats
v2 | 1 | cent10to20 | 10 | 2 | pT4to5 | 27 | low_stats
v2 | 1 | cent10to20 | 10 | 2 | pT4to5 | 28 | low_stats
v2 | 1 | cent10to20 | 10 | 2 | pT4to5 | 29 | low_stats
v2 | 1 | cent10to20 | 10 | 2 | pT4to5 | 30 | low_stats
v2 | 1 | cent10to20 | 10 | 2 | pT4to5 | 31 | low_stats
v2 | 1 | cent10to20 | 10 | 2 | pT4to5 | 32 | low_stats
v2 | 1 | cent10to20 | 10 | 2 | pT4to5 | 33 | low_stats
v2 | 1 | cent10to20 | 10 | 2 | pT4to5 | 34 | low_stats
v2 | 1 | cent10to20 | 10 | 2 | pT4to5 | 35 | low_stats
v2 | 1 | cent10to20 | 10 | 2 | pT4to5 | 36 | low_stats
v2 | 1 | cent10to20 | 10 | 2 | pT4to5 | 37 | low_stats
v2 | 1 | cent10to20 | 10 | 2 | pT4to5 | 38 | low_stats
v2 | 1 | cent10to20 | 10 | 2 | pT4to5 | 39 | low_stats
v2 | 1 | cent10to20 | 10 | 2 | pT4to5 | 40 | low_stats
v2 | 1 | cent10to20 | 10 | 2 | pT4to5 | 41 | low_stats
v2 | 1 | cent10to20 | 11 | 2 | pT4to5 | 0 | low_stats
v2 | 1 | cent10to20 | 11 | 2 | pT4to5 | 1 | low_stats
v2 | 1 | cent10to20 | 11 | 2 | pT4to5 | 2 | low_stats
v2 | 1 | cent10to20 | 11 | 2 | pT4to5 | 3 | low_stats
v2 | 1 | cent10to20 | 11 | 2 | pT4to5 | 4 | low_stats
v2 | 1 | cent10to20 | 11 | 2 | pT4to5 | 5 | low_stats
v2 | 1 | cent10to20 | 11 | 2 | pT4to5 | 6 | low_stats
v2 | 1 | cent10to20 | 11 | 2 | pT4to5 | 7 | low_stats
v2 | 1 | cent10to20 | 11 | 2 | pT4to5 | 8 | low_stats
v2 | 1 | cent10to20 | 11 | 2 | pT4to5 | 9 | low_stats
v2 | 1 | cent10to20 | 11 | 2 | pT4to5 | 10 | low_stats
v2 | 1 | cent10to20 | 11 | 2 | pT4to5 | 11 | low_stats
v2 | 1 | cent10to20 | 11 | 2 | pT4to5 | 12 | low_stats
v2 | 1 | cent10to20 | 11 | 2 | pT4to5 | 13 | low_stats
v2 | 1 | cent10to20 | 11 | 2 | pT4to5 | 14 | low_stats
v2 | 1 | cent10to20 | 11 | 2 | pT4to5 | 15 | low_stats
v2 | 1 | cent10to20 | 11 | 2 | pT4to5 | 16 | low_stats
v2 | 1 | cent10to20 | 11 | 2 | pT4to5 | 19 | low_stats
v2 | 1 | cent10to20 | 11 | 2 | pT4to5 | 20 | low_stats
v2 | 1 | cent10to20 | 11 | 2 | pT4to5 | 21 | low_stats
v2 | 1 | cent10to20 | 11 | 2 | pT4to5 | 23 | neg_yield | MID | sigma=-10
v2 | 1 | cent10to20 | 11 | 2 | pT4to5 | 26 | low_stats
v2 | 1 | cent10to20 | 11 | 2 | pT4to5 | 27 | low_stats
v2 | 1 | cent10to20 | 11 | 2 | pT4to5 | 28 | low_stats
v2 | 1 | cent10to20 | 11 | 2 | pT4to5 | 29 | low_stats
v2 | 1 | cent10to20 | 11 | 2 | pT4to5 | 30 | low_stats
v2 | 1 | cent10to20 | 11 | 2 | pT4to5 | 31 | low_stats
v2 | 1 | cent10to20 | 11 | 2 | pT4to5 | 32 | low_stats
v2 | 1 | cent10to20 | 11 | 2 | pT4to5 | 33 | low_stats
v2 | 1 | cent10to20 | 11 | 2 | pT4to5 | 34 | low_stats
v2 | 1 | cent10to20 | 11 | 2 | pT4to5 | 35 | low_stats
v2 | 1 | cent10to20 | 11 | 2 | pT4to5 | 36 | low_stats
v2 | 1 | cent10to20 | 11 | 2 | pT4to5 | 37 | low_stats
v2 | 1 | cent10to20 | 11 | 2 | pT4to5 | 38 | low_stats
v2 | 1 | cent10to20 | 11 | 2 | pT4to5 | 39 | low_stats
v2 | 1 | cent10to20 | 11 | 2 | pT4to5 | 40 | low_stats
v2 | 1 | cent10to20 | 11 | 2 | pT4to5 | 41 | low_stats
v2 | 1 | cent10to20 | 0 | 3 | pT5to6 | 0 | low_stats
v2 | 1 | cent10to20 | 0 | 3 | pT5to6 | 1 | low_stats
v2 | 1 | cent10to20 | 0 | 3 | pT5to6 | 2 | low_stats
v2 | 1 | cent10to20 | 0 | 3 | pT5to6 | 3 | low_stats
v2 | 1 | cent10to20 | 0 | 3 | pT5to6 | 4 | low_stats
v2 | 1 | cent10to20 | 0 | 3 | pT5to6 | 5 | low_stats
v2 | 1 | cent10to20 | 0 | 3 | pT5to6 | 6 | low_stats
v2 | 1 | cent10to20 | 0 | 3 | pT5to6 | 7 | low_stats
v2 | 1 | cent10to20 | 0 | 3 | pT5to6 | 8 | low_stats
v2 | 1 | cent10to20 | 0 | 3 | pT5to6 | 9 | low_stats
v2 | 1 | cent10to20 | 0 | 3 | pT5to6 | 10 | low_stats
v2 | 1 | cent10to20 | 0 | 3 | pT5to6 | 11 | low_stats
v2 | 1 | cent10to20 | 0 | 3 | pT5to6 | 12 | low_stats
v2 | 1 | cent10to20 | 0 | 3 | pT5to6 | 13 | low_stats
v2 | 1 | cent10to20 | 0 | 3 | pT5to6 | 14 | low_stats
v2 | 1 | cent10to20 | 0 | 3 | pT5to6 | 15 | low_stats
v2 | 1 | cent10to20 | 0 | 3 | pT5to6 | 16 | low_stats
v2 | 1 | cent10to20 | 0 | 3 | pT5to6 | 17 | low_stats
v2 | 1 | cent10to20 | 0 | 3 | pT5to6 | 18 | low_stats
v2 | 1 | cent10to20 | 0 | 3 | pT5to6 | 19 | low_stats
v2 | 1 | cent10to20 | 0 | 3 | pT5to6 | 20 | low_stats
v2 | 1 | cent10to20 | 0 | 3 | pT5to6 | 21 | low_stats
v2 | 1 | cent10to20 | 0 | 3 | pT5to6 | 22 | low_stats
v2 | 1 | cent10to20 | 0 | 3 | pT5to6 | 23 | low_stats
v2 | 1 | cent10to20 | 0 | 3 | pT5to6 | 24 | low_stats
v2 | 1 | cent10to20 | 0 | 3 | pT5to6 | 25 | low_stats
v2 | 1 | cent10to20 | 0 | 3 | pT5to6 | 26 | low_stats
v2 | 1 | cent10to20 | 0 | 3 | pT5to6 | 27 | low_stats
v2 | 1 | cent10to20 | 0 | 3 | pT5to6 | 28 | low_stats
v2 | 1 | cent10to20 | 0 | 3 | pT5to6 | 29 | low_stats
v2 | 1 | cent10to20 | 0 | 3 | pT5to6 | 30 | low_stats
v2 | 1 | cent10to20 | 0 | 3 | pT5to6 | 31 | low_stats
v2 | 1 | cent10to20 | 0 | 3 | pT5to6 | 32 | low_stats
v2 | 1 | cent10to20 | 0 | 3 | pT5to6 | 33 | low_stats
v2 | 1 | cent10to20 | 0 | 3 | pT5to6 | 34 | low_stats
v2 | 1 | cent10to20 | 0 | 3 | pT5to6 | 35 | low_stats
v2 | 1 | cent10to20 | 0 | 3 | pT5to6 | 36 | low_stats
v2 | 1 | cent10to20 | 0 | 3 | pT5to6 | 37 | low_stats
v2 | 1 | cent10to20 | 0 | 3 | pT5to6 | 38 | low_stats
v2 | 1 | cent10to20 | 0 | 3 | pT5to6 | 39 | low_stats
v2 | 1 | cent10to20 | 0 | 3 | pT5to6 | 40 | low_stats
v2 | 1 | cent10to20 | 0 | 3 | pT5to6 | 41 | low_stats
v2 | 1 | cent10to20 | 1 | 3 | pT5to6 | 0 | low_stats
v2 | 1 | cent10to20 | 1 | 3 | pT5to6 | 1 | low_stats
v2 | 1 | cent10to20 | 1 | 3 | pT5to6 | 2 | low_stats
v2 | 1 | cent10to20 | 1 | 3 | pT5to6 | 3 | low_stats
v2 | 1 | cent10to20 | 1 | 3 | pT5to6 | 4 | low_stats
v2 | 1 | cent10to20 | 1 | 3 | pT5to6 | 5 | low_stats
v2 | 1 | cent10to20 | 1 | 3 | pT5to6 | 6 | low_stats
v2 | 1 | cent10to20 | 1 | 3 | pT5to6 | 7 | low_stats
v2 | 1 | cent10to20 | 1 | 3 | pT5to6 | 8 | low_stats
v2 | 1 | cent10to20 | 1 | 3 | pT5to6 | 9 | low_stats
v2 | 1 | cent10to20 | 1 | 3 | pT5to6 | 10 | low_stats
v2 | 1 | cent10to20 | 1 | 3 | pT5to6 | 11 | low_stats
v2 | 1 | cent10to20 | 1 | 3 | pT5to6 | 12 | low_stats
v2 | 1 | cent10to20 | 1 | 3 | pT5to6 | 13 | low_stats
v2 | 1 | cent10to20 | 1 | 3 | pT5to6 | 14 | low_stats
v2 | 1 | cent10to20 | 1 | 3 | pT5to6 | 15 | low_stats
v2 | 1 | cent10to20 | 1 | 3 | pT5to6 | 16 | low_stats
v2 | 1 | cent10to20 | 1 | 3 | pT5to6 | 17 | low_stats
v2 | 1 | cent10to20 | 1 | 3 | pT5to6 | 18 | low_stats
v2 | 1 | cent10to20 | 1 | 3 | pT5to6 | 19 | low_stats
v2 | 1 | cent10to20 | 1 | 3 | pT5to6 | 20 | low_stats
v2 | 1 | cent10to20 | 1 | 3 | pT5to6 | 21 | low_stats
v2 | 1 | cent10to20 | 1 | 3 | pT5to6 | 22 | low_stats
v2 | 1 | cent10to20 | 1 | 3 | pT5to6 | 23 | low_stats
v2 | 1 | cent10to20 | 1 | 3 | pT5to6 | 24 | low_stats
v2 | 1 | cent10to20 | 1 | 3 | pT5to6 | 25 | low_stats
v2 | 1 | cent10to20 | 1 | 3 | pT5to6 | 26 | low_stats
v2 | 1 | cent10to20 | 1 | 3 | pT5to6 | 27 | low_stats
v2 | 1 | cent10to20 | 1 | 3 | pT5to6 | 28 | low_stats
v2 | 1 | cent10to20 | 1 | 3 | pT5to6 | 29 | low_stats
v2 | 1 | cent10to20 | 1 | 3 | pT5to6 | 30 | low_stats
v2 | 1 | cent10to20 | 1 | 3 | pT5to6 | 31 | low_stats
v2 | 1 | cent10to20 | 1 | 3 | pT5to6 | 32 | low_stats
v2 | 1 | cent10to20 | 1 | 3 | pT5to6 | 33 | low_stats
v2 | 1 | cent10to20 | 1 | 3 | pT5to6 | 34 | low_stats
v2 | 1 | cent10to20 | 1 | 3 | pT5to6 | 35 | low_stats
v2 | 1 | cent10to20 | 1 | 3 | pT5to6 | 36 | low_stats
v2 | 1 | cent10to20 | 1 | 3 | pT5to6 | 37 | low_stats
v2 | 1 | cent10to20 | 1 | 3 | pT5to6 | 38 | low_stats
v2 | 1 | cent10to20 | 1 | 3 | pT5to6 | 39 | low_stats
v2 | 1 | cent10to20 | 1 | 3 | pT5to6 | 40 | low_stats
v2 | 1 | cent10to20 | 1 | 3 | pT5to6 | 41 | low_stats
v2 | 1 | cent10to20 | 2 | 3 | pT5to6 | 0 | low_stats
v2 | 1 | cent10to20 | 2 | 3 | pT5to6 | 1 | low_stats
v2 | 1 | cent10to20 | 2 | 3 | pT5to6 | 2 | low_stats
v2 | 1 | cent10to20 | 2 | 3 | pT5to6 | 3 | low_stats
v2 | 1 | cent10to20 | 2 | 3 | pT5to6 | 4 | low_stats
v2 | 1 | cent10to20 | 2 | 3 | pT5to6 | 5 | low_stats
v2 | 1 | cent10to20 | 2 | 3 | pT5to6 | 6 | low_stats
v2 | 1 | cent10to20 | 2 | 3 | pT5to6 | 7 | low_stats
v2 | 1 | cent10to20 | 2 | 3 | pT5to6 | 8 | low_stats
v2 | 1 | cent10to20 | 2 | 3 | pT5to6 | 9 | low_stats
v2 | 1 | cent10to20 | 2 | 3 | pT5to6 | 10 | low_stats
v2 | 1 | cent10to20 | 2 | 3 | pT5to6 | 11 | low_stats
v2 | 1 | cent10to20 | 2 | 3 | pT5to6 | 12 | low_stats
v2 | 1 | cent10to20 | 2 | 3 | pT5to6 | 13 | low_stats
v2 | 1 | cent10to20 | 2 | 3 | pT5to6 | 14 | low_stats
v2 | 1 | cent10to20 | 2 | 3 | pT5to6 | 15 | low_stats
v2 | 1 | cent10to20 | 2 | 3 | pT5to6 | 16 | low_stats
v2 | 1 | cent10to20 | 2 | 3 | pT5to6 | 17 | low_stats
v2 | 1 | cent10to20 | 2 | 3 | pT5to6 | 18 | low_stats
v2 | 1 | cent10to20 | 2 | 3 | pT5to6 | 19 | low_stats
v2 | 1 | cent10to20 | 2 | 3 | pT5to6 | 20 | low_stats
v2 | 1 | cent10to20 | 2 | 3 | pT5to6 | 21 | low_stats
v2 | 1 | cent10to20 | 2 | 3 | pT5to6 | 22 | low_stats
v2 | 1 | cent10to20 | 2 | 3 | pT5to6 | 23 | low_stats
v2 | 1 | cent10to20 | 2 | 3 | pT5to6 | 24 | low_stats
v2 | 1 | cent10to20 | 2 | 3 | pT5to6 | 25 | low_stats
v2 | 1 | cent10to20 | 2 | 3 | pT5to6 | 26 | low_stats
v2 | 1 | cent10to20 | 2 | 3 | pT5to6 | 27 | low_stats
v2 | 1 | cent10to20 | 2 | 3 | pT5to6 | 28 | low_stats
v2 | 1 | cent10to20 | 2 | 3 | pT5to6 | 29 | low_stats
v2 | 1 | cent10to20 | 2 | 3 | pT5to6 | 30 | low_stats
v2 | 1 | cent10to20 | 2 | 3 | pT5to6 | 31 | low_stats
v2 | 1 | cent10to20 | 2 | 3 | pT5to6 | 32 | low_stats
v2 | 1 | cent10to20 | 2 | 3 | pT5to6 | 33 | low_stats
v2 | 1 | cent10to20 | 2 | 3 | pT5to6 | 34 | low_stats
v2 | 1 | cent10to20 | 2 | 3 | pT5to6 | 35 | low_stats
v2 | 1 | cent10to20 | 2 | 3 | pT5to6 | 36 | low_stats
v2 | 1 | cent10to20 | 2 | 3 | pT5to6 | 37 | low_stats
v2 | 1 | cent10to20 | 2 | 3 | pT5to6 | 38 | low_stats
v2 | 1 | cent10to20 | 2 | 3 | pT5to6 | 39 | low_stats
v2 | 1 | cent10to20 | 2 | 3 | pT5to6 | 40 | low_stats
v2 | 1 | cent10to20 | 2 | 3 | pT5to6 | 41 | low_stats
v2 | 1 | cent10to20 | 3 | 3 | pT5to6 | 0 | low_stats
v2 | 1 | cent10to20 | 3 | 3 | pT5to6 | 1 | low_stats
v2 | 1 | cent10to20 | 3 | 3 | pT5to6 | 2 | low_stats
v2 | 1 | cent10to20 | 3 | 3 | pT5to6 | 3 | low_stats
v2 | 1 | cent10to20 | 3 | 3 | pT5to6 | 4 | low_stats
v2 | 1 | cent10to20 | 3 | 3 | pT5to6 | 5 | low_stats
v2 | 1 | cent10to20 | 3 | 3 | pT5to6 | 6 | low_stats
v2 | 1 | cent10to20 | 3 | 3 | pT5to6 | 7 | low_stats
v2 | 1 | cent10to20 | 3 | 3 | pT5to6 | 8 | low_stats
v2 | 1 | cent10to20 | 3 | 3 | pT5to6 | 9 | low_stats
v2 | 1 | cent10to20 | 3 | 3 | pT5to6 | 10 | low_stats
v2 | 1 | cent10to20 | 3 | 3 | pT5to6 | 11 | low_stats
v2 | 1 | cent10to20 | 3 | 3 | pT5to6 | 12 | low_stats
v2 | 1 | cent10to20 | 3 | 3 | pT5to6 | 13 | low_stats
v2 | 1 | cent10to20 | 3 | 3 | pT5to6 | 14 | low_stats
v2 | 1 | cent10to20 | 3 | 3 | pT5to6 | 15 | low_stats
v2 | 1 | cent10to20 | 3 | 3 | pT5to6 | 16 | low_stats
v2 | 1 | cent10to20 | 3 | 3 | pT5to6 | 17 | low_stats
v2 | 1 | cent10to20 | 3 | 3 | pT5to6 | 18 | low_stats
v2 | 1 | cent10to20 | 3 | 3 | pT5to6 | 19 | low_stats
v2 | 1 | cent10to20 | 3 | 3 | pT5to6 | 20 | low_stats
v2 | 1 | cent10to20 | 3 | 3 | pT5to6 | 22 | low_stats
v2 | 1 | cent10to20 | 3 | 3 | pT5to6 | 23 | low_stats
v2 | 1 | cent10to20 | 3 | 3 | pT5to6 | 24 | low_stats
v2 | 1 | cent10to20 | 3 | 3 | pT5to6 | 25 | low_stats
v2 | 1 | cent10to20 | 3 | 3 | pT5to6 | 26 | low_stats
v2 | 1 | cent10to20 | 3 | 3 | pT5to6 | 27 | low_stats
v2 | 1 | cent10to20 | 3 | 3 | pT5to6 | 28 | low_stats
v2 | 1 | cent10to20 | 3 | 3 | pT5to6 | 29 | low_stats
v2 | 1 | cent10to20 | 3 | 3 | pT5to6 | 30 | low_stats
v2 | 1 | cent10to20 | 3 | 3 | pT5to6 | 31 | low_stats
v2 | 1 | cent10to20 | 3 | 3 | pT5to6 | 32 | low_stats
v2 | 1 | cent10to20 | 3 | 3 | pT5to6 | 33 | low_stats
v2 | 1 | cent10to20 | 3 | 3 | pT5to6 | 34 | low_stats
v2 | 1 | cent10to20 | 3 | 3 | pT5to6 | 35 | low_stats
v2 | 1 | cent10to20 | 3 | 3 | pT5to6 | 36 | low_stats
v2 | 1 | cent10to20 | 3 | 3 | pT5to6 | 37 | low_stats
v2 | 1 | cent10to20 | 3 | 3 | pT5to6 | 38 | low_stats
v2 | 1 | cent10to20 | 3 | 3 | pT5to6 | 39 | low_stats
v2 | 1 | cent10to20 | 3 | 3 | pT5to6 | 40 | low_stats
v2 | 1 | cent10to20 | 3 | 3 | pT5to6 | 41 | low_stats
v2 | 1 | cent10to20 | 4 | 3 | pT5to6 | 0 | low_stats
v2 | 1 | cent10to20 | 4 | 3 | pT5to6 | 1 | low_stats
v2 | 1 | cent10to20 | 4 | 3 | pT5to6 | 2 | low_stats
v2 | 1 | cent10to20 | 4 | 3 | pT5to6 | 3 | low_stats
v2 | 1 | cent10to20 | 4 | 3 | pT5to6 | 4 | low_stats
v2 | 1 | cent10to20 | 4 | 3 | pT5to6 | 5 | low_stats
v2 | 1 | cent10to20 | 4 | 3 | pT5to6 | 6 | low_stats
v2 | 1 | cent10to20 | 4 | 3 | pT5to6 | 7 | low_stats
v2 | 1 | cent10to20 | 4 | 3 | pT5to6 | 8 | low_stats
v2 | 1 | cent10to20 | 4 | 3 | pT5to6 | 9 | low_stats
v2 | 1 | cent10to20 | 4 | 3 | pT5to6 | 10 | low_stats
v2 | 1 | cent10to20 | 4 | 3 | pT5to6 | 11 | low_stats
v2 | 1 | cent10to20 | 4 | 3 | pT5to6 | 12 | low_stats
v2 | 1 | cent10to20 | 4 | 3 | pT5to6 | 13 | low_stats
v2 | 1 | cent10to20 | 4 | 3 | pT5to6 | 14 | low_stats
v2 | 1 | cent10to20 | 4 | 3 | pT5to6 | 15 | low_stats
v2 | 1 | cent10to20 | 4 | 3 | pT5to6 | 16 | low_stats
v2 | 1 | cent10to20 | 4 | 3 | pT5to6 | 17 | low_stats
v2 | 1 | cent10to20 | 4 | 3 | pT5to6 | 19 | low_stats
v2 | 1 | cent10to20 | 4 | 3 | pT5to6 | 20 | low_stats
v2 | 1 | cent10to20 | 4 | 3 | pT5to6 | 21 | low_stats
v2 | 1 | cent10to20 | 4 | 3 | pT5to6 | 22 | low_stats
v2 | 1 | cent10to20 | 4 | 3 | pT5to6 | 23 | low_stats
v2 | 1 | cent10to20 | 4 | 3 | pT5to6 | 25 | low_stats
v2 | 1 | cent10to20 | 4 | 3 | pT5to6 | 26 | low_stats
v2 | 1 | cent10to20 | 4 | 3 | pT5to6 | 27 | low_stats
v2 | 1 | cent10to20 | 4 | 3 | pT5to6 | 28 | low_stats
v2 | 1 | cent10to20 | 4 | 3 | pT5to6 | 29 | low_stats
v2 | 1 | cent10to20 | 4 | 3 | pT5to6 | 30 | low_stats
v2 | 1 | cent10to20 | 4 | 3 | pT5to6 | 31 | low_stats
v2 | 1 | cent10to20 | 4 | 3 | pT5to6 | 32 | low_stats
v2 | 1 | cent10to20 | 4 | 3 | pT5to6 | 33 | low_stats
v2 | 1 | cent10to20 | 4 | 3 | pT5to6 | 34 | low_stats
v2 | 1 | cent10to20 | 4 | 3 | pT5to6 | 35 | low_stats
v2 | 1 | cent10to20 | 4 | 3 | pT5to6 | 36 | low_stats
v2 | 1 | cent10to20 | 4 | 3 | pT5to6 | 37 | low_stats
v2 | 1 | cent10to20 | 4 | 3 | pT5to6 | 38 | low_stats
v2 | 1 | cent10to20 | 4 | 3 | pT5to6 | 39 | low_stats
v2 | 1 | cent10to20 | 4 | 3 | pT5to6 | 40 | low_stats
v2 | 1 | cent10to20 | 4 | 3 | pT5to6 | 41 | low_stats
v2 | 1 | cent10to20 | 5 | 3 | pT5to6 | 0 | low_stats
v2 | 1 | cent10to20 | 5 | 3 | pT5to6 | 1 | low_stats
v2 | 1 | cent10to20 | 5 | 3 | pT5to6 | 2 | low_stats
v2 | 1 | cent10to20 | 5 | 3 | pT5to6 | 3 | low_stats
v2 | 1 | cent10to20 | 5 | 3 | pT5to6 | 4 | low_stats
v2 | 1 | cent10to20 | 5 | 3 | pT5to6 | 5 | low_stats
v2 | 1 | cent10to20 | 5 | 3 | pT5to6 | 6 | low_stats
v2 | 1 | cent10to20 | 5 | 3 | pT5to6 | 7 | low_stats
v2 | 1 | cent10to20 | 5 | 3 | pT5to6 | 8 | low_stats
v2 | 1 | cent10to20 | 5 | 3 | pT5to6 | 9 | low_stats
v2 | 1 | cent10to20 | 5 | 3 | pT5to6 | 10 | low_stats
v2 | 1 | cent10to20 | 5 | 3 | pT5to6 | 11 | low_stats
v2 | 1 | cent10to20 | 5 | 3 | pT5to6 | 12 | low_stats
v2 | 1 | cent10to20 | 5 | 3 | pT5to6 | 13 | low_stats
v2 | 1 | cent10to20 | 5 | 3 | pT5to6 | 14 | low_stats
v2 | 1 | cent10to20 | 5 | 3 | pT5to6 | 15 | low_stats
v2 | 1 | cent10to20 | 5 | 3 | pT5to6 | 16 | low_stats
v2 | 1 | cent10to20 | 5 | 3 | pT5to6 | 17 | low_stats
v2 | 1 | cent10to20 | 5 | 3 | pT5to6 | 18 | low_stats
v2 | 1 | cent10to20 | 5 | 3 | pT5to6 | 19 | low_stats
v2 | 1 | cent10to20 | 5 | 3 | pT5to6 | 20 | low_stats
v2 | 1 | cent10to20 | 5 | 3 | pT5to6 | 21 | low_stats
v2 | 1 | cent10to20 | 5 | 3 | pT5to6 | 22 | low_stats
v2 | 1 | cent10to20 | 5 | 3 | pT5to6 | 23 | neg_yield | MID | sigma=-10
v2 | 1 | cent10to20 | 5 | 3 | pT5to6 | 24 | low_stats
v2 | 1 | cent10to20 | 5 | 3 | pT5to6 | 25 | low_stats
v2 | 1 | cent10to20 | 5 | 3 | pT5to6 | 26 | low_stats
v2 | 1 | cent10to20 | 5 | 3 | pT5to6 | 27 | low_stats
v2 | 1 | cent10to20 | 5 | 3 | pT5to6 | 28 | low_stats
v2 | 1 | cent10to20 | 5 | 3 | pT5to6 | 29 | low_stats
v2 | 1 | cent10to20 | 5 | 3 | pT5to6 | 30 | low_stats
v2 | 1 | cent10to20 | 5 | 3 | pT5to6 | 31 | low_stats
v2 | 1 | cent10to20 | 5 | 3 | pT5to6 | 32 | low_stats
v2 | 1 | cent10to20 | 5 | 3 | pT5to6 | 33 | low_stats
v2 | 1 | cent10to20 | 5 | 3 | pT5to6 | 34 | low_stats
v2 | 1 | cent10to20 | 5 | 3 | pT5to6 | 35 | low_stats
v2 | 1 | cent10to20 | 5 | 3 | pT5to6 | 36 | low_stats
v2 | 1 | cent10to20 | 5 | 3 | pT5to6 | 37 | low_stats
v2 | 1 | cent10to20 | 5 | 3 | pT5to6 | 38 | low_stats
v2 | 1 | cent10to20 | 5 | 3 | pT5to6 | 39 | low_stats
v2 | 1 | cent10to20 | 5 | 3 | pT5to6 | 40 | low_stats
v2 | 1 | cent10to20 | 5 | 3 | pT5to6 | 41 | low_stats
v2 | 1 | cent10to20 | 6 | 3 | pT5to6 | 0 | low_stats
v2 | 1 | cent10to20 | 6 | 3 | pT5to6 | 1 | low_stats
v2 | 1 | cent10to20 | 6 | 3 | pT5to6 | 2 | low_stats
v2 | 1 | cent10to20 | 6 | 3 | pT5to6 | 3 | low_stats
v2 | 1 | cent10to20 | 6 | 3 | pT5to6 | 4 | low_stats
v2 | 1 | cent10to20 | 6 | 3 | pT5to6 | 5 | low_stats
v2 | 1 | cent10to20 | 6 | 3 | pT5to6 | 6 | low_stats
v2 | 1 | cent10to20 | 6 | 3 | pT5to6 | 7 | low_stats
v2 | 1 | cent10to20 | 6 | 3 | pT5to6 | 8 | low_stats
v2 | 1 | cent10to20 | 6 | 3 | pT5to6 | 9 | low_stats
v2 | 1 | cent10to20 | 6 | 3 | pT5to6 | 10 | low_stats
v2 | 1 | cent10to20 | 6 | 3 | pT5to6 | 11 | low_stats
v2 | 1 | cent10to20 | 6 | 3 | pT5to6 | 12 | low_stats
v2 | 1 | cent10to20 | 6 | 3 | pT5to6 | 13 | low_stats
v2 | 1 | cent10to20 | 6 | 3 | pT5to6 | 14 | low_stats
v2 | 1 | cent10to20 | 6 | 3 | pT5to6 | 15 | low_stats
v2 | 1 | cent10to20 | 6 | 3 | pT5to6 | 16 | low_sigma | MID | sigma=0.945172
v2 | 1 | cent10to20 | 6 | 3 | pT5to6 | 17 | low_stats
v2 | 1 | cent10to20 | 6 | 3 | pT5to6 | 18 | low_stats
v2 | 1 | cent10to20 | 6 | 3 | pT5to6 | 19 | low_stats
v2 | 1 | cent10to20 | 6 | 3 | pT5to6 | 20 | low_stats
v2 | 1 | cent10to20 | 6 | 3 | pT5to6 | 21 | low_stats
v2 | 1 | cent10to20 | 6 | 3 | pT5to6 | 22 | low_stats
v2 | 1 | cent10to20 | 6 | 3 | pT5to6 | 25 | low_stats
v2 | 1 | cent10to20 | 6 | 3 | pT5to6 | 26 | low_stats
v2 | 1 | cent10to20 | 6 | 3 | pT5to6 | 27 | low_stats
v2 | 1 | cent10to20 | 6 | 3 | pT5to6 | 28 | low_stats
v2 | 1 | cent10to20 | 6 | 3 | pT5to6 | 29 | low_stats
v2 | 1 | cent10to20 | 6 | 3 | pT5to6 | 30 | low_stats
v2 | 1 | cent10to20 | 6 | 3 | pT5to6 | 31 | low_stats
v2 | 1 | cent10to20 | 6 | 3 | pT5to6 | 32 | low_stats
v2 | 1 | cent10to20 | 6 | 3 | pT5to6 | 33 | low_stats
v2 | 1 | cent10to20 | 6 | 3 | pT5to6 | 34 | low_stats
v2 | 1 | cent10to20 | 6 | 3 | pT5to6 | 35 | low_stats
v2 | 1 | cent10to20 | 6 | 3 | pT5to6 | 36 | low_stats
v2 | 1 | cent10to20 | 6 | 3 | pT5to6 | 37 | low_stats
v2 | 1 | cent10to20 | 6 | 3 | pT5to6 | 38 | low_stats
v2 | 1 | cent10to20 | 6 | 3 | pT5to6 | 39 | low_stats
v2 | 1 | cent10to20 | 6 | 3 | pT5to6 | 40 | low_stats
v2 | 1 | cent10to20 | 6 | 3 | pT5to6 | 41 | low_stats
v2 | 1 | cent10to20 | 7 | 3 | pT5to6 | 0 | low_stats
v2 | 1 | cent10to20 | 7 | 3 | pT5to6 | 1 | low_stats
v2 | 1 | cent10to20 | 7 | 3 | pT5to6 | 2 | low_stats
v2 | 1 | cent10to20 | 7 | 3 | pT5to6 | 3 | low_stats
v2 | 1 | cent10to20 | 7 | 3 | pT5to6 | 4 | low_stats
v2 | 1 | cent10to20 | 7 | 3 | pT5to6 | 5 | low_stats
v2 | 1 | cent10to20 | 7 | 3 | pT5to6 | 6 | low_stats
v2 | 1 | cent10to20 | 7 | 3 | pT5to6 | 7 | low_stats
v2 | 1 | cent10to20 | 7 | 3 | pT5to6 | 8 | low_stats
v2 | 1 | cent10to20 | 7 | 3 | pT5to6 | 9 | low_stats
v2 | 1 | cent10to20 | 7 | 3 | pT5to6 | 10 | low_stats
v2 | 1 | cent10to20 | 7 | 3 | pT5to6 | 11 | low_stats
v2 | 1 | cent10to20 | 7 | 3 | pT5to6 | 12 | low_stats
v2 | 1 | cent10to20 | 7 | 3 | pT5to6 | 13 | low_stats
v2 | 1 | cent10to20 | 7 | 3 | pT5to6 | 14 | low_stats
v2 | 1 | cent10to20 | 7 | 3 | pT5to6 | 15 | low_stats
v2 | 1 | cent10to20 | 7 | 3 | pT5to6 | 16 | low_stats
v2 | 1 | cent10to20 | 7 | 3 | pT5to6 | 17 | neg_yield | MID | sigma=-10
v2 | 1 | cent10to20 | 7 | 3 | pT5to6 | 18 | low_stats
v2 | 1 | cent10to20 | 7 | 3 | pT5to6 | 19 | low_stats
v2 | 1 | cent10to20 | 7 | 3 | pT5to6 | 20 | low_stats
v2 | 1 | cent10to20 | 7 | 3 | pT5to6 | 22 | low_stats
v2 | 1 | cent10to20 | 7 | 3 | pT5to6 | 23 | neg_yield | MID | sigma=-10
v2 | 1 | cent10to20 | 7 | 3 | pT5to6 | 24 | low_stats
v2 | 1 | cent10to20 | 7 | 3 | pT5to6 | 25 | low_stats
v2 | 1 | cent10to20 | 7 | 3 | pT5to6 | 26 | low_stats
v2 | 1 | cent10to20 | 7 | 3 | pT5to6 | 27 | low_stats
v2 | 1 | cent10to20 | 7 | 3 | pT5to6 | 28 | low_stats
v2 | 1 | cent10to20 | 7 | 3 | pT5to6 | 29 | low_stats
v2 | 1 | cent10to20 | 7 | 3 | pT5to6 | 30 | low_stats
v2 | 1 | cent10to20 | 7 | 3 | pT5to6 | 31 | low_stats
v2 | 1 | cent10to20 | 7 | 3 | pT5to6 | 32 | low_stats
v2 | 1 | cent10to20 | 7 | 3 | pT5to6 | 33 | low_stats
v2 | 1 | cent10to20 | 7 | 3 | pT5to6 | 34 | low_stats
v2 | 1 | cent10to20 | 7 | 3 | pT5to6 | 35 | low_stats
v2 | 1 | cent10to20 | 7 | 3 | pT5to6 | 36 | low_stats
v2 | 1 | cent10to20 | 7 | 3 | pT5to6 | 37 | low_stats
v2 | 1 | cent10to20 | 7 | 3 | pT5to6 | 38 | low_stats
v2 | 1 | cent10to20 | 7 | 3 | pT5to6 | 39 | low_stats
v2 | 1 | cent10to20 | 7 | 3 | pT5to6 | 40 | low_stats
v2 | 1 | cent10to20 | 7 | 3 | pT5to6 | 41 | low_stats
v2 | 1 | cent10to20 | 8 | 3 | pT5to6 | 0 | low_stats
v2 | 1 | cent10to20 | 8 | 3 | pT5to6 | 1 | low_stats
v2 | 1 | cent10to20 | 8 | 3 | pT5to6 | 2 | low_stats
v2 | 1 | cent10to20 | 8 | 3 | pT5to6 | 3 | low_stats
v2 | 1 | cent10to20 | 8 | 3 | pT5to6 | 4 | low_stats
v2 | 1 | cent10to20 | 8 | 3 | pT5to6 | 5 | low_stats
v2 | 1 | cent10to20 | 8 | 3 | pT5to6 | 6 | low_stats
v2 | 1 | cent10to20 | 8 | 3 | pT5to6 | 7 | low_stats
v2 | 1 | cent10to20 | 8 | 3 | pT5to6 | 8 | low_stats
v2 | 1 | cent10to20 | 8 | 3 | pT5to6 | 9 | low_stats
v2 | 1 | cent10to20 | 8 | 3 | pT5to6 | 10 | low_stats
v2 | 1 | cent10to20 | 8 | 3 | pT5to6 | 11 | low_stats
v2 | 1 | cent10to20 | 8 | 3 | pT5to6 | 12 | low_stats
v2 | 1 | cent10to20 | 8 | 3 | pT5to6 | 13 | low_stats
v2 | 1 | cent10to20 | 8 | 3 | pT5to6 | 14 | low_stats
v2 | 1 | cent10to20 | 8 | 3 | pT5to6 | 15 | low_stats
v2 | 1 | cent10to20 | 8 | 3 | pT5to6 | 16 | low_stats
v2 | 1 | cent10to20 | 8 | 3 | pT5to6 | 17 | low_stats
v2 | 1 | cent10to20 | 8 | 3 | pT5to6 | 18 | low_stats
v2 | 1 | cent10to20 | 8 | 3 | pT5to6 | 19 | low_stats
v2 | 1 | cent10to20 | 8 | 3 | pT5to6 | 20 | low_stats
v2 | 1 | cent10to20 | 8 | 3 | pT5to6 | 21 | low_stats
v2 | 1 | cent10to20 | 8 | 3 | pT5to6 | 22 | neg_yield | MID | sigma=-10
v2 | 1 | cent10to20 | 8 | 3 | pT5to6 | 24 | neg_yield | MID | sigma=-10
v2 | 1 | cent10to20 | 8 | 3 | pT5to6 | 25 | low_stats
v2 | 1 | cent10to20 | 8 | 3 | pT5to6 | 26 | low_stats
v2 | 1 | cent10to20 | 8 | 3 | pT5to6 | 27 | low_stats
v2 | 1 | cent10to20 | 8 | 3 | pT5to6 | 28 | low_stats
v2 | 1 | cent10to20 | 8 | 3 | pT5to6 | 29 | low_stats
v2 | 1 | cent10to20 | 8 | 3 | pT5to6 | 30 | low_stats
v2 | 1 | cent10to20 | 8 | 3 | pT5to6 | 31 | low_stats
v2 | 1 | cent10to20 | 8 | 3 | pT5to6 | 32 | low_stats
v2 | 1 | cent10to20 | 8 | 3 | pT5to6 | 33 | low_stats
v2 | 1 | cent10to20 | 8 | 3 | pT5to6 | 34 | low_stats
v2 | 1 | cent10to20 | 8 | 3 | pT5to6 | 35 | low_stats
v2 | 1 | cent10to20 | 8 | 3 | pT5to6 | 36 | low_stats
v2 | 1 | cent10to20 | 8 | 3 | pT5to6 | 37 | low_stats
v2 | 1 | cent10to20 | 8 | 3 | pT5to6 | 38 | low_stats
v2 | 1 | cent10to20 | 8 | 3 | pT5to6 | 39 | low_stats
v2 | 1 | cent10to20 | 8 | 3 | pT5to6 | 40 | low_stats
v2 | 1 | cent10to20 | 8 | 3 | pT5to6 | 41 | low_stats
v2 | 1 | cent10to20 | 9 | 3 | pT5to6 | 0 | low_stats
v2 | 1 | cent10to20 | 9 | 3 | pT5to6 | 1 | low_stats
v2 | 1 | cent10to20 | 9 | 3 | pT5to6 | 2 | low_stats
v2 | 1 | cent10to20 | 9 | 3 | pT5to6 | 3 | low_stats
v2 | 1 | cent10to20 | 9 | 3 | pT5to6 | 4 | low_stats
v2 | 1 | cent10to20 | 9 | 3 | pT5to6 | 5 | low_stats
v2 | 1 | cent10to20 | 9 | 3 | pT5to6 | 6 | low_stats
v2 | 1 | cent10to20 | 9 | 3 | pT5to6 | 7 | low_stats
v2 | 1 | cent10to20 | 9 | 3 | pT5to6 | 8 | low_stats
v2 | 1 | cent10to20 | 9 | 3 | pT5to6 | 9 | low_stats
v2 | 1 | cent10to20 | 9 | 3 | pT5to6 | 10 | low_stats
v2 | 1 | cent10to20 | 9 | 3 | pT5to6 | 11 | low_stats
v2 | 1 | cent10to20 | 9 | 3 | pT5to6 | 12 | low_stats
v2 | 1 | cent10to20 | 9 | 3 | pT5to6 | 13 | low_stats
v2 | 1 | cent10to20 | 9 | 3 | pT5to6 | 14 | low_stats
v2 | 1 | cent10to20 | 9 | 3 | pT5to6 | 15 | low_stats
v2 | 1 | cent10to20 | 9 | 3 | pT5to6 | 16 | low_stats
v2 | 1 | cent10to20 | 9 | 3 | pT5to6 | 18 | low_stats
v2 | 1 | cent10to20 | 9 | 3 | pT5to6 | 19 | low_stats
v2 | 1 | cent10to20 | 9 | 3 | pT5to6 | 20 | low_stats
v2 | 1 | cent10to20 | 9 | 3 | pT5to6 | 21 | low_stats
v2 | 1 | cent10to20 | 9 | 3 | pT5to6 | 22 | low_stats
v2 | 1 | cent10to20 | 9 | 3 | pT5to6 | 23 | low_stats
v2 | 1 | cent10to20 | 9 | 3 | pT5to6 | 26 | low_stats
v2 | 1 | cent10to20 | 9 | 3 | pT5to6 | 27 | low_stats
v2 | 1 | cent10to20 | 9 | 3 | pT5to6 | 28 | low_stats
v2 | 1 | cent10to20 | 9 | 3 | pT5to6 | 29 | low_stats
v2 | 1 | cent10to20 | 9 | 3 | pT5to6 | 30 | low_stats
v2 | 1 | cent10to20 | 9 | 3 | pT5to6 | 31 | low_stats
v2 | 1 | cent10to20 | 9 | 3 | pT5to6 | 32 | low_stats
v2 | 1 | cent10to20 | 9 | 3 | pT5to6 | 33 | low_stats
v2 | 1 | cent10to20 | 9 | 3 | pT5to6 | 34 | low_stats
v2 | 1 | cent10to20 | 9 | 3 | pT5to6 | 35 | low_stats
v2 | 1 | cent10to20 | 9 | 3 | pT5to6 | 36 | low_stats
v2 | 1 | cent10to20 | 9 | 3 | pT5to6 | 37 | low_stats
v2 | 1 | cent10to20 | 9 | 3 | pT5to6 | 38 | low_stats
v2 | 1 | cent10to20 | 9 | 3 | pT5to6 | 39 | low_stats
v2 | 1 | cent10to20 | 9 | 3 | pT5to6 | 40 | low_stats
v2 | 1 | cent10to20 | 9 | 3 | pT5to6 | 41 | low_stats
v2 | 1 | cent10to20 | 10 | 3 | pT5to6 | 0 | low_stats
v2 | 1 | cent10to20 | 10 | 3 | pT5to6 | 1 | low_stats
v2 | 1 | cent10to20 | 10 | 3 | pT5to6 | 2 | low_stats
v2 | 1 | cent10to20 | 10 | 3 | pT5to6 | 3 | low_stats
v2 | 1 | cent10to20 | 10 | 3 | pT5to6 | 4 | low_stats
v2 | 1 | cent10to20 | 10 | 3 | pT5to6 | 5 | low_stats
v2 | 1 | cent10to20 | 10 | 3 | pT5to6 | 6 | low_stats
v2 | 1 | cent10to20 | 10 | 3 | pT5to6 | 7 | low_stats
v2 | 1 | cent10to20 | 10 | 3 | pT5to6 | 8 | low_stats
v2 | 1 | cent10to20 | 10 | 3 | pT5to6 | 9 | low_stats
v2 | 1 | cent10to20 | 10 | 3 | pT5to6 | 10 | low_stats
v2 | 1 | cent10to20 | 10 | 3 | pT5to6 | 11 | low_stats
v2 | 1 | cent10to20 | 10 | 3 | pT5to6 | 12 | low_stats
v2 | 1 | cent10to20 | 10 | 3 | pT5to6 | 13 | low_stats
v2 | 1 | cent10to20 | 10 | 3 | pT5to6 | 14 | low_stats
v2 | 1 | cent10to20 | 10 | 3 | pT5to6 | 15 | low_stats
v2 | 1 | cent10to20 | 10 | 3 | pT5to6 | 16 | low_stats
v2 | 1 | cent10to20 | 10 | 3 | pT5to6 | 17 | low_stats
v2 | 1 | cent10to20 | 10 | 3 | pT5to6 | 18 | low_stats
v2 | 1 | cent10to20 | 10 | 3 | pT5to6 | 19 | low_stats
v2 | 1 | cent10to20 | 10 | 3 | pT5to6 | 20 | low_stats
v2 | 1 | cent10to20 | 10 | 3 | pT5to6 | 21 | low_stats
v2 | 1 | cent10to20 | 10 | 3 | pT5to6 | 22 | low_stats
v2 | 1 | cent10to20 | 10 | 3 | pT5to6 | 23 | low_stats
v2 | 1 | cent10to20 | 10 | 3 | pT5to6 | 24 | low_stats
v2 | 1 | cent10to20 | 10 | 3 | pT5to6 | 25 | low_stats
v2 | 1 | cent10to20 | 10 | 3 | pT5to6 | 26 | low_stats
v2 | 1 | cent10to20 | 10 | 3 | pT5to6 | 27 | low_stats
v2 | 1 | cent10to20 | 10 | 3 | pT5to6 | 28 | low_stats
v2 | 1 | cent10to20 | 10 | 3 | pT5to6 | 29 | low_stats
v2 | 1 | cent10to20 | 10 | 3 | pT5to6 | 30 | low_stats
v2 | 1 | cent10to20 | 10 | 3 | pT5to6 | 31 | low_stats
v2 | 1 | cent10to20 | 10 | 3 | pT5to6 | 32 | low_stats
v2 | 1 | cent10to20 | 10 | 3 | pT5to6 | 33 | low_stats
v2 | 1 | cent10to20 | 10 | 3 | pT5to6 | 34 | low_stats
v2 | 1 | cent10to20 | 10 | 3 | pT5to6 | 35 | low_stats
v2 | 1 | cent10to20 | 10 | 3 | pT5to6 | 36 | low_stats
v2 | 1 | cent10to20 | 10 | 3 | pT5to6 | 37 | low_stats
v2 | 1 | cent10to20 | 10 | 3 | pT5to6 | 38 | low_stats
v2 | 1 | cent10to20 | 10 | 3 | pT5to6 | 39 | low_stats
v2 | 1 | cent10to20 | 10 | 3 | pT5to6 | 40 | low_stats
v2 | 1 | cent10to20 | 10 | 3 | pT5to6 | 41 | low_stats
v2 | 1 | cent10to20 | 11 | 3 | pT5to6 | 0 | low_stats
v2 | 1 | cent10to20 | 11 | 3 | pT5to6 | 1 | low_stats
v2 | 1 | cent10to20 | 11 | 3 | pT5to6 | 2 | low_stats
v2 | 1 | cent10to20 | 11 | 3 | pT5to6 | 3 | low_stats
v2 | 1 | cent10to20 | 11 | 3 | pT5to6 | 4 | low_stats
v2 | 1 | cent10to20 | 11 | 3 | pT5to6 | 5 | low_stats
v2 | 1 | cent10to20 | 11 | 3 | pT5to6 | 6 | low_stats
v2 | 1 | cent10to20 | 11 | 3 | pT5to6 | 7 | low_stats
v2 | 1 | cent10to20 | 11 | 3 | pT5to6 | 8 | low_stats
v2 | 1 | cent10to20 | 11 | 3 | pT5to6 | 9 | low_stats
v2 | 1 | cent10to20 | 11 | 3 | pT5to6 | 10 | low_stats
v2 | 1 | cent10to20 | 11 | 3 | pT5to6 | 11 | low_stats
v2 | 1 | cent10to20 | 11 | 3 | pT5to6 | 12 | low_stats
v2 | 1 | cent10to20 | 11 | 3 | pT5to6 | 13 | low_stats
v2 | 1 | cent10to20 | 11 | 3 | pT5to6 | 14 | low_stats
v2 | 1 | cent10to20 | 11 | 3 | pT5to6 | 15 | low_stats
v2 | 1 | cent10to20 | 11 | 3 | pT5to6 | 16 | low_stats
v2 | 1 | cent10to20 | 11 | 3 | pT5to6 | 17 | low_stats
v2 | 1 | cent10to20 | 11 | 3 | pT5to6 | 18 | low_stats
v2 | 1 | cent10to20 | 11 | 3 | pT5to6 | 19 | low_stats
v2 | 1 | cent10to20 | 11 | 3 | pT5to6 | 20 | low_stats
v2 | 1 | cent10to20 | 11 | 3 | pT5to6 | 21 | low_stats
v2 | 1 | cent10to20 | 11 | 3 | pT5to6 | 22 | low_stats
v2 | 1 | cent10to20 | 11 | 3 | pT5to6 | 23 | low_stats
v2 | 1 | cent10to20 | 11 | 3 | pT5to6 | 24 | low_stats
v2 | 1 | cent10to20 | 11 | 3 | pT5to6 | 25 | low_stats
v2 | 1 | cent10to20 | 11 | 3 | pT5to6 | 26 | low_stats
v2 | 1 | cent10to20 | 11 | 3 | pT5to6 | 27 | low_stats
v2 | 1 | cent10to20 | 11 | 3 | pT5to6 | 28 | low_stats
v2 | 1 | cent10to20 | 11 | 3 | pT5to6 | 29 | low_stats
v2 | 1 | cent10to20 | 11 | 3 | pT5to6 | 30 | low_stats
v2 | 1 | cent10to20 | 11 | 3 | pT5to6 | 31 | low_stats
v2 | 1 | cent10to20 | 11 | 3 | pT5to6 | 32 | low_stats
v2 | 1 | cent10to20 | 11 | 3 | pT5to6 | 33 | low_stats
v2 | 1 | cent10to20 | 11 | 3 | pT5to6 | 34 | low_stats
v2 | 1 | cent10to20 | 11 | 3 | pT5to6 | 35 | low_stats
v2 | 1 | cent10to20 | 11 | 3 | pT5to6 | 36 | low_stats
v2 | 1 | cent10to20 | 11 | 3 | pT5to6 | 37 | low_stats
v2 | 1 | cent10to20 | 11 | 3 | pT5to6 | 38 | low_stats
v2 | 1 | cent10to20 | 11 | 3 | pT5to6 | 39 | low_stats
v2 | 1 | cent10to20 | 11 | 3 | pT5to6 | 40 | low_stats
v2 | 1 | cent10to20 | 11 | 3 | pT5to6 | 41 | low_stats
v2 | 1 | cent10to20 | 0 | 4 | pT6to8 | 0 | low_stats
v2 | 1 | cent10to20 | 0 | 4 | pT6to8 | 1 | low_stats
v2 | 1 | cent10to20 | 0 | 4 | pT6to8 | 2 | low_stats
v2 | 1 | cent10to20 | 0 | 4 | pT6to8 | 3 | low_stats
v2 | 1 | cent10to20 | 0 | 4 | pT6to8 | 4 | low_stats
v2 | 1 | cent10to20 | 0 | 4 | pT6to8 | 5 | low_stats
v2 | 1 | cent10to20 | 0 | 4 | pT6to8 | 6 | low_stats
v2 | 1 | cent10to20 | 0 | 4 | pT6to8 | 7 | low_stats
v2 | 1 | cent10to20 | 0 | 4 | pT6to8 | 8 | low_stats
v2 | 1 | cent10to20 | 0 | 4 | pT6to8 | 9 | low_stats
v2 | 1 | cent10to20 | 0 | 4 | pT6to8 | 10 | low_stats
v2 | 1 | cent10to20 | 0 | 4 | pT6to8 | 11 | low_stats
v2 | 1 | cent10to20 | 0 | 4 | pT6to8 | 12 | low_stats
v2 | 1 | cent10to20 | 0 | 4 | pT6to8 | 13 | low_stats
v2 | 1 | cent10to20 | 0 | 4 | pT6to8 | 14 | low_stats
v2 | 1 | cent10to20 | 0 | 4 | pT6to8 | 15 | low_stats
v2 | 1 | cent10to20 | 0 | 4 | pT6to8 | 16 | low_stats
v2 | 1 | cent10to20 | 0 | 4 | pT6to8 | 17 | low_stats
v2 | 1 | cent10to20 | 0 | 4 | pT6to8 | 18 | low_stats
v2 | 1 | cent10to20 | 0 | 4 | pT6to8 | 19 | low_stats
v2 | 1 | cent10to20 | 0 | 4 | pT6to8 | 20 | low_stats
v2 | 1 | cent10to20 | 0 | 4 | pT6to8 | 21 | low_stats
v2 | 1 | cent10to20 | 0 | 4 | pT6to8 | 22 | low_stats
v2 | 1 | cent10to20 | 0 | 4 | pT6to8 | 23 | low_stats
v2 | 1 | cent10to20 | 0 | 4 | pT6to8 | 24 | low_stats
v2 | 1 | cent10to20 | 0 | 4 | pT6to8 | 25 | low_stats
v2 | 1 | cent10to20 | 0 | 4 | pT6to8 | 26 | low_stats
v2 | 1 | cent10to20 | 0 | 4 | pT6to8 | 27 | low_stats
v2 | 1 | cent10to20 | 0 | 4 | pT6to8 | 28 | low_stats
v2 | 1 | cent10to20 | 0 | 4 | pT6to8 | 29 | low_stats
v2 | 1 | cent10to20 | 0 | 4 | pT6to8 | 30 | low_stats
v2 | 1 | cent10to20 | 0 | 4 | pT6to8 | 31 | low_stats
v2 | 1 | cent10to20 | 0 | 4 | pT6to8 | 32 | low_stats
v2 | 1 | cent10to20 | 0 | 4 | pT6to8 | 33 | low_stats
v2 | 1 | cent10to20 | 0 | 4 | pT6to8 | 34 | low_stats
v2 | 1 | cent10to20 | 0 | 4 | pT6to8 | 35 | low_stats
v2 | 1 | cent10to20 | 0 | 4 | pT6to8 | 36 | low_stats
v2 | 1 | cent10to20 | 0 | 4 | pT6to8 | 37 | low_stats
v2 | 1 | cent10to20 | 0 | 4 | pT6to8 | 38 | low_stats
v2 | 1 | cent10to20 | 0 | 4 | pT6to8 | 39 | low_stats
v2 | 1 | cent10to20 | 0 | 4 | pT6to8 | 40 | low_stats
v2 | 1 | cent10to20 | 0 | 4 | pT6to8 | 41 | low_stats
v2 | 1 | cent10to20 | 1 | 4 | pT6to8 | 0 | low_stats
v2 | 1 | cent10to20 | 1 | 4 | pT6to8 | 1 | low_stats
v2 | 1 | cent10to20 | 1 | 4 | pT6to8 | 2 | low_stats
v2 | 1 | cent10to20 | 1 | 4 | pT6to8 | 3 | low_stats
v2 | 1 | cent10to20 | 1 | 4 | pT6to8 | 4 | low_stats
v2 | 1 | cent10to20 | 1 | 4 | pT6to8 | 5 | low_stats
v2 | 1 | cent10to20 | 1 | 4 | pT6to8 | 6 | low_stats
v2 | 1 | cent10to20 | 1 | 4 | pT6to8 | 7 | low_stats
v2 | 1 | cent10to20 | 1 | 4 | pT6to8 | 8 | low_stats
v2 | 1 | cent10to20 | 1 | 4 | pT6to8 | 9 | low_stats
v2 | 1 | cent10to20 | 1 | 4 | pT6to8 | 10 | low_stats
v2 | 1 | cent10to20 | 1 | 4 | pT6to8 | 11 | low_stats
v2 | 1 | cent10to20 | 1 | 4 | pT6to8 | 12 | low_stats
v2 | 1 | cent10to20 | 1 | 4 | pT6to8 | 13 | low_stats
v2 | 1 | cent10to20 | 1 | 4 | pT6to8 | 14 | low_stats
v2 | 1 | cent10to20 | 1 | 4 | pT6to8 | 15 | low_stats
v2 | 1 | cent10to20 | 1 | 4 | pT6to8 | 16 | low_stats
v2 | 1 | cent10to20 | 1 | 4 | pT6to8 | 17 | low_stats
v2 | 1 | cent10to20 | 1 | 4 | pT6to8 | 18 | low_stats
v2 | 1 | cent10to20 | 1 | 4 | pT6to8 | 19 | low_stats
v2 | 1 | cent10to20 | 1 | 4 | pT6to8 | 20 | low_stats
v2 | 1 | cent10to20 | 1 | 4 | pT6to8 | 21 | low_stats
v2 | 1 | cent10to20 | 1 | 4 | pT6to8 | 22 | low_stats
v2 | 1 | cent10to20 | 1 | 4 | pT6to8 | 23 | low_stats
v2 | 1 | cent10to20 | 1 | 4 | pT6to8 | 24 | low_stats
v2 | 1 | cent10to20 | 1 | 4 | pT6to8 | 25 | low_stats
v2 | 1 | cent10to20 | 1 | 4 | pT6to8 | 26 | low_stats
v2 | 1 | cent10to20 | 1 | 4 | pT6to8 | 27 | low_stats
v2 | 1 | cent10to20 | 1 | 4 | pT6to8 | 28 | low_stats
v2 | 1 | cent10to20 | 1 | 4 | pT6to8 | 29 | low_stats
v2 | 1 | cent10to20 | 1 | 4 | pT6to8 | 30 | low_stats
v2 | 1 | cent10to20 | 1 | 4 | pT6to8 | 31 | low_stats
v2 | 1 | cent10to20 | 1 | 4 | pT6to8 | 32 | low_stats
v2 | 1 | cent10to20 | 1 | 4 | pT6to8 | 33 | low_stats
v2 | 1 | cent10to20 | 1 | 4 | pT6to8 | 34 | low_stats
v2 | 1 | cent10to20 | 1 | 4 | pT6to8 | 35 | low_stats
v2 | 1 | cent10to20 | 1 | 4 | pT6to8 | 36 | low_stats
v2 | 1 | cent10to20 | 1 | 4 | pT6to8 | 37 | low_stats
v2 | 1 | cent10to20 | 1 | 4 | pT6to8 | 38 | low_stats
v2 | 1 | cent10to20 | 1 | 4 | pT6to8 | 39 | low_stats
v2 | 1 | cent10to20 | 1 | 4 | pT6to8 | 40 | low_stats
v2 | 1 | cent10to20 | 1 | 4 | pT6to8 | 41 | low_stats
v2 | 1 | cent10to20 | 2 | 4 | pT6to8 | 0 | low_stats
v2 | 1 | cent10to20 | 2 | 4 | pT6to8 | 1 | low_stats
v2 | 1 | cent10to20 | 2 | 4 | pT6to8 | 2 | low_stats
v2 | 1 | cent10to20 | 2 | 4 | pT6to8 | 3 | low_stats
v2 | 1 | cent10to20 | 2 | 4 | pT6to8 | 4 | low_stats
v2 | 1 | cent10to20 | 2 | 4 | pT6to8 | 5 | low_stats
v2 | 1 | cent10to20 | 2 | 4 | pT6to8 | 6 | low_stats
v2 | 1 | cent10to20 | 2 | 4 | pT6to8 | 7 | low_stats
v2 | 1 | cent10to20 | 2 | 4 | pT6to8 | 8 | low_stats
v2 | 1 | cent10to20 | 2 | 4 | pT6to8 | 9 | low_stats
v2 | 1 | cent10to20 | 2 | 4 | pT6to8 | 10 | low_stats
v2 | 1 | cent10to20 | 2 | 4 | pT6to8 | 11 | low_stats
v2 | 1 | cent10to20 | 2 | 4 | pT6to8 | 12 | low_stats
v2 | 1 | cent10to20 | 2 | 4 | pT6to8 | 13 | low_stats
v2 | 1 | cent10to20 | 2 | 4 | pT6to8 | 14 | low_stats
v2 | 1 | cent10to20 | 2 | 4 | pT6to8 | 15 | low_stats
v2 | 1 | cent10to20 | 2 | 4 | pT6to8 | 16 | low_stats
v2 | 1 | cent10to20 | 2 | 4 | pT6to8 | 17 | low_stats
v2 | 1 | cent10to20 | 2 | 4 | pT6to8 | 18 | low_stats
v2 | 1 | cent10to20 | 2 | 4 | pT6to8 | 19 | low_stats
v2 | 1 | cent10to20 | 2 | 4 | pT6to8 | 20 | low_stats
v2 | 1 | cent10to20 | 2 | 4 | pT6to8 | 21 | low_stats
v2 | 1 | cent10to20 | 2 | 4 | pT6to8 | 22 | low_stats
v2 | 1 | cent10to20 | 2 | 4 | pT6to8 | 23 | low_stats
v2 | 1 | cent10to20 | 2 | 4 | pT6to8 | 24 | low_stats
v2 | 1 | cent10to20 | 2 | 4 | pT6to8 | 25 | low_stats
v2 | 1 | cent10to20 | 2 | 4 | pT6to8 | 26 | low_stats
v2 | 1 | cent10to20 | 2 | 4 | pT6to8 | 27 | low_stats
v2 | 1 | cent10to20 | 2 | 4 | pT6to8 | 28 | low_stats
v2 | 1 | cent10to20 | 2 | 4 | pT6to8 | 29 | low_stats
v2 | 1 | cent10to20 | 2 | 4 | pT6to8 | 30 | low_stats
v2 | 1 | cent10to20 | 2 | 4 | pT6to8 | 31 | low_stats
v2 | 1 | cent10to20 | 2 | 4 | pT6to8 | 32 | low_stats
v2 | 1 | cent10to20 | 2 | 4 | pT6to8 | 33 | low_stats
v2 | 1 | cent10to20 | 2 | 4 | pT6to8 | 34 | low_stats
v2 | 1 | cent10to20 | 2 | 4 | pT6to8 | 35 | low_stats
v2 | 1 | cent10to20 | 2 | 4 | pT6to8 | 36 | low_stats
v2 | 1 | cent10to20 | 2 | 4 | pT6to8 | 37 | low_stats
v2 | 1 | cent10to20 | 2 | 4 | pT6to8 | 38 | low_stats
v2 | 1 | cent10to20 | 2 | 4 | pT6to8 | 39 | low_stats
v2 | 1 | cent10to20 | 2 | 4 | pT6to8 | 40 | low_stats
v2 | 1 | cent10to20 | 2 | 4 | pT6to8 | 41 | low_stats
v2 | 1 | cent10to20 | 3 | 4 | pT6to8 | 0 | low_stats
v2 | 1 | cent10to20 | 3 | 4 | pT6to8 | 1 | low_stats
v2 | 1 | cent10to20 | 3 | 4 | pT6to8 | 2 | low_stats
v2 | 1 | cent10to20 | 3 | 4 | pT6to8 | 3 | low_stats
v2 | 1 | cent10to20 | 3 | 4 | pT6to8 | 4 | low_stats
v2 | 1 | cent10to20 | 3 | 4 | pT6to8 | 5 | low_stats
v2 | 1 | cent10to20 | 3 | 4 | pT6to8 | 6 | low_stats
v2 | 1 | cent10to20 | 3 | 4 | pT6to8 | 7 | low_stats
v2 | 1 | cent10to20 | 3 | 4 | pT6to8 | 8 | low_stats
v2 | 1 | cent10to20 | 3 | 4 | pT6to8 | 9 | low_stats
v2 | 1 | cent10to20 | 3 | 4 | pT6to8 | 10 | low_stats
v2 | 1 | cent10to20 | 3 | 4 | pT6to8 | 11 | low_stats
v2 | 1 | cent10to20 | 3 | 4 | pT6to8 | 12 | low_stats
v2 | 1 | cent10to20 | 3 | 4 | pT6to8 | 13 | low_stats
v2 | 1 | cent10to20 | 3 | 4 | pT6to8 | 14 | low_stats
v2 | 1 | cent10to20 | 3 | 4 | pT6to8 | 15 | low_stats
v2 | 1 | cent10to20 | 3 | 4 | pT6to8 | 16 | low_stats
v2 | 1 | cent10to20 | 3 | 4 | pT6to8 | 17 | low_stats
v2 | 1 | cent10to20 | 3 | 4 | pT6to8 | 18 | low_stats
v2 | 1 | cent10to20 | 3 | 4 | pT6to8 | 19 | low_stats
v2 | 1 | cent10to20 | 3 | 4 | pT6to8 | 20 | low_stats
v2 | 1 | cent10to20 | 3 | 4 | pT6to8 | 21 | low_stats
v2 | 1 | cent10to20 | 3 | 4 | pT6to8 | 22 | low_stats
v2 | 1 | cent10to20 | 3 | 4 | pT6to8 | 23 | low_stats
v2 | 1 | cent10to20 | 3 | 4 | pT6to8 | 24 | low_stats
v2 | 1 | cent10to20 | 3 | 4 | pT6to8 | 25 | low_stats
v2 | 1 | cent10to20 | 3 | 4 | pT6to8 | 26 | low_stats
v2 | 1 | cent10to20 | 3 | 4 | pT6to8 | 27 | low_stats
v2 | 1 | cent10to20 | 3 | 4 | pT6to8 | 28 | low_stats
v2 | 1 | cent10to20 | 3 | 4 | pT6to8 | 29 | low_stats
v2 | 1 | cent10to20 | 3 | 4 | pT6to8 | 30 | low_stats
v2 | 1 | cent10to20 | 3 | 4 | pT6to8 | 31 | low_stats
v2 | 1 | cent10to20 | 3 | 4 | pT6to8 | 32 | low_stats
v2 | 1 | cent10to20 | 3 | 4 | pT6to8 | 33 | low_stats
v2 | 1 | cent10to20 | 3 | 4 | pT6to8 | 34 | low_stats
v2 | 1 | cent10to20 | 3 | 4 | pT6to8 | 35 | low_stats
v2 | 1 | cent10to20 | 3 | 4 | pT6to8 | 36 | low_stats
v2 | 1 | cent10to20 | 3 | 4 | pT6to8 | 37 | low_stats
v2 | 1 | cent10to20 | 3 | 4 | pT6to8 | 38 | low_stats
v2 | 1 | cent10to20 | 3 | 4 | pT6to8 | 39 | low_stats
v2 | 1 | cent10to20 | 3 | 4 | pT6to8 | 40 | low_stats
v2 | 1 | cent10to20 | 3 | 4 | pT6to8 | 41 | low_stats
v2 | 1 | cent10to20 | 4 | 4 | pT6to8 | 0 | low_stats
v2 | 1 | cent10to20 | 4 | 4 | pT6to8 | 1 | low_stats
v2 | 1 | cent10to20 | 4 | 4 | pT6to8 | 2 | low_stats
v2 | 1 | cent10to20 | 4 | 4 | pT6to8 | 3 | low_stats
v2 | 1 | cent10to20 | 4 | 4 | pT6to8 | 4 | low_stats
v2 | 1 | cent10to20 | 4 | 4 | pT6to8 | 5 | low_stats
v2 | 1 | cent10to20 | 4 | 4 | pT6to8 | 6 | low_stats
v2 | 1 | cent10to20 | 4 | 4 | pT6to8 | 7 | low_stats
v2 | 1 | cent10to20 | 4 | 4 | pT6to8 | 8 | low_stats
v2 | 1 | cent10to20 | 4 | 4 | pT6to8 | 9 | low_stats
v2 | 1 | cent10to20 | 4 | 4 | pT6to8 | 10 | low_stats
v2 | 1 | cent10to20 | 4 | 4 | pT6to8 | 11 | low_stats
v2 | 1 | cent10to20 | 4 | 4 | pT6to8 | 12 | low_stats
v2 | 1 | cent10to20 | 4 | 4 | pT6to8 | 13 | low_stats
v2 | 1 | cent10to20 | 4 | 4 | pT6to8 | 14 | low_stats
v2 | 1 | cent10to20 | 4 | 4 | pT6to8 | 15 | low_stats
v2 | 1 | cent10to20 | 4 | 4 | pT6to8 | 16 | low_stats
v2 | 1 | cent10to20 | 4 | 4 | pT6to8 | 17 | low_stats
v2 | 1 | cent10to20 | 4 | 4 | pT6to8 | 18 | low_stats
v2 | 1 | cent10to20 | 4 | 4 | pT6to8 | 19 | low_stats
v2 | 1 | cent10to20 | 4 | 4 | pT6to8 | 20 | low_stats
v2 | 1 | cent10to20 | 4 | 4 | pT6to8 | 21 | low_stats
v2 | 1 | cent10to20 | 4 | 4 | pT6to8 | 22 | low_stats
v2 | 1 | cent10to20 | 4 | 4 | pT6to8 | 23 | low_stats
v2 | 1 | cent10to20 | 4 | 4 | pT6to8 | 24 | low_stats
v2 | 1 | cent10to20 | 4 | 4 | pT6to8 | 25 | low_stats
v2 | 1 | cent10to20 | 4 | 4 | pT6to8 | 26 | low_stats
v2 | 1 | cent10to20 | 4 | 4 | pT6to8 | 27 | low_stats
v2 | 1 | cent10to20 | 4 | 4 | pT6to8 | 28 | low_stats
v2 | 1 | cent10to20 | 4 | 4 | pT6to8 | 29 | low_stats
v2 | 1 | cent10to20 | 4 | 4 | pT6to8 | 30 | low_stats
v2 | 1 | cent10to20 | 4 | 4 | pT6to8 | 31 | low_stats
v2 | 1 | cent10to20 | 4 | 4 | pT6to8 | 32 | low_stats
v2 | 1 | cent10to20 | 4 | 4 | pT6to8 | 33 | low_stats
v2 | 1 | cent10to20 | 4 | 4 | pT6to8 | 34 | low_stats
v2 | 1 | cent10to20 | 4 | 4 | pT6to8 | 35 | low_stats
v2 | 1 | cent10to20 | 4 | 4 | pT6to8 | 36 | low_stats
v2 | 1 | cent10to20 | 4 | 4 | pT6to8 | 37 | low_stats
v2 | 1 | cent10to20 | 4 | 4 | pT6to8 | 38 | low_stats
v2 | 1 | cent10to20 | 4 | 4 | pT6to8 | 39 | low_stats
v2 | 1 | cent10to20 | 4 | 4 | pT6to8 | 40 | low_stats
v2 | 1 | cent10to20 | 4 | 4 | pT6to8 | 41 | low_stats
v2 | 1 | cent10to20 | 5 | 4 | pT6to8 | 0 | low_stats
v2 | 1 | cent10to20 | 5 | 4 | pT6to8 | 1 | low_stats
v2 | 1 | cent10to20 | 5 | 4 | pT6to8 | 2 | low_stats
v2 | 1 | cent10to20 | 5 | 4 | pT6to8 | 3 | low_stats
v2 | 1 | cent10to20 | 5 | 4 | pT6to8 | 4 | low_stats
v2 | 1 | cent10to20 | 5 | 4 | pT6to8 | 5 | low_stats
v2 | 1 | cent10to20 | 5 | 4 | pT6to8 | 6 | low_stats
v2 | 1 | cent10to20 | 5 | 4 | pT6to8 | 7 | low_stats
v2 | 1 | cent10to20 | 5 | 4 | pT6to8 | 8 | low_stats
v2 | 1 | cent10to20 | 5 | 4 | pT6to8 | 9 | low_stats
v2 | 1 | cent10to20 | 5 | 4 | pT6to8 | 10 | low_stats
v2 | 1 | cent10to20 | 5 | 4 | pT6to8 | 11 | low_stats
v2 | 1 | cent10to20 | 5 | 4 | pT6to8 | 12 | low_stats
v2 | 1 | cent10to20 | 5 | 4 | pT6to8 | 13 | low_stats
v2 | 1 | cent10to20 | 5 | 4 | pT6to8 | 14 | low_stats
v2 | 1 | cent10to20 | 5 | 4 | pT6to8 | 15 | low_stats
v2 | 1 | cent10to20 | 5 | 4 | pT6to8 | 16 | low_stats
v2 | 1 | cent10to20 | 5 | 4 | pT6to8 | 17 | low_stats
v2 | 1 | cent10to20 | 5 | 4 | pT6to8 | 18 | low_stats
v2 | 1 | cent10to20 | 5 | 4 | pT6to8 | 19 | low_stats
v2 | 1 | cent10to20 | 5 | 4 | pT6to8 | 20 | low_stats
v2 | 1 | cent10to20 | 5 | 4 | pT6to8 | 21 | low_stats
v2 | 1 | cent10to20 | 5 | 4 | pT6to8 | 22 | low_stats
v2 | 1 | cent10to20 | 5 | 4 | pT6to8 | 24 | low_stats
v2 | 1 | cent10to20 | 5 | 4 | pT6to8 | 25 | low_stats
v2 | 1 | cent10to20 | 5 | 4 | pT6to8 | 26 | low_stats
v2 | 1 | cent10to20 | 5 | 4 | pT6to8 | 27 | low_stats
v2 | 1 | cent10to20 | 5 | 4 | pT6to8 | 28 | low_stats
v2 | 1 | cent10to20 | 5 | 4 | pT6to8 | 29 | low_stats
v2 | 1 | cent10to20 | 5 | 4 | pT6to8 | 30 | low_stats
v2 | 1 | cent10to20 | 5 | 4 | pT6to8 | 31 | low_stats
v2 | 1 | cent10to20 | 5 | 4 | pT6to8 | 32 | low_stats
v2 | 1 | cent10to20 | 5 | 4 | pT6to8 | 33 | low_stats
v2 | 1 | cent10to20 | 5 | 4 | pT6to8 | 34 | low_stats
v2 | 1 | cent10to20 | 5 | 4 | pT6to8 | 35 | low_stats
v2 | 1 | cent10to20 | 5 | 4 | pT6to8 | 36 | low_stats
v2 | 1 | cent10to20 | 5 | 4 | pT6to8 | 37 | low_stats
v2 | 1 | cent10to20 | 5 | 4 | pT6to8 | 38 | low_stats
v2 | 1 | cent10to20 | 5 | 4 | pT6to8 | 39 | low_stats
v2 | 1 | cent10to20 | 5 | 4 | pT6to8 | 40 | low_stats
v2 | 1 | cent10to20 | 5 | 4 | pT6to8 | 41 | low_stats
v2 | 1 | cent10to20 | 6 | 4 | pT6to8 | 0 | low_stats
v2 | 1 | cent10to20 | 6 | 4 | pT6to8 | 1 | low_stats
v2 | 1 | cent10to20 | 6 | 4 | pT6to8 | 2 | low_stats
v2 | 1 | cent10to20 | 6 | 4 | pT6to8 | 3 | low_stats
v2 | 1 | cent10to20 | 6 | 4 | pT6to8 | 4 | low_stats
v2 | 1 | cent10to20 | 6 | 4 | pT6to8 | 5 | low_stats
v2 | 1 | cent10to20 | 6 | 4 | pT6to8 | 6 | low_stats
v2 | 1 | cent10to20 | 6 | 4 | pT6to8 | 7 | low_stats
v2 | 1 | cent10to20 | 6 | 4 | pT6to8 | 8 | low_stats
v2 | 1 | cent10to20 | 6 | 4 | pT6to8 | 9 | low_stats
v2 | 1 | cent10to20 | 6 | 4 | pT6to8 | 10 | low_stats
v2 | 1 | cent10to20 | 6 | 4 | pT6to8 | 11 | low_stats
v2 | 1 | cent10to20 | 6 | 4 | pT6to8 | 12 | low_stats
v2 | 1 | cent10to20 | 6 | 4 | pT6to8 | 13 | low_stats
v2 | 1 | cent10to20 | 6 | 4 | pT6to8 | 14 | low_stats
v2 | 1 | cent10to20 | 6 | 4 | pT6to8 | 15 | low_stats
v2 | 1 | cent10to20 | 6 | 4 | pT6to8 | 16 | low_stats
v2 | 1 | cent10to20 | 6 | 4 | pT6to8 | 17 | low_stats
v2 | 1 | cent10to20 | 6 | 4 | pT6to8 | 18 | low_stats
v2 | 1 | cent10to20 | 6 | 4 | pT6to8 | 19 | low_stats
v2 | 1 | cent10to20 | 6 | 4 | pT6to8 | 20 | low_stats
v2 | 1 | cent10to20 | 6 | 4 | pT6to8 | 21 | low_stats
v2 | 1 | cent10to20 | 6 | 4 | pT6to8 | 22 | low_stats
v2 | 1 | cent10to20 | 6 | 4 | pT6to8 | 23 | low_stats
v2 | 1 | cent10to20 | 6 | 4 | pT6to8 | 24 | low_stats
v2 | 1 | cent10to20 | 6 | 4 | pT6to8 | 25 | low_stats
v2 | 1 | cent10to20 | 6 | 4 | pT6to8 | 26 | low_stats
v2 | 1 | cent10to20 | 6 | 4 | pT6to8 | 27 | low_stats
v2 | 1 | cent10to20 | 6 | 4 | pT6to8 | 28 | low_stats
v2 | 1 | cent10to20 | 6 | 4 | pT6to8 | 29 | low_stats
v2 | 1 | cent10to20 | 6 | 4 | pT6to8 | 30 | low_stats
v2 | 1 | cent10to20 | 6 | 4 | pT6to8 | 31 | low_stats
v2 | 1 | cent10to20 | 6 | 4 | pT6to8 | 32 | low_stats
v2 | 1 | cent10to20 | 6 | 4 | pT6to8 | 33 | low_stats
v2 | 1 | cent10to20 | 6 | 4 | pT6to8 | 34 | low_stats
v2 | 1 | cent10to20 | 6 | 4 | pT6to8 | 35 | low_stats
v2 | 1 | cent10to20 | 6 | 4 | pT6to8 | 36 | low_stats
v2 | 1 | cent10to20 | 6 | 4 | pT6to8 | 37 | low_stats
v2 | 1 | cent10to20 | 6 | 4 | pT6to8 | 38 | low_stats
v2 | 1 | cent10to20 | 6 | 4 | pT6to8 | 39 | low_stats
v2 | 1 | cent10to20 | 6 | 4 | pT6to8 | 40 | low_stats
v2 | 1 | cent10to20 | 6 | 4 | pT6to8 | 41 | low_stats
v2 | 1 | cent10to20 | 7 | 4 | pT6to8 | 0 | low_stats
v2 | 1 | cent10to20 | 7 | 4 | pT6to8 | 1 | low_stats
v2 | 1 | cent10to20 | 7 | 4 | pT6to8 | 2 | low_stats
v2 | 1 | cent10to20 | 7 | 4 | pT6to8 | 3 | low_stats
v2 | 1 | cent10to20 | 7 | 4 | pT6to8 | 4 | low_stats
v2 | 1 | cent10to20 | 7 | 4 | pT6to8 | 5 | low_stats
v2 | 1 | cent10to20 | 7 | 4 | pT6to8 | 6 | low_stats
v2 | 1 | cent10to20 | 7 | 4 | pT6to8 | 7 | low_stats
v2 | 1 | cent10to20 | 7 | 4 | pT6to8 | 8 | low_stats
v2 | 1 | cent10to20 | 7 | 4 | pT6to8 | 9 | low_stats
v2 | 1 | cent10to20 | 7 | 4 | pT6to8 | 10 | low_stats
v2 | 1 | cent10to20 | 7 | 4 | pT6to8 | 11 | low_stats
v2 | 1 | cent10to20 | 7 | 4 | pT6to8 | 12 | low_stats
v2 | 1 | cent10to20 | 7 | 4 | pT6to8 | 13 | low_stats
v2 | 1 | cent10to20 | 7 | 4 | pT6to8 | 14 | low_stats
v2 | 1 | cent10to20 | 7 | 4 | pT6to8 | 15 | low_stats
v2 | 1 | cent10to20 | 7 | 4 | pT6to8 | 16 | low_stats
v2 | 1 | cent10to20 | 7 | 4 | pT6to8 | 17 | low_stats
v2 | 1 | cent10to20 | 7 | 4 | pT6to8 | 18 | low_stats
v2 | 1 | cent10to20 | 7 | 4 | pT6to8 | 19 | low_stats
v2 | 1 | cent10to20 | 7 | 4 | pT6to8 | 20 | low_stats
v2 | 1 | cent10to20 | 7 | 4 | pT6to8 | 21 | low_stats
v2 | 1 | cent10to20 | 7 | 4 | pT6to8 | 22 | low_stats
v2 | 1 | cent10to20 | 7 | 4 | pT6to8 | 23 | low_stats
v2 | 1 | cent10to20 | 7 | 4 | pT6to8 | 25 | low_stats
v2 | 1 | cent10to20 | 7 | 4 | pT6to8 | 26 | low_stats
v2 | 1 | cent10to20 | 7 | 4 | pT6to8 | 27 | low_stats
v2 | 1 | cent10to20 | 7 | 4 | pT6to8 | 28 | low_stats
v2 | 1 | cent10to20 | 7 | 4 | pT6to8 | 29 | low_stats
v2 | 1 | cent10to20 | 7 | 4 | pT6to8 | 30 | low_stats
v2 | 1 | cent10to20 | 7 | 4 | pT6to8 | 31 | low_stats
v2 | 1 | cent10to20 | 7 | 4 | pT6to8 | 32 | low_stats
v2 | 1 | cent10to20 | 7 | 4 | pT6to8 | 33 | low_stats
v2 | 1 | cent10to20 | 7 | 4 | pT6to8 | 34 | low_stats
v2 | 1 | cent10to20 | 7 | 4 | pT6to8 | 35 | low_stats
v2 | 1 | cent10to20 | 7 | 4 | pT6to8 | 36 | low_stats
v2 | 1 | cent10to20 | 7 | 4 | pT6to8 | 37 | low_stats
v2 | 1 | cent10to20 | 7 | 4 | pT6to8 | 38 | low_stats
v2 | 1 | cent10to20 | 7 | 4 | pT6to8 | 39 | low_stats
v2 | 1 | cent10to20 | 7 | 4 | pT6to8 | 40 | low_stats
v2 | 1 | cent10to20 | 7 | 4 | pT6to8 | 41 | low_stats
v2 | 1 | cent10to20 | 8 | 4 | pT6to8 | 0 | low_stats
v2 | 1 | cent10to20 | 8 | 4 | pT6to8 | 1 | low_stats
v2 | 1 | cent10to20 | 8 | 4 | pT6to8 | 2 | low_stats
v2 | 1 | cent10to20 | 8 | 4 | pT6to8 | 3 | low_stats
v2 | 1 | cent10to20 | 8 | 4 | pT6to8 | 4 | low_stats
v2 | 1 | cent10to20 | 8 | 4 | pT6to8 | 5 | low_stats
v2 | 1 | cent10to20 | 8 | 4 | pT6to8 | 6 | low_stats
v2 | 1 | cent10to20 | 8 | 4 | pT6to8 | 7 | low_stats
v2 | 1 | cent10to20 | 8 | 4 | pT6to8 | 8 | low_stats
v2 | 1 | cent10to20 | 8 | 4 | pT6to8 | 9 | low_stats
v2 | 1 | cent10to20 | 8 | 4 | pT6to8 | 10 | low_stats
v2 | 1 | cent10to20 | 8 | 4 | pT6to8 | 11 | low_stats
v2 | 1 | cent10to20 | 8 | 4 | pT6to8 | 12 | low_stats
v2 | 1 | cent10to20 | 8 | 4 | pT6to8 | 13 | low_stats
v2 | 1 | cent10to20 | 8 | 4 | pT6to8 | 14 | low_stats
v2 | 1 | cent10to20 | 8 | 4 | pT6to8 | 15 | low_stats
v2 | 1 | cent10to20 | 8 | 4 | pT6to8 | 16 | low_stats
v2 | 1 | cent10to20 | 8 | 4 | pT6to8 | 17 | low_stats
v2 | 1 | cent10to20 | 8 | 4 | pT6to8 | 18 | low_stats
v2 | 1 | cent10to20 | 8 | 4 | pT6to8 | 19 | low_stats
v2 | 1 | cent10to20 | 8 | 4 | pT6to8 | 20 | low_stats
v2 | 1 | cent10to20 | 8 | 4 | pT6to8 | 21 | low_stats
v2 | 1 | cent10to20 | 8 | 4 | pT6to8 | 22 | low_stats
v2 | 1 | cent10to20 | 8 | 4 | pT6to8 | 23 | low_stats
v2 | 1 | cent10to20 | 8 | 4 | pT6to8 | 24 | low_stats
v2 | 1 | cent10to20 | 8 | 4 | pT6to8 | 25 | low_stats
v2 | 1 | cent10to20 | 8 | 4 | pT6to8 | 26 | low_stats
v2 | 1 | cent10to20 | 8 | 4 | pT6to8 | 27 | low_stats
v2 | 1 | cent10to20 | 8 | 4 | pT6to8 | 28 | low_stats
v2 | 1 | cent10to20 | 8 | 4 | pT6to8 | 29 | low_stats
v2 | 1 | cent10to20 | 8 | 4 | pT6to8 | 30 | low_stats
v2 | 1 | cent10to20 | 8 | 4 | pT6to8 | 31 | low_stats
v2 | 1 | cent10to20 | 8 | 4 | pT6to8 | 32 | low_stats
v2 | 1 | cent10to20 | 8 | 4 | pT6to8 | 33 | low_stats
v2 | 1 | cent10to20 | 8 | 4 | pT6to8 | 34 | low_stats
v2 | 1 | cent10to20 | 8 | 4 | pT6to8 | 35 | low_stats
v2 | 1 | cent10to20 | 8 | 4 | pT6to8 | 36 | low_stats
v2 | 1 | cent10to20 | 8 | 4 | pT6to8 | 37 | low_stats
v2 | 1 | cent10to20 | 8 | 4 | pT6to8 | 38 | low_stats
v2 | 1 | cent10to20 | 8 | 4 | pT6to8 | 39 | low_stats
v2 | 1 | cent10to20 | 8 | 4 | pT6to8 | 40 | low_stats
v2 | 1 | cent10to20 | 8 | 4 | pT6to8 | 41 | low_stats
v2 | 1 | cent10to20 | 9 | 4 | pT6to8 | 0 | low_stats
v2 | 1 | cent10to20 | 9 | 4 | pT6to8 | 1 | low_stats
v2 | 1 | cent10to20 | 9 | 4 | pT6to8 | 2 | low_stats
v2 | 1 | cent10to20 | 9 | 4 | pT6to8 | 3 | low_stats
v2 | 1 | cent10to20 | 9 | 4 | pT6to8 | 4 | low_stats
v2 | 1 | cent10to20 | 9 | 4 | pT6to8 | 5 | low_stats
v2 | 1 | cent10to20 | 9 | 4 | pT6to8 | 6 | low_stats
v2 | 1 | cent10to20 | 9 | 4 | pT6to8 | 7 | low_stats
v2 | 1 | cent10to20 | 9 | 4 | pT6to8 | 8 | low_stats
v2 | 1 | cent10to20 | 9 | 4 | pT6to8 | 9 | low_stats
v2 | 1 | cent10to20 | 9 | 4 | pT6to8 | 10 | low_stats
v2 | 1 | cent10to20 | 9 | 4 | pT6to8 | 11 | low_stats
v2 | 1 | cent10to20 | 9 | 4 | pT6to8 | 12 | low_stats
v2 | 1 | cent10to20 | 9 | 4 | pT6to8 | 13 | low_stats
v2 | 1 | cent10to20 | 9 | 4 | pT6to8 | 14 | low_stats
v2 | 1 | cent10to20 | 9 | 4 | pT6to8 | 15 | low_stats
v2 | 1 | cent10to20 | 9 | 4 | pT6to8 | 16 | low_stats
v2 | 1 | cent10to20 | 9 | 4 | pT6to8 | 17 | low_stats
v2 | 1 | cent10to20 | 9 | 4 | pT6to8 | 18 | low_stats
v2 | 1 | cent10to20 | 9 | 4 | pT6to8 | 19 | low_stats
v2 | 1 | cent10to20 | 9 | 4 | pT6to8 | 20 | low_stats
v2 | 1 | cent10to20 | 9 | 4 | pT6to8 | 21 | low_stats
v2 | 1 | cent10to20 | 9 | 4 | pT6to8 | 22 | low_stats
v2 | 1 | cent10to20 | 9 | 4 | pT6to8 | 25 | low_stats
v2 | 1 | cent10to20 | 9 | 4 | pT6to8 | 26 | low_stats
v2 | 1 | cent10to20 | 9 | 4 | pT6to8 | 27 | low_stats
v2 | 1 | cent10to20 | 9 | 4 | pT6to8 | 28 | low_stats
v2 | 1 | cent10to20 | 9 | 4 | pT6to8 | 29 | low_stats
v2 | 1 | cent10to20 | 9 | 4 | pT6to8 | 30 | low_stats
v2 | 1 | cent10to20 | 9 | 4 | pT6to8 | 31 | low_stats
v2 | 1 | cent10to20 | 9 | 4 | pT6to8 | 32 | low_stats
v2 | 1 | cent10to20 | 9 | 4 | pT6to8 | 33 | low_stats
v2 | 1 | cent10to20 | 9 | 4 | pT6to8 | 34 | low_stats
v2 | 1 | cent10to20 | 9 | 4 | pT6to8 | 35 | low_stats
v2 | 1 | cent10to20 | 9 | 4 | pT6to8 | 36 | low_stats
v2 | 1 | cent10to20 | 9 | 4 | pT6to8 | 37 | low_stats
v2 | 1 | cent10to20 | 9 | 4 | pT6to8 | 38 | low_stats
v2 | 1 | cent10to20 | 9 | 4 | pT6to8 | 39 | low_stats
v2 | 1 | cent10to20 | 9 | 4 | pT6to8 | 40 | low_stats
v2 | 1 | cent10to20 | 9 | 4 | pT6to8 | 41 | low_stats
v2 | 1 | cent10to20 | 10 | 4 | pT6to8 | 0 | low_stats
v2 | 1 | cent10to20 | 10 | 4 | pT6to8 | 1 | low_stats
v2 | 1 | cent10to20 | 10 | 4 | pT6to8 | 2 | low_stats
v2 | 1 | cent10to20 | 10 | 4 | pT6to8 | 3 | low_stats
v2 | 1 | cent10to20 | 10 | 4 | pT6to8 | 4 | low_stats
v2 | 1 | cent10to20 | 10 | 4 | pT6to8 | 5 | low_stats
v2 | 1 | cent10to20 | 10 | 4 | pT6to8 | 6 | low_stats
v2 | 1 | cent10to20 | 10 | 4 | pT6to8 | 7 | low_stats
v2 | 1 | cent10to20 | 10 | 4 | pT6to8 | 8 | low_stats
v2 | 1 | cent10to20 | 10 | 4 | pT6to8 | 9 | low_stats
v2 | 1 | cent10to20 | 10 | 4 | pT6to8 | 10 | low_stats
v2 | 1 | cent10to20 | 10 | 4 | pT6to8 | 11 | low_stats
v2 | 1 | cent10to20 | 10 | 4 | pT6to8 | 12 | low_stats
v2 | 1 | cent10to20 | 10 | 4 | pT6to8 | 13 | low_stats
v2 | 1 | cent10to20 | 10 | 4 | pT6to8 | 14 | low_stats
v2 | 1 | cent10to20 | 10 | 4 | pT6to8 | 15 | low_stats
v2 | 1 | cent10to20 | 10 | 4 | pT6to8 | 16 | low_stats
v2 | 1 | cent10to20 | 10 | 4 | pT6to8 | 17 | low_stats
v2 | 1 | cent10to20 | 10 | 4 | pT6to8 | 18 | low_stats
v2 | 1 | cent10to20 | 10 | 4 | pT6to8 | 19 | low_stats
v2 | 1 | cent10to20 | 10 | 4 | pT6to8 | 20 | low_stats
v2 | 1 | cent10to20 | 10 | 4 | pT6to8 | 21 | low_stats
v2 | 1 | cent10to20 | 10 | 4 | pT6to8 | 22 | low_stats
v2 | 1 | cent10to20 | 10 | 4 | pT6to8 | 23 | low_stats
v2 | 1 | cent10to20 | 10 | 4 | pT6to8 | 24 | low_stats
v2 | 1 | cent10to20 | 10 | 4 | pT6to8 | 25 | low_stats
v2 | 1 | cent10to20 | 10 | 4 | pT6to8 | 26 | low_stats
v2 | 1 | cent10to20 | 10 | 4 | pT6to8 | 27 | low_stats
v2 | 1 | cent10to20 | 10 | 4 | pT6to8 | 28 | low_stats
v2 | 1 | cent10to20 | 10 | 4 | pT6to8 | 29 | low_stats
v2 | 1 | cent10to20 | 10 | 4 | pT6to8 | 30 | low_stats
v2 | 1 | cent10to20 | 10 | 4 | pT6to8 | 31 | low_stats
v2 | 1 | cent10to20 | 10 | 4 | pT6to8 | 32 | low_stats
v2 | 1 | cent10to20 | 10 | 4 | pT6to8 | 33 | low_stats
v2 | 1 | cent10to20 | 10 | 4 | pT6to8 | 34 | low_stats
v2 | 1 | cent10to20 | 10 | 4 | pT6to8 | 35 | low_stats
v2 | 1 | cent10to20 | 10 | 4 | pT6to8 | 36 | low_stats
v2 | 1 | cent10to20 | 10 | 4 | pT6to8 | 37 | low_stats
v2 | 1 | cent10to20 | 10 | 4 | pT6to8 | 38 | low_stats
v2 | 1 | cent10to20 | 10 | 4 | pT6to8 | 39 | low_stats
v2 | 1 | cent10to20 | 10 | 4 | pT6to8 | 40 | low_stats
v2 | 1 | cent10to20 | 10 | 4 | pT6to8 | 41 | low_stats
v2 | 1 | cent10to20 | 11 | 4 | pT6to8 | 0 | low_stats
v2 | 1 | cent10to20 | 11 | 4 | pT6to8 | 1 | low_stats
v2 | 1 | cent10to20 | 11 | 4 | pT6to8 | 2 | low_stats
v2 | 1 | cent10to20 | 11 | 4 | pT6to8 | 3 | low_stats
v2 | 1 | cent10to20 | 11 | 4 | pT6to8 | 4 | low_stats
v2 | 1 | cent10to20 | 11 | 4 | pT6to8 | 5 | low_stats
v2 | 1 | cent10to20 | 11 | 4 | pT6to8 | 6 | low_stats
v2 | 1 | cent10to20 | 11 | 4 | pT6to8 | 7 | low_stats
v2 | 1 | cent10to20 | 11 | 4 | pT6to8 | 8 | low_stats
v2 | 1 | cent10to20 | 11 | 4 | pT6to8 | 9 | low_stats
v2 | 1 | cent10to20 | 11 | 4 | pT6to8 | 10 | low_stats
v2 | 1 | cent10to20 | 11 | 4 | pT6to8 | 11 | low_stats
v2 | 1 | cent10to20 | 11 | 4 | pT6to8 | 12 | low_stats
v2 | 1 | cent10to20 | 11 | 4 | pT6to8 | 13 | low_stats
v2 | 1 | cent10to20 | 11 | 4 | pT6to8 | 14 | low_stats
v2 | 1 | cent10to20 | 11 | 4 | pT6to8 | 15 | low_stats
v2 | 1 | cent10to20 | 11 | 4 | pT6to8 | 16 | low_stats
v2 | 1 | cent10to20 | 11 | 4 | pT6to8 | 17 | low_stats
v2 | 1 | cent10to20 | 11 | 4 | pT6to8 | 18 | low_stats
v2 | 1 | cent10to20 | 11 | 4 | pT6to8 | 19 | low_stats
v2 | 1 | cent10to20 | 11 | 4 | pT6to8 | 20 | low_stats
v2 | 1 | cent10to20 | 11 | 4 | pT6to8 | 21 | low_stats
v2 | 1 | cent10to20 | 11 | 4 | pT6to8 | 22 | low_stats
v2 | 1 | cent10to20 | 11 | 4 | pT6to8 | 23 | low_stats
v2 | 1 | cent10to20 | 11 | 4 | pT6to8 | 24 | low_stats
v2 | 1 | cent10to20 | 11 | 4 | pT6to8 | 25 | low_stats
v2 | 1 | cent10to20 | 11 | 4 | pT6to8 | 26 | low_stats
v2 | 1 | cent10to20 | 11 | 4 | pT6to8 | 27 | low_stats
v2 | 1 | cent10to20 | 11 | 4 | pT6to8 | 28 | low_stats
v2 | 1 | cent10to20 | 11 | 4 | pT6to8 | 29 | low_stats
v2 | 1 | cent10to20 | 11 | 4 | pT6to8 | 30 | low_stats
v2 | 1 | cent10to20 | 11 | 4 | pT6to8 | 31 | low_stats
v2 | 1 | cent10to20 | 11 | 4 | pT6to8 | 32 | low_stats
v2 | 1 | cent10to20 | 11 | 4 | pT6to8 | 33 | low_stats
v2 | 1 | cent10to20 | 11 | 4 | pT6to8 | 34 | low_stats
v2 | 1 | cent10to20 | 11 | 4 | pT6to8 | 35 | low_stats
v2 | 1 | cent10to20 | 11 | 4 | pT6to8 | 36 | low_stats
v2 | 1 | cent10to20 | 11 | 4 | pT6to8 | 37 | low_stats
v2 | 1 | cent10to20 | 11 | 4 | pT6to8 | 38 | low_stats
v2 | 1 | cent10to20 | 11 | 4 | pT6to8 | 39 | low_stats
v2 | 1 | cent10to20 | 11 | 4 | pT6to8 | 40 | low_stats
v2 | 1 | cent10to20 | 11 | 4 | pT6to8 | 41 | low_stats
v2 | 1 | cent10to20 | 0 | 5 | pT8to10 | 0 | low_stats
v2 | 1 | cent10to20 | 0 | 5 | pT8to10 | 1 | low_stats
v2 | 1 | cent10to20 | 0 | 5 | pT8to10 | 2 | low_stats
v2 | 1 | cent10to20 | 0 | 5 | pT8to10 | 3 | low_stats
v2 | 1 | cent10to20 | 0 | 5 | pT8to10 | 4 | low_stats
v2 | 1 | cent10to20 | 0 | 5 | pT8to10 | 5 | low_stats
v2 | 1 | cent10to20 | 0 | 5 | pT8to10 | 6 | low_stats
v2 | 1 | cent10to20 | 0 | 5 | pT8to10 | 7 | low_stats
v2 | 1 | cent10to20 | 0 | 5 | pT8to10 | 8 | low_stats
v2 | 1 | cent10to20 | 0 | 5 | pT8to10 | 9 | low_stats
v2 | 1 | cent10to20 | 0 | 5 | pT8to10 | 10 | low_stats
v2 | 1 | cent10to20 | 0 | 5 | pT8to10 | 11 | low_stats
v2 | 1 | cent10to20 | 0 | 5 | pT8to10 | 12 | low_stats
v2 | 1 | cent10to20 | 0 | 5 | pT8to10 | 13 | low_stats
v2 | 1 | cent10to20 | 0 | 5 | pT8to10 | 14 | low_stats
v2 | 1 | cent10to20 | 0 | 5 | pT8to10 | 15 | low_stats
v2 | 1 | cent10to20 | 0 | 5 | pT8to10 | 16 | low_stats
v2 | 1 | cent10to20 | 0 | 5 | pT8to10 | 17 | low_stats
v2 | 1 | cent10to20 | 0 | 5 | pT8to10 | 18 | low_stats
v2 | 1 | cent10to20 | 0 | 5 | pT8to10 | 19 | low_stats
v2 | 1 | cent10to20 | 0 | 5 | pT8to10 | 20 | low_stats
v2 | 1 | cent10to20 | 0 | 5 | pT8to10 | 21 | low_stats
v2 | 1 | cent10to20 | 0 | 5 | pT8to10 | 22 | low_stats
v2 | 1 | cent10to20 | 0 | 5 | pT8to10 | 23 | low_stats
v2 | 1 | cent10to20 | 0 | 5 | pT8to10 | 24 | low_stats
v2 | 1 | cent10to20 | 0 | 5 | pT8to10 | 25 | low_stats
v2 | 1 | cent10to20 | 0 | 5 | pT8to10 | 26 | low_stats
v2 | 1 | cent10to20 | 0 | 5 | pT8to10 | 27 | low_stats
v2 | 1 | cent10to20 | 0 | 5 | pT8to10 | 28 | low_stats
v2 | 1 | cent10to20 | 0 | 5 | pT8to10 | 29 | low_stats
v2 | 1 | cent10to20 | 0 | 5 | pT8to10 | 30 | low_stats
v2 | 1 | cent10to20 | 0 | 5 | pT8to10 | 31 | low_stats
v2 | 1 | cent10to20 | 0 | 5 | pT8to10 | 32 | low_stats
v2 | 1 | cent10to20 | 0 | 5 | pT8to10 | 33 | low_stats
v2 | 1 | cent10to20 | 0 | 5 | pT8to10 | 34 | low_stats
v2 | 1 | cent10to20 | 0 | 5 | pT8to10 | 35 | low_stats
v2 | 1 | cent10to20 | 0 | 5 | pT8to10 | 36 | low_stats
v2 | 1 | cent10to20 | 0 | 5 | pT8to10 | 37 | low_stats
v2 | 1 | cent10to20 | 0 | 5 | pT8to10 | 38 | low_stats
v2 | 1 | cent10to20 | 0 | 5 | pT8to10 | 39 | low_stats
v2 | 1 | cent10to20 | 0 | 5 | pT8to10 | 40 | low_stats
v2 | 1 | cent10to20 | 0 | 5 | pT8to10 | 41 | low_stats
v2 | 1 | cent10to20 | 1 | 5 | pT8to10 | 0 | low_stats
v2 | 1 | cent10to20 | 1 | 5 | pT8to10 | 1 | low_stats
v2 | 1 | cent10to20 | 1 | 5 | pT8to10 | 2 | low_stats
v2 | 1 | cent10to20 | 1 | 5 | pT8to10 | 3 | low_stats
v2 | 1 | cent10to20 | 1 | 5 | pT8to10 | 4 | low_stats
v2 | 1 | cent10to20 | 1 | 5 | pT8to10 | 5 | low_stats
v2 | 1 | cent10to20 | 1 | 5 | pT8to10 | 6 | low_stats
v2 | 1 | cent10to20 | 1 | 5 | pT8to10 | 7 | low_stats
v2 | 1 | cent10to20 | 1 | 5 | pT8to10 | 8 | low_stats
v2 | 1 | cent10to20 | 1 | 5 | pT8to10 | 9 | low_stats
v2 | 1 | cent10to20 | 1 | 5 | pT8to10 | 10 | low_stats
v2 | 1 | cent10to20 | 1 | 5 | pT8to10 | 11 | low_stats
v2 | 1 | cent10to20 | 1 | 5 | pT8to10 | 12 | low_stats
v2 | 1 | cent10to20 | 1 | 5 | pT8to10 | 13 | low_stats
v2 | 1 | cent10to20 | 1 | 5 | pT8to10 | 14 | low_stats
v2 | 1 | cent10to20 | 1 | 5 | pT8to10 | 15 | low_stats
v2 | 1 | cent10to20 | 1 | 5 | pT8to10 | 16 | low_stats
v2 | 1 | cent10to20 | 1 | 5 | pT8to10 | 17 | low_stats
v2 | 1 | cent10to20 | 1 | 5 | pT8to10 | 18 | low_stats
v2 | 1 | cent10to20 | 1 | 5 | pT8to10 | 19 | low_stats
v2 | 1 | cent10to20 | 1 | 5 | pT8to10 | 20 | low_stats
v2 | 1 | cent10to20 | 1 | 5 | pT8to10 | 21 | low_stats
v2 | 1 | cent10to20 | 1 | 5 | pT8to10 | 22 | low_stats
v2 | 1 | cent10to20 | 1 | 5 | pT8to10 | 23 | low_stats
v2 | 1 | cent10to20 | 1 | 5 | pT8to10 | 24 | low_stats
v2 | 1 | cent10to20 | 1 | 5 | pT8to10 | 25 | low_stats
v2 | 1 | cent10to20 | 1 | 5 | pT8to10 | 26 | low_stats
v2 | 1 | cent10to20 | 1 | 5 | pT8to10 | 27 | low_stats
v2 | 1 | cent10to20 | 1 | 5 | pT8to10 | 28 | low_stats
v2 | 1 | cent10to20 | 1 | 5 | pT8to10 | 29 | low_stats
v2 | 1 | cent10to20 | 1 | 5 | pT8to10 | 30 | low_stats
v2 | 1 | cent10to20 | 1 | 5 | pT8to10 | 31 | low_stats
v2 | 1 | cent10to20 | 1 | 5 | pT8to10 | 32 | low_stats
v2 | 1 | cent10to20 | 1 | 5 | pT8to10 | 33 | low_stats
v2 | 1 | cent10to20 | 1 | 5 | pT8to10 | 34 | low_stats
v2 | 1 | cent10to20 | 1 | 5 | pT8to10 | 35 | low_stats
v2 | 1 | cent10to20 | 1 | 5 | pT8to10 | 36 | low_stats
v2 | 1 | cent10to20 | 1 | 5 | pT8to10 | 37 | low_stats
v2 | 1 | cent10to20 | 1 | 5 | pT8to10 | 38 | low_stats
v2 | 1 | cent10to20 | 1 | 5 | pT8to10 | 39 | low_stats
v2 | 1 | cent10to20 | 1 | 5 | pT8to10 | 40 | low_stats
v2 | 1 | cent10to20 | 1 | 5 | pT8to10 | 41 | low_stats
v2 | 1 | cent10to20 | 2 | 5 | pT8to10 | 0 | low_stats
v2 | 1 | cent10to20 | 2 | 5 | pT8to10 | 1 | low_stats
v2 | 1 | cent10to20 | 2 | 5 | pT8to10 | 2 | low_stats
v2 | 1 | cent10to20 | 2 | 5 | pT8to10 | 3 | low_stats
v2 | 1 | cent10to20 | 2 | 5 | pT8to10 | 4 | low_stats
v2 | 1 | cent10to20 | 2 | 5 | pT8to10 | 5 | low_stats
v2 | 1 | cent10to20 | 2 | 5 | pT8to10 | 6 | low_stats
v2 | 1 | cent10to20 | 2 | 5 | pT8to10 | 7 | low_stats
v2 | 1 | cent10to20 | 2 | 5 | pT8to10 | 8 | low_stats
v2 | 1 | cent10to20 | 2 | 5 | pT8to10 | 9 | low_stats
v2 | 1 | cent10to20 | 2 | 5 | pT8to10 | 10 | low_stats
v2 | 1 | cent10to20 | 2 | 5 | pT8to10 | 11 | low_stats
v2 | 1 | cent10to20 | 2 | 5 | pT8to10 | 12 | low_stats
v2 | 1 | cent10to20 | 2 | 5 | pT8to10 | 13 | low_stats
v2 | 1 | cent10to20 | 2 | 5 | pT8to10 | 14 | low_stats
v2 | 1 | cent10to20 | 2 | 5 | pT8to10 | 15 | low_stats
v2 | 1 | cent10to20 | 2 | 5 | pT8to10 | 16 | low_stats
v2 | 1 | cent10to20 | 2 | 5 | pT8to10 | 17 | low_stats
v2 | 1 | cent10to20 | 2 | 5 | pT8to10 | 18 | low_stats
v2 | 1 | cent10to20 | 2 | 5 | pT8to10 | 19 | low_stats
v2 | 1 | cent10to20 | 2 | 5 | pT8to10 | 20 | low_stats
v2 | 1 | cent10to20 | 2 | 5 | pT8to10 | 21 | low_stats
v2 | 1 | cent10to20 | 2 | 5 | pT8to10 | 22 | low_stats
v2 | 1 | cent10to20 | 2 | 5 | pT8to10 | 23 | low_stats
v2 | 1 | cent10to20 | 2 | 5 | pT8to10 | 24 | low_stats
v2 | 1 | cent10to20 | 2 | 5 | pT8to10 | 25 | low_stats
v2 | 1 | cent10to20 | 2 | 5 | pT8to10 | 26 | low_stats
v2 | 1 | cent10to20 | 2 | 5 | pT8to10 | 27 | low_stats
v2 | 1 | cent10to20 | 2 | 5 | pT8to10 | 28 | low_stats
v2 | 1 | cent10to20 | 2 | 5 | pT8to10 | 29 | low_stats
v2 | 1 | cent10to20 | 2 | 5 | pT8to10 | 30 | low_stats
v2 | 1 | cent10to20 | 2 | 5 | pT8to10 | 31 | low_stats
v2 | 1 | cent10to20 | 2 | 5 | pT8to10 | 32 | low_stats
v2 | 1 | cent10to20 | 2 | 5 | pT8to10 | 33 | low_stats
v2 | 1 | cent10to20 | 2 | 5 | pT8to10 | 34 | low_stats
v2 | 1 | cent10to20 | 2 | 5 | pT8to10 | 35 | low_stats
v2 | 1 | cent10to20 | 2 | 5 | pT8to10 | 36 | low_stats
v2 | 1 | cent10to20 | 2 | 5 | pT8to10 | 37 | low_stats
v2 | 1 | cent10to20 | 2 | 5 | pT8to10 | 38 | low_stats
v2 | 1 | cent10to20 | 2 | 5 | pT8to10 | 39 | low_stats
v2 | 1 | cent10to20 | 2 | 5 | pT8to10 | 40 | low_stats
v2 | 1 | cent10to20 | 2 | 5 | pT8to10 | 41 | low_stats
v2 | 1 | cent10to20 | 3 | 5 | pT8to10 | 0 | low_stats
v2 | 1 | cent10to20 | 3 | 5 | pT8to10 | 1 | low_stats
v2 | 1 | cent10to20 | 3 | 5 | pT8to10 | 2 | low_stats
v2 | 1 | cent10to20 | 3 | 5 | pT8to10 | 3 | low_stats
v2 | 1 | cent10to20 | 3 | 5 | pT8to10 | 4 | low_stats
v2 | 1 | cent10to20 | 3 | 5 | pT8to10 | 5 | low_stats
v2 | 1 | cent10to20 | 3 | 5 | pT8to10 | 6 | low_stats
v2 | 1 | cent10to20 | 3 | 5 | pT8to10 | 7 | low_stats
v2 | 1 | cent10to20 | 3 | 5 | pT8to10 | 8 | low_stats
v2 | 1 | cent10to20 | 3 | 5 | pT8to10 | 9 | low_stats
v2 | 1 | cent10to20 | 3 | 5 | pT8to10 | 10 | low_stats
v2 | 1 | cent10to20 | 3 | 5 | pT8to10 | 11 | low_stats
v2 | 1 | cent10to20 | 3 | 5 | pT8to10 | 12 | low_stats
v2 | 1 | cent10to20 | 3 | 5 | pT8to10 | 13 | low_stats
v2 | 1 | cent10to20 | 3 | 5 | pT8to10 | 14 | low_stats
v2 | 1 | cent10to20 | 3 | 5 | pT8to10 | 15 | low_stats
v2 | 1 | cent10to20 | 3 | 5 | pT8to10 | 16 | low_stats
v2 | 1 | cent10to20 | 3 | 5 | pT8to10 | 17 | low_stats
v2 | 1 | cent10to20 | 3 | 5 | pT8to10 | 18 | low_stats
v2 | 1 | cent10to20 | 3 | 5 | pT8to10 | 19 | low_stats
v2 | 1 | cent10to20 | 3 | 5 | pT8to10 | 20 | low_stats
v2 | 1 | cent10to20 | 3 | 5 | pT8to10 | 21 | low_stats
v2 | 1 | cent10to20 | 3 | 5 | pT8to10 | 22 | low_stats
v2 | 1 | cent10to20 | 3 | 5 | pT8to10 | 23 | low_stats
v2 | 1 | cent10to20 | 3 | 5 | pT8to10 | 24 | low_stats
v2 | 1 | cent10to20 | 3 | 5 | pT8to10 | 25 | low_stats
v2 | 1 | cent10to20 | 3 | 5 | pT8to10 | 26 | low_stats
v2 | 1 | cent10to20 | 3 | 5 | pT8to10 | 27 | low_stats
v2 | 1 | cent10to20 | 3 | 5 | pT8to10 | 28 | low_stats
v2 | 1 | cent10to20 | 3 | 5 | pT8to10 | 29 | low_stats
v2 | 1 | cent10to20 | 3 | 5 | pT8to10 | 30 | low_stats
v2 | 1 | cent10to20 | 3 | 5 | pT8to10 | 31 | low_stats
v2 | 1 | cent10to20 | 3 | 5 | pT8to10 | 32 | low_stats
v2 | 1 | cent10to20 | 3 | 5 | pT8to10 | 33 | low_stats
v2 | 1 | cent10to20 | 3 | 5 | pT8to10 | 34 | low_stats
v2 | 1 | cent10to20 | 3 | 5 | pT8to10 | 35 | low_stats
v2 | 1 | cent10to20 | 3 | 5 | pT8to10 | 36 | low_stats
v2 | 1 | cent10to20 | 3 | 5 | pT8to10 | 37 | low_stats
v2 | 1 | cent10to20 | 3 | 5 | pT8to10 | 38 | low_stats
v2 | 1 | cent10to20 | 3 | 5 | pT8to10 | 39 | low_stats
v2 | 1 | cent10to20 | 3 | 5 | pT8to10 | 40 | low_stats
v2 | 1 | cent10to20 | 3 | 5 | pT8to10 | 41 | low_stats
v2 | 1 | cent10to20 | 4 | 5 | pT8to10 | 0 | low_stats
v2 | 1 | cent10to20 | 4 | 5 | pT8to10 | 1 | low_stats
v2 | 1 | cent10to20 | 4 | 5 | pT8to10 | 2 | low_stats
v2 | 1 | cent10to20 | 4 | 5 | pT8to10 | 3 | low_stats
v2 | 1 | cent10to20 | 4 | 5 | pT8to10 | 4 | low_stats
v2 | 1 | cent10to20 | 4 | 5 | pT8to10 | 5 | low_stats
v2 | 1 | cent10to20 | 4 | 5 | pT8to10 | 6 | low_stats
v2 | 1 | cent10to20 | 4 | 5 | pT8to10 | 7 | low_stats
v2 | 1 | cent10to20 | 4 | 5 | pT8to10 | 8 | low_stats
v2 | 1 | cent10to20 | 4 | 5 | pT8to10 | 9 | low_stats
v2 | 1 | cent10to20 | 4 | 5 | pT8to10 | 10 | low_stats
v2 | 1 | cent10to20 | 4 | 5 | pT8to10 | 11 | low_stats
v2 | 1 | cent10to20 | 4 | 5 | pT8to10 | 12 | low_stats
v2 | 1 | cent10to20 | 4 | 5 | pT8to10 | 13 | low_stats
v2 | 1 | cent10to20 | 4 | 5 | pT8to10 | 14 | low_stats
v2 | 1 | cent10to20 | 4 | 5 | pT8to10 | 15 | low_stats
v2 | 1 | cent10to20 | 4 | 5 | pT8to10 | 16 | low_stats
v2 | 1 | cent10to20 | 4 | 5 | pT8to10 | 17 | low_stats
v2 | 1 | cent10to20 | 4 | 5 | pT8to10 | 18 | low_stats
v2 | 1 | cent10to20 | 4 | 5 | pT8to10 | 19 | low_stats
v2 | 1 | cent10to20 | 4 | 5 | pT8to10 | 20 | low_stats
v2 | 1 | cent10to20 | 4 | 5 | pT8to10 | 21 | low_stats
v2 | 1 | cent10to20 | 4 | 5 | pT8to10 | 22 | low_stats
v2 | 1 | cent10to20 | 4 | 5 | pT8to10 | 23 | low_stats
v2 | 1 | cent10to20 | 4 | 5 | pT8to10 | 24 | low_stats
v2 | 1 | cent10to20 | 4 | 5 | pT8to10 | 25 | low_stats
v2 | 1 | cent10to20 | 4 | 5 | pT8to10 | 26 | low_stats
v2 | 1 | cent10to20 | 4 | 5 | pT8to10 | 27 | low_stats
v2 | 1 | cent10to20 | 4 | 5 | pT8to10 | 28 | low_stats
v2 | 1 | cent10to20 | 4 | 5 | pT8to10 | 29 | low_stats
v2 | 1 | cent10to20 | 4 | 5 | pT8to10 | 30 | low_stats
v2 | 1 | cent10to20 | 4 | 5 | pT8to10 | 31 | low_stats
v2 | 1 | cent10to20 | 4 | 5 | pT8to10 | 32 | low_stats
v2 | 1 | cent10to20 | 4 | 5 | pT8to10 | 33 | low_stats
v2 | 1 | cent10to20 | 4 | 5 | pT8to10 | 34 | low_stats
v2 | 1 | cent10to20 | 4 | 5 | pT8to10 | 35 | low_stats
v2 | 1 | cent10to20 | 4 | 5 | pT8to10 | 36 | low_stats
v2 | 1 | cent10to20 | 4 | 5 | pT8to10 | 37 | low_stats
v2 | 1 | cent10to20 | 4 | 5 | pT8to10 | 38 | low_stats
v2 | 1 | cent10to20 | 4 | 5 | pT8to10 | 39 | low_stats
v2 | 1 | cent10to20 | 4 | 5 | pT8to10 | 40 | low_stats
v2 | 1 | cent10to20 | 4 | 5 | pT8to10 | 41 | low_stats
v2 | 1 | cent10to20 | 5 | 5 | pT8to10 | 0 | low_stats
v2 | 1 | cent10to20 | 5 | 5 | pT8to10 | 1 | low_stats
v2 | 1 | cent10to20 | 5 | 5 | pT8to10 | 2 | low_stats
v2 | 1 | cent10to20 | 5 | 5 | pT8to10 | 3 | low_stats
v2 | 1 | cent10to20 | 5 | 5 | pT8to10 | 4 | low_stats
v2 | 1 | cent10to20 | 5 | 5 | pT8to10 | 5 | low_stats
v2 | 1 | cent10to20 | 5 | 5 | pT8to10 | 6 | low_stats
v2 | 1 | cent10to20 | 5 | 5 | pT8to10 | 7 | low_stats
v2 | 1 | cent10to20 | 5 | 5 | pT8to10 | 8 | low_stats
v2 | 1 | cent10to20 | 5 | 5 | pT8to10 | 9 | low_stats
v2 | 1 | cent10to20 | 5 | 5 | pT8to10 | 10 | low_stats
v2 | 1 | cent10to20 | 5 | 5 | pT8to10 | 11 | low_stats
v2 | 1 | cent10to20 | 5 | 5 | pT8to10 | 12 | low_stats
v2 | 1 | cent10to20 | 5 | 5 | pT8to10 | 13 | low_stats
v2 | 1 | cent10to20 | 5 | 5 | pT8to10 | 14 | low_stats
v2 | 1 | cent10to20 | 5 | 5 | pT8to10 | 15 | low_stats
v2 | 1 | cent10to20 | 5 | 5 | pT8to10 | 16 | low_stats
v2 | 1 | cent10to20 | 5 | 5 | pT8to10 | 17 | low_stats
v2 | 1 | cent10to20 | 5 | 5 | pT8to10 | 18 | low_stats
v2 | 1 | cent10to20 | 5 | 5 | pT8to10 | 19 | low_stats
v2 | 1 | cent10to20 | 5 | 5 | pT8to10 | 20 | low_stats
v2 | 1 | cent10to20 | 5 | 5 | pT8to10 | 21 | low_stats
v2 | 1 | cent10to20 | 5 | 5 | pT8to10 | 22 | low_stats
v2 | 1 | cent10to20 | 5 | 5 | pT8to10 | 23 | low_stats
v2 | 1 | cent10to20 | 5 | 5 | pT8to10 | 24 | low_stats
v2 | 1 | cent10to20 | 5 | 5 | pT8to10 | 25 | low_stats
v2 | 1 | cent10to20 | 5 | 5 | pT8to10 | 26 | low_stats
v2 | 1 | cent10to20 | 5 | 5 | pT8to10 | 27 | low_stats
v2 | 1 | cent10to20 | 5 | 5 | pT8to10 | 28 | low_stats
v2 | 1 | cent10to20 | 5 | 5 | pT8to10 | 29 | low_stats
v2 | 1 | cent10to20 | 5 | 5 | pT8to10 | 30 | low_stats
v2 | 1 | cent10to20 | 5 | 5 | pT8to10 | 31 | low_stats
v2 | 1 | cent10to20 | 5 | 5 | pT8to10 | 32 | low_stats
v2 | 1 | cent10to20 | 5 | 5 | pT8to10 | 33 | low_stats
v2 | 1 | cent10to20 | 5 | 5 | pT8to10 | 34 | low_stats
v2 | 1 | cent10to20 | 5 | 5 | pT8to10 | 35 | low_stats
v2 | 1 | cent10to20 | 5 | 5 | pT8to10 | 36 | low_stats
v2 | 1 | cent10to20 | 5 | 5 | pT8to10 | 37 | low_stats
v2 | 1 | cent10to20 | 5 | 5 | pT8to10 | 38 | low_stats
v2 | 1 | cent10to20 | 5 | 5 | pT8to10 | 39 | low_stats
v2 | 1 | cent10to20 | 5 | 5 | pT8to10 | 40 | low_stats
v2 | 1 | cent10to20 | 5 | 5 | pT8to10 | 41 | low_stats
v2 | 1 | cent10to20 | 6 | 5 | pT8to10 | 0 | low_stats
v2 | 1 | cent10to20 | 6 | 5 | pT8to10 | 1 | low_stats
v2 | 1 | cent10to20 | 6 | 5 | pT8to10 | 2 | low_stats
v2 | 1 | cent10to20 | 6 | 5 | pT8to10 | 3 | low_stats
v2 | 1 | cent10to20 | 6 | 5 | pT8to10 | 4 | low_stats
v2 | 1 | cent10to20 | 6 | 5 | pT8to10 | 5 | low_stats
v2 | 1 | cent10to20 | 6 | 5 | pT8to10 | 6 | low_stats
v2 | 1 | cent10to20 | 6 | 5 | pT8to10 | 7 | low_stats
v2 | 1 | cent10to20 | 6 | 5 | pT8to10 | 8 | low_stats
v2 | 1 | cent10to20 | 6 | 5 | pT8to10 | 9 | low_stats
v2 | 1 | cent10to20 | 6 | 5 | pT8to10 | 10 | low_stats
v2 | 1 | cent10to20 | 6 | 5 | pT8to10 | 11 | low_stats
v2 | 1 | cent10to20 | 6 | 5 | pT8to10 | 12 | low_stats
v2 | 1 | cent10to20 | 6 | 5 | pT8to10 | 13 | low_stats
v2 | 1 | cent10to20 | 6 | 5 | pT8to10 | 14 | low_stats
v2 | 1 | cent10to20 | 6 | 5 | pT8to10 | 15 | low_stats
v2 | 1 | cent10to20 | 6 | 5 | pT8to10 | 16 | low_stats
v2 | 1 | cent10to20 | 6 | 5 | pT8to10 | 17 | low_stats
v2 | 1 | cent10to20 | 6 | 5 | pT8to10 | 18 | low_stats
v2 | 1 | cent10to20 | 6 | 5 | pT8to10 | 19 | low_stats
v2 | 1 | cent10to20 | 6 | 5 | pT8to10 | 20 | low_stats
v2 | 1 | cent10to20 | 6 | 5 | pT8to10 | 21 | low_stats
v2 | 1 | cent10to20 | 6 | 5 | pT8to10 | 22 | low_stats
v2 | 1 | cent10to20 | 6 | 5 | pT8to10 | 23 | low_stats
v2 | 1 | cent10to20 | 6 | 5 | pT8to10 | 24 | low_stats
v2 | 1 | cent10to20 | 6 | 5 | pT8to10 | 25 | low_stats
v2 | 1 | cent10to20 | 6 | 5 | pT8to10 | 26 | low_stats
v2 | 1 | cent10to20 | 6 | 5 | pT8to10 | 27 | low_stats
v2 | 1 | cent10to20 | 6 | 5 | pT8to10 | 28 | low_stats
v2 | 1 | cent10to20 | 6 | 5 | pT8to10 | 29 | low_stats
v2 | 1 | cent10to20 | 6 | 5 | pT8to10 | 30 | low_stats
v2 | 1 | cent10to20 | 6 | 5 | pT8to10 | 31 | low_stats
v2 | 1 | cent10to20 | 6 | 5 | pT8to10 | 32 | low_stats
v2 | 1 | cent10to20 | 6 | 5 | pT8to10 | 33 | low_stats
v2 | 1 | cent10to20 | 6 | 5 | pT8to10 | 34 | low_stats
v2 | 1 | cent10to20 | 6 | 5 | pT8to10 | 35 | low_stats
v2 | 1 | cent10to20 | 6 | 5 | pT8to10 | 36 | low_stats
v2 | 1 | cent10to20 | 6 | 5 | pT8to10 | 37 | low_stats
v2 | 1 | cent10to20 | 6 | 5 | pT8to10 | 38 | low_stats
v2 | 1 | cent10to20 | 6 | 5 | pT8to10 | 39 | low_stats
v2 | 1 | cent10to20 | 6 | 5 | pT8to10 | 40 | low_stats
v2 | 1 | cent10to20 | 6 | 5 | pT8to10 | 41 | low_stats
v2 | 1 | cent10to20 | 7 | 5 | pT8to10 | 0 | low_stats
v2 | 1 | cent10to20 | 7 | 5 | pT8to10 | 1 | low_stats
v2 | 1 | cent10to20 | 7 | 5 | pT8to10 | 2 | low_stats
v2 | 1 | cent10to20 | 7 | 5 | pT8to10 | 3 | low_stats
v2 | 1 | cent10to20 | 7 | 5 | pT8to10 | 4 | low_stats
v2 | 1 | cent10to20 | 7 | 5 | pT8to10 | 5 | low_stats
v2 | 1 | cent10to20 | 7 | 5 | pT8to10 | 6 | low_stats
v2 | 1 | cent10to20 | 7 | 5 | pT8to10 | 7 | low_stats
v2 | 1 | cent10to20 | 7 | 5 | pT8to10 | 8 | low_stats
v2 | 1 | cent10to20 | 7 | 5 | pT8to10 | 9 | low_stats
v2 | 1 | cent10to20 | 7 | 5 | pT8to10 | 10 | low_stats
v2 | 1 | cent10to20 | 7 | 5 | pT8to10 | 11 | low_stats
v2 | 1 | cent10to20 | 7 | 5 | pT8to10 | 12 | low_stats
v2 | 1 | cent10to20 | 7 | 5 | pT8to10 | 13 | low_stats
v2 | 1 | cent10to20 | 7 | 5 | pT8to10 | 14 | low_stats
v2 | 1 | cent10to20 | 7 | 5 | pT8to10 | 15 | low_stats
v2 | 1 | cent10to20 | 7 | 5 | pT8to10 | 16 | low_stats
v2 | 1 | cent10to20 | 7 | 5 | pT8to10 | 17 | low_stats
v2 | 1 | cent10to20 | 7 | 5 | pT8to10 | 18 | low_stats
v2 | 1 | cent10to20 | 7 | 5 | pT8to10 | 19 | low_stats
v2 | 1 | cent10to20 | 7 | 5 | pT8to10 | 20 | low_stats
v2 | 1 | cent10to20 | 7 | 5 | pT8to10 | 21 | low_stats
v2 | 1 | cent10to20 | 7 | 5 | pT8to10 | 22 | low_stats
v2 | 1 | cent10to20 | 7 | 5 | pT8to10 | 23 | low_stats
v2 | 1 | cent10to20 | 7 | 5 | pT8to10 | 24 | low_stats
v2 | 1 | cent10to20 | 7 | 5 | pT8to10 | 25 | low_stats
v2 | 1 | cent10to20 | 7 | 5 | pT8to10 | 26 | low_stats
v2 | 1 | cent10to20 | 7 | 5 | pT8to10 | 27 | low_stats
v2 | 1 | cent10to20 | 7 | 5 | pT8to10 | 28 | low_stats
v2 | 1 | cent10to20 | 7 | 5 | pT8to10 | 29 | low_stats
v2 | 1 | cent10to20 | 7 | 5 | pT8to10 | 30 | low_stats
v2 | 1 | cent10to20 | 7 | 5 | pT8to10 | 31 | low_stats
v2 | 1 | cent10to20 | 7 | 5 | pT8to10 | 32 | low_stats
v2 | 1 | cent10to20 | 7 | 5 | pT8to10 | 33 | low_stats
v2 | 1 | cent10to20 | 7 | 5 | pT8to10 | 34 | low_stats
v2 | 1 | cent10to20 | 7 | 5 | pT8to10 | 35 | low_stats
v2 | 1 | cent10to20 | 7 | 5 | pT8to10 | 36 | low_stats
v2 | 1 | cent10to20 | 7 | 5 | pT8to10 | 37 | low_stats
v2 | 1 | cent10to20 | 7 | 5 | pT8to10 | 38 | low_stats
v2 | 1 | cent10to20 | 7 | 5 | pT8to10 | 39 | low_stats
v2 | 1 | cent10to20 | 7 | 5 | pT8to10 | 40 | low_stats
v2 | 1 | cent10to20 | 7 | 5 | pT8to10 | 41 | low_stats
v2 | 1 | cent10to20 | 8 | 5 | pT8to10 | 0 | low_stats
v2 | 1 | cent10to20 | 8 | 5 | pT8to10 | 1 | low_stats
v2 | 1 | cent10to20 | 8 | 5 | pT8to10 | 2 | low_stats
v2 | 1 | cent10to20 | 8 | 5 | pT8to10 | 3 | low_stats
v2 | 1 | cent10to20 | 8 | 5 | pT8to10 | 4 | low_stats
v2 | 1 | cent10to20 | 8 | 5 | pT8to10 | 5 | low_stats
v2 | 1 | cent10to20 | 8 | 5 | pT8to10 | 6 | low_stats
v2 | 1 | cent10to20 | 8 | 5 | pT8to10 | 7 | low_stats
v2 | 1 | cent10to20 | 8 | 5 | pT8to10 | 8 | low_stats
v2 | 1 | cent10to20 | 8 | 5 | pT8to10 | 9 | low_stats
v2 | 1 | cent10to20 | 8 | 5 | pT8to10 | 10 | low_stats
v2 | 1 | cent10to20 | 8 | 5 | pT8to10 | 11 | low_stats
v2 | 1 | cent10to20 | 8 | 5 | pT8to10 | 12 | low_stats
v2 | 1 | cent10to20 | 8 | 5 | pT8to10 | 13 | low_stats
v2 | 1 | cent10to20 | 8 | 5 | pT8to10 | 14 | low_stats
v2 | 1 | cent10to20 | 8 | 5 | pT8to10 | 15 | low_stats
v2 | 1 | cent10to20 | 8 | 5 | pT8to10 | 16 | low_stats
v2 | 1 | cent10to20 | 8 | 5 | pT8to10 | 17 | low_stats
v2 | 1 | cent10to20 | 8 | 5 | pT8to10 | 18 | low_stats
v2 | 1 | cent10to20 | 8 | 5 | pT8to10 | 19 | low_stats
v2 | 1 | cent10to20 | 8 | 5 | pT8to10 | 20 | low_stats
v2 | 1 | cent10to20 | 8 | 5 | pT8to10 | 21 | low_stats
v2 | 1 | cent10to20 | 8 | 5 | pT8to10 | 22 | low_stats
v2 | 1 | cent10to20 | 8 | 5 | pT8to10 | 23 | low_stats
v2 | 1 | cent10to20 | 8 | 5 | pT8to10 | 24 | low_stats
v2 | 1 | cent10to20 | 8 | 5 | pT8to10 | 25 | low_stats
v2 | 1 | cent10to20 | 8 | 5 | pT8to10 | 26 | low_stats
v2 | 1 | cent10to20 | 8 | 5 | pT8to10 | 27 | low_stats
v2 | 1 | cent10to20 | 8 | 5 | pT8to10 | 28 | low_stats
v2 | 1 | cent10to20 | 8 | 5 | pT8to10 | 29 | low_stats
v2 | 1 | cent10to20 | 8 | 5 | pT8to10 | 30 | low_stats
v2 | 1 | cent10to20 | 8 | 5 | pT8to10 | 31 | low_stats
v2 | 1 | cent10to20 | 8 | 5 | pT8to10 | 32 | low_stats
v2 | 1 | cent10to20 | 8 | 5 | pT8to10 | 33 | low_stats
v2 | 1 | cent10to20 | 8 | 5 | pT8to10 | 34 | low_stats
v2 | 1 | cent10to20 | 8 | 5 | pT8to10 | 35 | low_stats
v2 | 1 | cent10to20 | 8 | 5 | pT8to10 | 36 | low_stats
v2 | 1 | cent10to20 | 8 | 5 | pT8to10 | 37 | low_stats
v2 | 1 | cent10to20 | 8 | 5 | pT8to10 | 38 | low_stats
v2 | 1 | cent10to20 | 8 | 5 | pT8to10 | 39 | low_stats
v2 | 1 | cent10to20 | 8 | 5 | pT8to10 | 40 | low_stats
v2 | 1 | cent10to20 | 8 | 5 | pT8to10 | 41 | low_stats
v2 | 1 | cent10to20 | 9 | 5 | pT8to10 | 0 | low_stats
v2 | 1 | cent10to20 | 9 | 5 | pT8to10 | 1 | low_stats
v2 | 1 | cent10to20 | 9 | 5 | pT8to10 | 2 | low_stats
v2 | 1 | cent10to20 | 9 | 5 | pT8to10 | 3 | low_stats
v2 | 1 | cent10to20 | 9 | 5 | pT8to10 | 4 | low_stats
v2 | 1 | cent10to20 | 9 | 5 | pT8to10 | 5 | low_stats
v2 | 1 | cent10to20 | 9 | 5 | pT8to10 | 6 | low_stats
v2 | 1 | cent10to20 | 9 | 5 | pT8to10 | 7 | low_stats
v2 | 1 | cent10to20 | 9 | 5 | pT8to10 | 8 | low_stats
v2 | 1 | cent10to20 | 9 | 5 | pT8to10 | 9 | low_stats
v2 | 1 | cent10to20 | 9 | 5 | pT8to10 | 10 | low_stats
v2 | 1 | cent10to20 | 9 | 5 | pT8to10 | 11 | low_stats
v2 | 1 | cent10to20 | 9 | 5 | pT8to10 | 12 | low_stats
v2 | 1 | cent10to20 | 9 | 5 | pT8to10 | 13 | low_stats
v2 | 1 | cent10to20 | 9 | 5 | pT8to10 | 14 | low_stats
v2 | 1 | cent10to20 | 9 | 5 | pT8to10 | 15 | low_stats
v2 | 1 | cent10to20 | 9 | 5 | pT8to10 | 16 | low_stats
v2 | 1 | cent10to20 | 9 | 5 | pT8to10 | 17 | low_stats
v2 | 1 | cent10to20 | 9 | 5 | pT8to10 | 18 | low_stats
v2 | 1 | cent10to20 | 9 | 5 | pT8to10 | 19 | low_stats
v2 | 1 | cent10to20 | 9 | 5 | pT8to10 | 20 | low_stats
v2 | 1 | cent10to20 | 9 | 5 | pT8to10 | 21 | low_stats
v2 | 1 | cent10to20 | 9 | 5 | pT8to10 | 22 | low_stats
v2 | 1 | cent10to20 | 9 | 5 | pT8to10 | 23 | low_stats
v2 | 1 | cent10to20 | 9 | 5 | pT8to10 | 24 | low_stats
v2 | 1 | cent10to20 | 9 | 5 | pT8to10 | 25 | low_stats
v2 | 1 | cent10to20 | 9 | 5 | pT8to10 | 26 | low_stats
v2 | 1 | cent10to20 | 9 | 5 | pT8to10 | 27 | low_stats
v2 | 1 | cent10to20 | 9 | 5 | pT8to10 | 28 | low_stats
v2 | 1 | cent10to20 | 9 | 5 | pT8to10 | 29 | low_stats
v2 | 1 | cent10to20 | 9 | 5 | pT8to10 | 30 | low_stats
v2 | 1 | cent10to20 | 9 | 5 | pT8to10 | 31 | low_stats
v2 | 1 | cent10to20 | 9 | 5 | pT8to10 | 32 | low_stats
v2 | 1 | cent10to20 | 9 | 5 | pT8to10 | 33 | low_stats
v2 | 1 | cent10to20 | 9 | 5 | pT8to10 | 34 | low_stats
v2 | 1 | cent10to20 | 9 | 5 | pT8to10 | 35 | low_stats
v2 | 1 | cent10to20 | 9 | 5 | pT8to10 | 36 | low_stats
v2 | 1 | cent10to20 | 9 | 5 | pT8to10 | 37 | low_stats
v2 | 1 | cent10to20 | 9 | 5 | pT8to10 | 38 | low_stats
v2 | 1 | cent10to20 | 9 | 5 | pT8to10 | 39 | low_stats
v2 | 1 | cent10to20 | 9 | 5 | pT8to10 | 40 | low_stats
v2 | 1 | cent10to20 | 9 | 5 | pT8to10 | 41 | low_stats
v2 | 1 | cent10to20 | 10 | 5 | pT8to10 | 0 | low_stats
v2 | 1 | cent10to20 | 10 | 5 | pT8to10 | 1 | low_stats
v2 | 1 | cent10to20 | 10 | 5 | pT8to10 | 2 | low_stats
v2 | 1 | cent10to20 | 10 | 5 | pT8to10 | 3 | low_stats
v2 | 1 | cent10to20 | 10 | 5 | pT8to10 | 4 | low_stats
v2 | 1 | cent10to20 | 10 | 5 | pT8to10 | 5 | low_stats
v2 | 1 | cent10to20 | 10 | 5 | pT8to10 | 6 | low_stats
v2 | 1 | cent10to20 | 10 | 5 | pT8to10 | 7 | low_stats
v2 | 1 | cent10to20 | 10 | 5 | pT8to10 | 8 | low_stats
v2 | 1 | cent10to20 | 10 | 5 | pT8to10 | 9 | low_stats
v2 | 1 | cent10to20 | 10 | 5 | pT8to10 | 10 | low_stats
v2 | 1 | cent10to20 | 10 | 5 | pT8to10 | 11 | low_stats
v2 | 1 | cent10to20 | 10 | 5 | pT8to10 | 12 | low_stats
v2 | 1 | cent10to20 | 10 | 5 | pT8to10 | 13 | low_stats
v2 | 1 | cent10to20 | 10 | 5 | pT8to10 | 14 | low_stats
v2 | 1 | cent10to20 | 10 | 5 | pT8to10 | 15 | low_stats
v2 | 1 | cent10to20 | 10 | 5 | pT8to10 | 16 | low_stats
v2 | 1 | cent10to20 | 10 | 5 | pT8to10 | 17 | low_stats
v2 | 1 | cent10to20 | 10 | 5 | pT8to10 | 18 | low_stats
v2 | 1 | cent10to20 | 10 | 5 | pT8to10 | 19 | low_stats
v2 | 1 | cent10to20 | 10 | 5 | pT8to10 | 20 | low_stats
v2 | 1 | cent10to20 | 10 | 5 | pT8to10 | 21 | low_stats
v2 | 1 | cent10to20 | 10 | 5 | pT8to10 | 22 | low_stats
v2 | 1 | cent10to20 | 10 | 5 | pT8to10 | 23 | low_stats
v2 | 1 | cent10to20 | 10 | 5 | pT8to10 | 24 | low_stats
v2 | 1 | cent10to20 | 10 | 5 | pT8to10 | 25 | low_stats
v2 | 1 | cent10to20 | 10 | 5 | pT8to10 | 26 | low_stats
v2 | 1 | cent10to20 | 10 | 5 | pT8to10 | 27 | low_stats
v2 | 1 | cent10to20 | 10 | 5 | pT8to10 | 28 | low_stats
v2 | 1 | cent10to20 | 10 | 5 | pT8to10 | 29 | low_stats
v2 | 1 | cent10to20 | 10 | 5 | pT8to10 | 30 | low_stats
v2 | 1 | cent10to20 | 10 | 5 | pT8to10 | 31 | low_stats
v2 | 1 | cent10to20 | 10 | 5 | pT8to10 | 32 | low_stats
v2 | 1 | cent10to20 | 10 | 5 | pT8to10 | 33 | low_stats
v2 | 1 | cent10to20 | 10 | 5 | pT8to10 | 34 | low_stats
v2 | 1 | cent10to20 | 10 | 5 | pT8to10 | 35 | low_stats
v2 | 1 | cent10to20 | 10 | 5 | pT8to10 | 36 | low_stats
v2 | 1 | cent10to20 | 10 | 5 | pT8to10 | 37 | low_stats
v2 | 1 | cent10to20 | 10 | 5 | pT8to10 | 38 | low_stats
v2 | 1 | cent10to20 | 10 | 5 | pT8to10 | 39 | low_stats
v2 | 1 | cent10to20 | 10 | 5 | pT8to10 | 40 | low_stats
v2 | 1 | cent10to20 | 10 | 5 | pT8to10 | 41 | low_stats
v2 | 1 | cent10to20 | 11 | 5 | pT8to10 | 0 | low_stats
v2 | 1 | cent10to20 | 11 | 5 | pT8to10 | 1 | low_stats
v2 | 1 | cent10to20 | 11 | 5 | pT8to10 | 2 | low_stats
v2 | 1 | cent10to20 | 11 | 5 | pT8to10 | 3 | low_stats
v2 | 1 | cent10to20 | 11 | 5 | pT8to10 | 4 | low_stats
v2 | 1 | cent10to20 | 11 | 5 | pT8to10 | 5 | low_stats
v2 | 1 | cent10to20 | 11 | 5 | pT8to10 | 6 | low_stats
v2 | 1 | cent10to20 | 11 | 5 | pT8to10 | 7 | low_stats
v2 | 1 | cent10to20 | 11 | 5 | pT8to10 | 8 | low_stats
v2 | 1 | cent10to20 | 11 | 5 | pT8to10 | 9 | low_stats
v2 | 1 | cent10to20 | 11 | 5 | pT8to10 | 10 | low_stats
v2 | 1 | cent10to20 | 11 | 5 | pT8to10 | 11 | low_stats
v2 | 1 | cent10to20 | 11 | 5 | pT8to10 | 12 | low_stats
v2 | 1 | cent10to20 | 11 | 5 | pT8to10 | 13 | low_stats
v2 | 1 | cent10to20 | 11 | 5 | pT8to10 | 14 | low_stats
v2 | 1 | cent10to20 | 11 | 5 | pT8to10 | 15 | low_stats
v2 | 1 | cent10to20 | 11 | 5 | pT8to10 | 16 | low_stats
v2 | 1 | cent10to20 | 11 | 5 | pT8to10 | 17 | low_stats
v2 | 1 | cent10to20 | 11 | 5 | pT8to10 | 18 | low_stats
v2 | 1 | cent10to20 | 11 | 5 | pT8to10 | 19 | low_stats
v2 | 1 | cent10to20 | 11 | 5 | pT8to10 | 20 | low_stats
v2 | 1 | cent10to20 | 11 | 5 | pT8to10 | 21 | low_stats
v2 | 1 | cent10to20 | 11 | 5 | pT8to10 | 22 | low_stats
v2 | 1 | cent10to20 | 11 | 5 | pT8to10 | 23 | low_stats
v2 | 1 | cent10to20 | 11 | 5 | pT8to10 | 24 | low_stats
v2 | 1 | cent10to20 | 11 | 5 | pT8to10 | 25 | low_stats
v2 | 1 | cent10to20 | 11 | 5 | pT8to10 | 26 | low_stats
v2 | 1 | cent10to20 | 11 | 5 | pT8to10 | 27 | low_stats
v2 | 1 | cent10to20 | 11 | 5 | pT8to10 | 28 | low_stats
v2 | 1 | cent10to20 | 11 | 5 | pT8to10 | 29 | low_stats
v2 | 1 | cent10to20 | 11 | 5 | pT8to10 | 30 | low_stats
v2 | 1 | cent10to20 | 11 | 5 | pT8to10 | 31 | low_stats
v2 | 1 | cent10to20 | 11 | 5 | pT8to10 | 32 | low_stats
v2 | 1 | cent10to20 | 11 | 5 | pT8to10 | 33 | low_stats
v2 | 1 | cent10to20 | 11 | 5 | pT8to10 | 34 | low_stats
v2 | 1 | cent10to20 | 11 | 5 | pT8to10 | 35 | low_stats
v2 | 1 | cent10to20 | 11 | 5 | pT8to10 | 36 | low_stats
v2 | 1 | cent10to20 | 11 | 5 | pT8to10 | 37 | low_stats
v2 | 1 | cent10to20 | 11 | 5 | pT8to10 | 38 | low_stats
v2 | 1 | cent10to20 | 11 | 5 | pT8to10 | 39 | low_stats
v2 | 1 | cent10to20 | 11 | 5 | pT8to10 | 40 | low_stats
v2 | 1 | cent10to20 | 11 | 5 | pT8to10 | 41 | low_stats
v2 | 1 | cent10to20 | 0 | 6 | pT10to15 | 0 | low_stats
v2 | 1 | cent10to20 | 0 | 6 | pT10to15 | 1 | low_stats
v2 | 1 | cent10to20 | 0 | 6 | pT10to15 | 2 | low_stats
v2 | 1 | cent10to20 | 0 | 6 | pT10to15 | 3 | low_stats
v2 | 1 | cent10to20 | 0 | 6 | pT10to15 | 4 | low_stats
v2 | 1 | cent10to20 | 0 | 6 | pT10to15 | 5 | low_stats
v2 | 1 | cent10to20 | 0 | 6 | pT10to15 | 6 | low_stats
v2 | 1 | cent10to20 | 0 | 6 | pT10to15 | 7 | low_stats
v2 | 1 | cent10to20 | 0 | 6 | pT10to15 | 8 | low_stats
v2 | 1 | cent10to20 | 0 | 6 | pT10to15 | 9 | low_stats
v2 | 1 | cent10to20 | 0 | 6 | pT10to15 | 10 | low_stats
v2 | 1 | cent10to20 | 0 | 6 | pT10to15 | 11 | low_stats
v2 | 1 | cent10to20 | 0 | 6 | pT10to15 | 12 | low_stats
v2 | 1 | cent10to20 | 0 | 6 | pT10to15 | 13 | low_stats
v2 | 1 | cent10to20 | 0 | 6 | pT10to15 | 14 | low_stats
v2 | 1 | cent10to20 | 0 | 6 | pT10to15 | 15 | low_stats
v2 | 1 | cent10to20 | 0 | 6 | pT10to15 | 16 | low_stats
v2 | 1 | cent10to20 | 0 | 6 | pT10to15 | 17 | low_stats
v2 | 1 | cent10to20 | 0 | 6 | pT10to15 | 18 | low_stats
v2 | 1 | cent10to20 | 0 | 6 | pT10to15 | 19 | low_stats
v2 | 1 | cent10to20 | 0 | 6 | pT10to15 | 20 | low_stats
v2 | 1 | cent10to20 | 0 | 6 | pT10to15 | 21 | low_stats
v2 | 1 | cent10to20 | 0 | 6 | pT10to15 | 22 | low_stats
v2 | 1 | cent10to20 | 0 | 6 | pT10to15 | 23 | low_stats
v2 | 1 | cent10to20 | 0 | 6 | pT10to15 | 24 | low_stats
v2 | 1 | cent10to20 | 0 | 6 | pT10to15 | 25 | low_stats
v2 | 1 | cent10to20 | 0 | 6 | pT10to15 | 26 | low_stats
v2 | 1 | cent10to20 | 0 | 6 | pT10to15 | 27 | low_stats
v2 | 1 | cent10to20 | 0 | 6 | pT10to15 | 28 | low_stats
v2 | 1 | cent10to20 | 0 | 6 | pT10to15 | 29 | low_stats
v2 | 1 | cent10to20 | 0 | 6 | pT10to15 | 30 | low_stats
v2 | 1 | cent10to20 | 0 | 6 | pT10to15 | 31 | low_stats
v2 | 1 | cent10to20 | 0 | 6 | pT10to15 | 32 | low_stats
v2 | 1 | cent10to20 | 0 | 6 | pT10to15 | 33 | low_stats
v2 | 1 | cent10to20 | 0 | 6 | pT10to15 | 34 | low_stats
v2 | 1 | cent10to20 | 0 | 6 | pT10to15 | 35 | low_stats
v2 | 1 | cent10to20 | 0 | 6 | pT10to15 | 36 | low_stats
v2 | 1 | cent10to20 | 0 | 6 | pT10to15 | 37 | low_stats
v2 | 1 | cent10to20 | 0 | 6 | pT10to15 | 38 | low_stats
v2 | 1 | cent10to20 | 0 | 6 | pT10to15 | 39 | low_stats
v2 | 1 | cent10to20 | 0 | 6 | pT10to15 | 40 | low_stats
v2 | 1 | cent10to20 | 0 | 6 | pT10to15 | 41 | low_stats
v2 | 1 | cent10to20 | 1 | 6 | pT10to15 | 0 | low_stats
v2 | 1 | cent10to20 | 1 | 6 | pT10to15 | 1 | low_stats
v2 | 1 | cent10to20 | 1 | 6 | pT10to15 | 2 | low_stats
v2 | 1 | cent10to20 | 1 | 6 | pT10to15 | 3 | low_stats
v2 | 1 | cent10to20 | 1 | 6 | pT10to15 | 4 | low_stats
v2 | 1 | cent10to20 | 1 | 6 | pT10to15 | 5 | low_stats
v2 | 1 | cent10to20 | 1 | 6 | pT10to15 | 6 | low_stats
v2 | 1 | cent10to20 | 1 | 6 | pT10to15 | 7 | low_stats
v2 | 1 | cent10to20 | 1 | 6 | pT10to15 | 8 | low_stats
v2 | 1 | cent10to20 | 1 | 6 | pT10to15 | 9 | low_stats
v2 | 1 | cent10to20 | 1 | 6 | pT10to15 | 10 | low_stats
v2 | 1 | cent10to20 | 1 | 6 | pT10to15 | 11 | low_stats
v2 | 1 | cent10to20 | 1 | 6 | pT10to15 | 12 | low_stats
v2 | 1 | cent10to20 | 1 | 6 | pT10to15 | 13 | low_stats
v2 | 1 | cent10to20 | 1 | 6 | pT10to15 | 14 | low_stats
v2 | 1 | cent10to20 | 1 | 6 | pT10to15 | 15 | low_stats
v2 | 1 | cent10to20 | 1 | 6 | pT10to15 | 16 | low_stats
v2 | 1 | cent10to20 | 1 | 6 | pT10to15 | 17 | low_stats
v2 | 1 | cent10to20 | 1 | 6 | pT10to15 | 18 | low_stats
v2 | 1 | cent10to20 | 1 | 6 | pT10to15 | 19 | low_stats
v2 | 1 | cent10to20 | 1 | 6 | pT10to15 | 20 | low_stats
v2 | 1 | cent10to20 | 1 | 6 | pT10to15 | 21 | low_stats
v2 | 1 | cent10to20 | 1 | 6 | pT10to15 | 22 | low_stats
v2 | 1 | cent10to20 | 1 | 6 | pT10to15 | 23 | low_stats
v2 | 1 | cent10to20 | 1 | 6 | pT10to15 | 24 | low_stats
v2 | 1 | cent10to20 | 1 | 6 | pT10to15 | 25 | low_stats
v2 | 1 | cent10to20 | 1 | 6 | pT10to15 | 26 | low_stats
v2 | 1 | cent10to20 | 1 | 6 | pT10to15 | 27 | low_stats
v2 | 1 | cent10to20 | 1 | 6 | pT10to15 | 28 | low_stats
v2 | 1 | cent10to20 | 1 | 6 | pT10to15 | 29 | low_stats
v2 | 1 | cent10to20 | 1 | 6 | pT10to15 | 30 | low_stats
v2 | 1 | cent10to20 | 1 | 6 | pT10to15 | 31 | low_stats
v2 | 1 | cent10to20 | 1 | 6 | pT10to15 | 32 | low_stats
v2 | 1 | cent10to20 | 1 | 6 | pT10to15 | 33 | low_stats
v2 | 1 | cent10to20 | 1 | 6 | pT10to15 | 34 | low_stats
v2 | 1 | cent10to20 | 1 | 6 | pT10to15 | 35 | low_stats
v2 | 1 | cent10to20 | 1 | 6 | pT10to15 | 36 | low_stats
v2 | 1 | cent10to20 | 1 | 6 | pT10to15 | 37 | low_stats
v2 | 1 | cent10to20 | 1 | 6 | pT10to15 | 38 | low_stats
v2 | 1 | cent10to20 | 1 | 6 | pT10to15 | 39 | low_stats
v2 | 1 | cent10to20 | 1 | 6 | pT10to15 | 40 | low_stats
v2 | 1 | cent10to20 | 1 | 6 | pT10to15 | 41 | low_stats
v2 | 1 | cent10to20 | 2 | 6 | pT10to15 | 0 | low_stats
v2 | 1 | cent10to20 | 2 | 6 | pT10to15 | 1 | low_stats
v2 | 1 | cent10to20 | 2 | 6 | pT10to15 | 2 | low_stats
v2 | 1 | cent10to20 | 2 | 6 | pT10to15 | 3 | low_stats
v2 | 1 | cent10to20 | 2 | 6 | pT10to15 | 4 | low_stats
v2 | 1 | cent10to20 | 2 | 6 | pT10to15 | 5 | low_stats
v2 | 1 | cent10to20 | 2 | 6 | pT10to15 | 6 | low_stats
v2 | 1 | cent10to20 | 2 | 6 | pT10to15 | 7 | low_stats
v2 | 1 | cent10to20 | 2 | 6 | pT10to15 | 8 | low_stats
v2 | 1 | cent10to20 | 2 | 6 | pT10to15 | 9 | low_stats
v2 | 1 | cent10to20 | 2 | 6 | pT10to15 | 10 | low_stats
v2 | 1 | cent10to20 | 2 | 6 | pT10to15 | 11 | low_stats
v2 | 1 | cent10to20 | 2 | 6 | pT10to15 | 12 | low_stats
v2 | 1 | cent10to20 | 2 | 6 | pT10to15 | 13 | low_stats
v2 | 1 | cent10to20 | 2 | 6 | pT10to15 | 14 | low_stats
v2 | 1 | cent10to20 | 2 | 6 | pT10to15 | 15 | low_stats
v2 | 1 | cent10to20 | 2 | 6 | pT10to15 | 16 | low_stats
v2 | 1 | cent10to20 | 2 | 6 | pT10to15 | 17 | low_stats
v2 | 1 | cent10to20 | 2 | 6 | pT10to15 | 18 | low_stats
v2 | 1 | cent10to20 | 2 | 6 | pT10to15 | 19 | low_stats
v2 | 1 | cent10to20 | 2 | 6 | pT10to15 | 20 | low_stats
v2 | 1 | cent10to20 | 2 | 6 | pT10to15 | 21 | low_stats
v2 | 1 | cent10to20 | 2 | 6 | pT10to15 | 22 | low_stats
v2 | 1 | cent10to20 | 2 | 6 | pT10to15 | 23 | low_stats
v2 | 1 | cent10to20 | 2 | 6 | pT10to15 | 24 | low_stats
v2 | 1 | cent10to20 | 2 | 6 | pT10to15 | 25 | low_stats
v2 | 1 | cent10to20 | 2 | 6 | pT10to15 | 26 | low_stats
v2 | 1 | cent10to20 | 2 | 6 | pT10to15 | 27 | low_stats
v2 | 1 | cent10to20 | 2 | 6 | pT10to15 | 28 | low_stats
v2 | 1 | cent10to20 | 2 | 6 | pT10to15 | 29 | low_stats
v2 | 1 | cent10to20 | 2 | 6 | pT10to15 | 30 | low_stats
v2 | 1 | cent10to20 | 2 | 6 | pT10to15 | 31 | low_stats
v2 | 1 | cent10to20 | 2 | 6 | pT10to15 | 32 | low_stats
v2 | 1 | cent10to20 | 2 | 6 | pT10to15 | 33 | low_stats
v2 | 1 | cent10to20 | 2 | 6 | pT10to15 | 34 | low_stats
v2 | 1 | cent10to20 | 2 | 6 | pT10to15 | 35 | low_stats
v2 | 1 | cent10to20 | 2 | 6 | pT10to15 | 36 | low_stats
v2 | 1 | cent10to20 | 2 | 6 | pT10to15 | 37 | low_stats
v2 | 1 | cent10to20 | 2 | 6 | pT10to15 | 38 | low_stats
v2 | 1 | cent10to20 | 2 | 6 | pT10to15 | 39 | low_stats
v2 | 1 | cent10to20 | 2 | 6 | pT10to15 | 40 | low_stats
v2 | 1 | cent10to20 | 2 | 6 | pT10to15 | 41 | low_stats
v2 | 1 | cent10to20 | 3 | 6 | pT10to15 | 0 | low_stats
v2 | 1 | cent10to20 | 3 | 6 | pT10to15 | 1 | low_stats
v2 | 1 | cent10to20 | 3 | 6 | pT10to15 | 2 | low_stats
v2 | 1 | cent10to20 | 3 | 6 | pT10to15 | 3 | low_stats
v2 | 1 | cent10to20 | 3 | 6 | pT10to15 | 4 | low_stats
v2 | 1 | cent10to20 | 3 | 6 | pT10to15 | 5 | low_stats
v2 | 1 | cent10to20 | 3 | 6 | pT10to15 | 6 | low_stats
v2 | 1 | cent10to20 | 3 | 6 | pT10to15 | 7 | low_stats
v2 | 1 | cent10to20 | 3 | 6 | pT10to15 | 8 | low_stats
v2 | 1 | cent10to20 | 3 | 6 | pT10to15 | 9 | low_stats
v2 | 1 | cent10to20 | 3 | 6 | pT10to15 | 10 | low_stats
v2 | 1 | cent10to20 | 3 | 6 | pT10to15 | 11 | low_stats
v2 | 1 | cent10to20 | 3 | 6 | pT10to15 | 12 | low_stats
v2 | 1 | cent10to20 | 3 | 6 | pT10to15 | 13 | low_stats
v2 | 1 | cent10to20 | 3 | 6 | pT10to15 | 14 | low_stats
v2 | 1 | cent10to20 | 3 | 6 | pT10to15 | 15 | low_stats
v2 | 1 | cent10to20 | 3 | 6 | pT10to15 | 16 | low_stats
v2 | 1 | cent10to20 | 3 | 6 | pT10to15 | 17 | low_stats
v2 | 1 | cent10to20 | 3 | 6 | pT10to15 | 18 | low_stats
v2 | 1 | cent10to20 | 3 | 6 | pT10to15 | 19 | low_stats
v2 | 1 | cent10to20 | 3 | 6 | pT10to15 | 20 | low_stats
v2 | 1 | cent10to20 | 3 | 6 | pT10to15 | 21 | low_stats
v2 | 1 | cent10to20 | 3 | 6 | pT10to15 | 22 | low_stats
v2 | 1 | cent10to20 | 3 | 6 | pT10to15 | 23 | low_stats
v2 | 1 | cent10to20 | 3 | 6 | pT10to15 | 24 | low_stats
v2 | 1 | cent10to20 | 3 | 6 | pT10to15 | 25 | low_stats
v2 | 1 | cent10to20 | 3 | 6 | pT10to15 | 26 | low_stats
v2 | 1 | cent10to20 | 3 | 6 | pT10to15 | 27 | low_stats
v2 | 1 | cent10to20 | 3 | 6 | pT10to15 | 28 | low_stats
v2 | 1 | cent10to20 | 3 | 6 | pT10to15 | 29 | low_stats
v2 | 1 | cent10to20 | 3 | 6 | pT10to15 | 30 | low_stats
v2 | 1 | cent10to20 | 3 | 6 | pT10to15 | 31 | low_stats
v2 | 1 | cent10to20 | 3 | 6 | pT10to15 | 32 | low_stats
v2 | 1 | cent10to20 | 3 | 6 | pT10to15 | 33 | low_stats
v2 | 1 | cent10to20 | 3 | 6 | pT10to15 | 34 | low_stats
v2 | 1 | cent10to20 | 3 | 6 | pT10to15 | 35 | low_stats
v2 | 1 | cent10to20 | 3 | 6 | pT10to15 | 36 | low_stats
v2 | 1 | cent10to20 | 3 | 6 | pT10to15 | 37 | low_stats
v2 | 1 | cent10to20 | 3 | 6 | pT10to15 | 38 | low_stats
v2 | 1 | cent10to20 | 3 | 6 | pT10to15 | 39 | low_stats
v2 | 1 | cent10to20 | 3 | 6 | pT10to15 | 40 | low_stats
v2 | 1 | cent10to20 | 3 | 6 | pT10to15 | 41 | low_stats
v2 | 1 | cent10to20 | 4 | 6 | pT10to15 | 0 | low_stats
v2 | 1 | cent10to20 | 4 | 6 | pT10to15 | 1 | low_stats
v2 | 1 | cent10to20 | 4 | 6 | pT10to15 | 2 | low_stats
v2 | 1 | cent10to20 | 4 | 6 | pT10to15 | 3 | low_stats
v2 | 1 | cent10to20 | 4 | 6 | pT10to15 | 4 | low_stats
v2 | 1 | cent10to20 | 4 | 6 | pT10to15 | 5 | low_stats
v2 | 1 | cent10to20 | 4 | 6 | pT10to15 | 6 | low_stats
v2 | 1 | cent10to20 | 4 | 6 | pT10to15 | 7 | low_stats
v2 | 1 | cent10to20 | 4 | 6 | pT10to15 | 8 | low_stats
v2 | 1 | cent10to20 | 4 | 6 | pT10to15 | 9 | low_stats
v2 | 1 | cent10to20 | 4 | 6 | pT10to15 | 10 | low_stats
v2 | 1 | cent10to20 | 4 | 6 | pT10to15 | 11 | low_stats
v2 | 1 | cent10to20 | 4 | 6 | pT10to15 | 12 | low_stats
v2 | 1 | cent10to20 | 4 | 6 | pT10to15 | 13 | low_stats
v2 | 1 | cent10to20 | 4 | 6 | pT10to15 | 14 | low_stats
v2 | 1 | cent10to20 | 4 | 6 | pT10to15 | 15 | low_stats
v2 | 1 | cent10to20 | 4 | 6 | pT10to15 | 16 | low_stats
v2 | 1 | cent10to20 | 4 | 6 | pT10to15 | 17 | low_stats
v2 | 1 | cent10to20 | 4 | 6 | pT10to15 | 18 | low_stats
v2 | 1 | cent10to20 | 4 | 6 | pT10to15 | 19 | low_stats
v2 | 1 | cent10to20 | 4 | 6 | pT10to15 | 20 | low_stats
v2 | 1 | cent10to20 | 4 | 6 | pT10to15 | 21 | low_stats
v2 | 1 | cent10to20 | 4 | 6 | pT10to15 | 22 | low_stats
v2 | 1 | cent10to20 | 4 | 6 | pT10to15 | 23 | low_stats
v2 | 1 | cent10to20 | 4 | 6 | pT10to15 | 24 | low_stats
v2 | 1 | cent10to20 | 4 | 6 | pT10to15 | 25 | low_stats
v2 | 1 | cent10to20 | 4 | 6 | pT10to15 | 26 | low_stats
v2 | 1 | cent10to20 | 4 | 6 | pT10to15 | 27 | low_stats
v2 | 1 | cent10to20 | 4 | 6 | pT10to15 | 28 | low_stats
v2 | 1 | cent10to20 | 4 | 6 | pT10to15 | 29 | low_stats
v2 | 1 | cent10to20 | 4 | 6 | pT10to15 | 30 | low_stats
v2 | 1 | cent10to20 | 4 | 6 | pT10to15 | 31 | low_stats
v2 | 1 | cent10to20 | 4 | 6 | pT10to15 | 32 | low_stats
v2 | 1 | cent10to20 | 4 | 6 | pT10to15 | 33 | low_stats
v2 | 1 | cent10to20 | 4 | 6 | pT10to15 | 34 | low_stats
v2 | 1 | cent10to20 | 4 | 6 | pT10to15 | 35 | low_stats
v2 | 1 | cent10to20 | 4 | 6 | pT10to15 | 36 | low_stats
v2 | 1 | cent10to20 | 4 | 6 | pT10to15 | 37 | low_stats
v2 | 1 | cent10to20 | 4 | 6 | pT10to15 | 38 | low_stats
v2 | 1 | cent10to20 | 4 | 6 | pT10to15 | 39 | low_stats
v2 | 1 | cent10to20 | 4 | 6 | pT10to15 | 40 | low_stats
v2 | 1 | cent10to20 | 4 | 6 | pT10to15 | 41 | low_stats
v2 | 1 | cent10to20 | 5 | 6 | pT10to15 | 0 | low_stats
v2 | 1 | cent10to20 | 5 | 6 | pT10to15 | 1 | low_stats
v2 | 1 | cent10to20 | 5 | 6 | pT10to15 | 2 | low_stats
v2 | 1 | cent10to20 | 5 | 6 | pT10to15 | 3 | low_stats
v2 | 1 | cent10to20 | 5 | 6 | pT10to15 | 4 | low_stats
v2 | 1 | cent10to20 | 5 | 6 | pT10to15 | 5 | low_stats
v2 | 1 | cent10to20 | 5 | 6 | pT10to15 | 6 | low_stats
v2 | 1 | cent10to20 | 5 | 6 | pT10to15 | 7 | low_stats
v2 | 1 | cent10to20 | 5 | 6 | pT10to15 | 8 | low_stats
v2 | 1 | cent10to20 | 5 | 6 | pT10to15 | 9 | low_stats
v2 | 1 | cent10to20 | 5 | 6 | pT10to15 | 10 | low_stats
v2 | 1 | cent10to20 | 5 | 6 | pT10to15 | 11 | low_stats
v2 | 1 | cent10to20 | 5 | 6 | pT10to15 | 12 | low_stats
v2 | 1 | cent10to20 | 5 | 6 | pT10to15 | 13 | low_stats
v2 | 1 | cent10to20 | 5 | 6 | pT10to15 | 14 | low_stats
v2 | 1 | cent10to20 | 5 | 6 | pT10to15 | 15 | low_stats
v2 | 1 | cent10to20 | 5 | 6 | pT10to15 | 16 | low_stats
v2 | 1 | cent10to20 | 5 | 6 | pT10to15 | 17 | low_stats
v2 | 1 | cent10to20 | 5 | 6 | pT10to15 | 18 | low_stats
v2 | 1 | cent10to20 | 5 | 6 | pT10to15 | 19 | low_stats
v2 | 1 | cent10to20 | 5 | 6 | pT10to15 | 20 | low_stats
v2 | 1 | cent10to20 | 5 | 6 | pT10to15 | 21 | low_stats
v2 | 1 | cent10to20 | 5 | 6 | pT10to15 | 22 | low_stats
v2 | 1 | cent10to20 | 5 | 6 | pT10to15 | 23 | low_stats
v2 | 1 | cent10to20 | 5 | 6 | pT10to15 | 24 | low_stats
v2 | 1 | cent10to20 | 5 | 6 | pT10to15 | 25 | low_stats
v2 | 1 | cent10to20 | 5 | 6 | pT10to15 | 26 | low_stats
v2 | 1 | cent10to20 | 5 | 6 | pT10to15 | 27 | low_stats
v2 | 1 | cent10to20 | 5 | 6 | pT10to15 | 28 | low_stats
v2 | 1 | cent10to20 | 5 | 6 | pT10to15 | 29 | low_stats
v2 | 1 | cent10to20 | 5 | 6 | pT10to15 | 30 | low_stats
v2 | 1 | cent10to20 | 5 | 6 | pT10to15 | 31 | low_stats
v2 | 1 | cent10to20 | 5 | 6 | pT10to15 | 32 | low_stats
v2 | 1 | cent10to20 | 5 | 6 | pT10to15 | 33 | low_stats
v2 | 1 | cent10to20 | 5 | 6 | pT10to15 | 34 | low_stats
v2 | 1 | cent10to20 | 5 | 6 | pT10to15 | 35 | low_stats
v2 | 1 | cent10to20 | 5 | 6 | pT10to15 | 36 | low_stats
v2 | 1 | cent10to20 | 5 | 6 | pT10to15 | 37 | low_stats
v2 | 1 | cent10to20 | 5 | 6 | pT10to15 | 38 | low_stats
v2 | 1 | cent10to20 | 5 | 6 | pT10to15 | 39 | low_stats
v2 | 1 | cent10to20 | 5 | 6 | pT10to15 | 40 | low_stats
v2 | 1 | cent10to20 | 5 | 6 | pT10to15 | 41 | low_stats
v2 | 1 | cent10to20 | 6 | 6 | pT10to15 | 0 | low_stats
v2 | 1 | cent10to20 | 6 | 6 | pT10to15 | 1 | low_stats
v2 | 1 | cent10to20 | 6 | 6 | pT10to15 | 2 | low_stats
v2 | 1 | cent10to20 | 6 | 6 | pT10to15 | 3 | low_stats
v2 | 1 | cent10to20 | 6 | 6 | pT10to15 | 4 | low_stats
v2 | 1 | cent10to20 | 6 | 6 | pT10to15 | 5 | low_stats
v2 | 1 | cent10to20 | 6 | 6 | pT10to15 | 6 | low_stats
v2 | 1 | cent10to20 | 6 | 6 | pT10to15 | 7 | low_stats
v2 | 1 | cent10to20 | 6 | 6 | pT10to15 | 8 | low_stats
v2 | 1 | cent10to20 | 6 | 6 | pT10to15 | 9 | low_stats
v2 | 1 | cent10to20 | 6 | 6 | pT10to15 | 10 | low_stats
v2 | 1 | cent10to20 | 6 | 6 | pT10to15 | 11 | low_stats
v2 | 1 | cent10to20 | 6 | 6 | pT10to15 | 12 | low_stats
v2 | 1 | cent10to20 | 6 | 6 | pT10to15 | 13 | low_stats
v2 | 1 | cent10to20 | 6 | 6 | pT10to15 | 14 | low_stats
v2 | 1 | cent10to20 | 6 | 6 | pT10to15 | 15 | low_stats
v2 | 1 | cent10to20 | 6 | 6 | pT10to15 | 16 | low_stats
v2 | 1 | cent10to20 | 6 | 6 | pT10to15 | 17 | low_stats
v2 | 1 | cent10to20 | 6 | 6 | pT10to15 | 18 | low_stats
v2 | 1 | cent10to20 | 6 | 6 | pT10to15 | 19 | low_stats
v2 | 1 | cent10to20 | 6 | 6 | pT10to15 | 20 | low_stats
v2 | 1 | cent10to20 | 6 | 6 | pT10to15 | 21 | low_stats
v2 | 1 | cent10to20 | 6 | 6 | pT10to15 | 22 | low_stats
v2 | 1 | cent10to20 | 6 | 6 | pT10to15 | 23 | low_stats
v2 | 1 | cent10to20 | 6 | 6 | pT10to15 | 24 | low_stats
v2 | 1 | cent10to20 | 6 | 6 | pT10to15 | 25 | low_stats
v2 | 1 | cent10to20 | 6 | 6 | pT10to15 | 26 | low_stats
v2 | 1 | cent10to20 | 6 | 6 | pT10to15 | 27 | low_stats
v2 | 1 | cent10to20 | 6 | 6 | pT10to15 | 28 | low_stats
v2 | 1 | cent10to20 | 6 | 6 | pT10to15 | 29 | low_stats
v2 | 1 | cent10to20 | 6 | 6 | pT10to15 | 30 | low_stats
v2 | 1 | cent10to20 | 6 | 6 | pT10to15 | 31 | low_stats
v2 | 1 | cent10to20 | 6 | 6 | pT10to15 | 32 | low_stats
v2 | 1 | cent10to20 | 6 | 6 | pT10to15 | 33 | low_stats
v2 | 1 | cent10to20 | 6 | 6 | pT10to15 | 34 | low_stats
v2 | 1 | cent10to20 | 6 | 6 | pT10to15 | 35 | low_stats
v2 | 1 | cent10to20 | 6 | 6 | pT10to15 | 36 | low_stats
v2 | 1 | cent10to20 | 6 | 6 | pT10to15 | 37 | low_stats
v2 | 1 | cent10to20 | 6 | 6 | pT10to15 | 38 | low_stats
v2 | 1 | cent10to20 | 6 | 6 | pT10to15 | 39 | low_stats
v2 | 1 | cent10to20 | 6 | 6 | pT10to15 | 40 | low_stats
v2 | 1 | cent10to20 | 6 | 6 | pT10to15 | 41 | low_stats
v2 | 1 | cent10to20 | 7 | 6 | pT10to15 | 0 | low_stats
v2 | 1 | cent10to20 | 7 | 6 | pT10to15 | 1 | low_stats
v2 | 1 | cent10to20 | 7 | 6 | pT10to15 | 2 | low_stats
v2 | 1 | cent10to20 | 7 | 6 | pT10to15 | 3 | low_stats
v2 | 1 | cent10to20 | 7 | 6 | pT10to15 | 4 | low_stats
v2 | 1 | cent10to20 | 7 | 6 | pT10to15 | 5 | low_stats
v2 | 1 | cent10to20 | 7 | 6 | pT10to15 | 6 | low_stats
v2 | 1 | cent10to20 | 7 | 6 | pT10to15 | 7 | low_stats
v2 | 1 | cent10to20 | 7 | 6 | pT10to15 | 8 | low_stats
v2 | 1 | cent10to20 | 7 | 6 | pT10to15 | 9 | low_stats
v2 | 1 | cent10to20 | 7 | 6 | pT10to15 | 10 | low_stats
v2 | 1 | cent10to20 | 7 | 6 | pT10to15 | 11 | low_stats
v2 | 1 | cent10to20 | 7 | 6 | pT10to15 | 12 | low_stats
v2 | 1 | cent10to20 | 7 | 6 | pT10to15 | 13 | low_stats
v2 | 1 | cent10to20 | 7 | 6 | pT10to15 | 14 | low_stats
v2 | 1 | cent10to20 | 7 | 6 | pT10to15 | 15 | low_stats
v2 | 1 | cent10to20 | 7 | 6 | pT10to15 | 16 | low_stats
v2 | 1 | cent10to20 | 7 | 6 | pT10to15 | 17 | low_stats
v2 | 1 | cent10to20 | 7 | 6 | pT10to15 | 18 | low_stats
v2 | 1 | cent10to20 | 7 | 6 | pT10to15 | 19 | low_stats
v2 | 1 | cent10to20 | 7 | 6 | pT10to15 | 20 | low_stats
v2 | 1 | cent10to20 | 7 | 6 | pT10to15 | 21 | low_stats
v2 | 1 | cent10to20 | 7 | 6 | pT10to15 | 22 | low_stats
v2 | 1 | cent10to20 | 7 | 6 | pT10to15 | 23 | low_stats
v2 | 1 | cent10to20 | 7 | 6 | pT10to15 | 24 | low_stats
v2 | 1 | cent10to20 | 7 | 6 | pT10to15 | 25 | low_stats
v2 | 1 | cent10to20 | 7 | 6 | pT10to15 | 26 | low_stats
v2 | 1 | cent10to20 | 7 | 6 | pT10to15 | 27 | low_stats
v2 | 1 | cent10to20 | 7 | 6 | pT10to15 | 28 | low_stats
v2 | 1 | cent10to20 | 7 | 6 | pT10to15 | 29 | low_stats
v2 | 1 | cent10to20 | 7 | 6 | pT10to15 | 30 | low_stats
v2 | 1 | cent10to20 | 7 | 6 | pT10to15 | 31 | low_stats
v2 | 1 | cent10to20 | 7 | 6 | pT10to15 | 32 | low_stats
v2 | 1 | cent10to20 | 7 | 6 | pT10to15 | 33 | low_stats
v2 | 1 | cent10to20 | 7 | 6 | pT10to15 | 34 | low_stats
v2 | 1 | cent10to20 | 7 | 6 | pT10to15 | 35 | low_stats
v2 | 1 | cent10to20 | 7 | 6 | pT10to15 | 36 | low_stats
v2 | 1 | cent10to20 | 7 | 6 | pT10to15 | 37 | low_stats
v2 | 1 | cent10to20 | 7 | 6 | pT10to15 | 38 | low_stats
v2 | 1 | cent10to20 | 7 | 6 | pT10to15 | 39 | low_stats
v2 | 1 | cent10to20 | 7 | 6 | pT10to15 | 40 | low_stats
v2 | 1 | cent10to20 | 7 | 6 | pT10to15 | 41 | low_stats
v2 | 1 | cent10to20 | 8 | 6 | pT10to15 | 0 | low_stats
v2 | 1 | cent10to20 | 8 | 6 | pT10to15 | 1 | low_stats
v2 | 1 | cent10to20 | 8 | 6 | pT10to15 | 2 | low_stats
v2 | 1 | cent10to20 | 8 | 6 | pT10to15 | 3 | low_stats
v2 | 1 | cent10to20 | 8 | 6 | pT10to15 | 4 | low_stats
v2 | 1 | cent10to20 | 8 | 6 | pT10to15 | 5 | low_stats
v2 | 1 | cent10to20 | 8 | 6 | pT10to15 | 6 | low_stats
v2 | 1 | cent10to20 | 8 | 6 | pT10to15 | 7 | low_stats
v2 | 1 | cent10to20 | 8 | 6 | pT10to15 | 8 | low_stats
v2 | 1 | cent10to20 | 8 | 6 | pT10to15 | 9 | low_stats
v2 | 1 | cent10to20 | 8 | 6 | pT10to15 | 10 | low_stats
v2 | 1 | cent10to20 | 8 | 6 | pT10to15 | 11 | low_stats
v2 | 1 | cent10to20 | 8 | 6 | pT10to15 | 12 | low_stats
v2 | 1 | cent10to20 | 8 | 6 | pT10to15 | 13 | low_stats
v2 | 1 | cent10to20 | 8 | 6 | pT10to15 | 14 | low_stats
v2 | 1 | cent10to20 | 8 | 6 | pT10to15 | 15 | low_stats
v2 | 1 | cent10to20 | 8 | 6 | pT10to15 | 16 | low_stats
v2 | 1 | cent10to20 | 8 | 6 | pT10to15 | 17 | low_stats
v2 | 1 | cent10to20 | 8 | 6 | pT10to15 | 18 | low_stats
v2 | 1 | cent10to20 | 8 | 6 | pT10to15 | 19 | low_stats
v2 | 1 | cent10to20 | 8 | 6 | pT10to15 | 20 | low_stats
v2 | 1 | cent10to20 | 8 | 6 | pT10to15 | 21 | low_stats
v2 | 1 | cent10to20 | 8 | 6 | pT10to15 | 22 | low_stats
v2 | 1 | cent10to20 | 8 | 6 | pT10to15 | 23 | low_stats
v2 | 1 | cent10to20 | 8 | 6 | pT10to15 | 24 | low_stats
v2 | 1 | cent10to20 | 8 | 6 | pT10to15 | 25 | low_stats
v2 | 1 | cent10to20 | 8 | 6 | pT10to15 | 26 | low_stats
v2 | 1 | cent10to20 | 8 | 6 | pT10to15 | 27 | low_stats
v2 | 1 | cent10to20 | 8 | 6 | pT10to15 | 28 | low_stats
v2 | 1 | cent10to20 | 8 | 6 | pT10to15 | 29 | low_stats
v2 | 1 | cent10to20 | 8 | 6 | pT10to15 | 30 | low_stats
v2 | 1 | cent10to20 | 8 | 6 | pT10to15 | 31 | low_stats
v2 | 1 | cent10to20 | 8 | 6 | pT10to15 | 32 | low_stats
v2 | 1 | cent10to20 | 8 | 6 | pT10to15 | 33 | low_stats
v2 | 1 | cent10to20 | 8 | 6 | pT10to15 | 34 | low_stats
v2 | 1 | cent10to20 | 8 | 6 | pT10to15 | 35 | low_stats
v2 | 1 | cent10to20 | 8 | 6 | pT10to15 | 36 | low_stats
v2 | 1 | cent10to20 | 8 | 6 | pT10to15 | 37 | low_stats
v2 | 1 | cent10to20 | 8 | 6 | pT10to15 | 38 | low_stats
v2 | 1 | cent10to20 | 8 | 6 | pT10to15 | 39 | low_stats
v2 | 1 | cent10to20 | 8 | 6 | pT10to15 | 40 | low_stats
v2 | 1 | cent10to20 | 8 | 6 | pT10to15 | 41 | low_stats
v2 | 1 | cent10to20 | 9 | 6 | pT10to15 | 0 | low_stats
v2 | 1 | cent10to20 | 9 | 6 | pT10to15 | 1 | low_stats
v2 | 1 | cent10to20 | 9 | 6 | pT10to15 | 2 | low_stats
v2 | 1 | cent10to20 | 9 | 6 | pT10to15 | 3 | low_stats
v2 | 1 | cent10to20 | 9 | 6 | pT10to15 | 4 | low_stats
v2 | 1 | cent10to20 | 9 | 6 | pT10to15 | 5 | low_stats
v2 | 1 | cent10to20 | 9 | 6 | pT10to15 | 6 | low_stats
v2 | 1 | cent10to20 | 9 | 6 | pT10to15 | 7 | low_stats
v2 | 1 | cent10to20 | 9 | 6 | pT10to15 | 8 | low_stats
v2 | 1 | cent10to20 | 9 | 6 | pT10to15 | 9 | low_stats
v2 | 1 | cent10to20 | 9 | 6 | pT10to15 | 10 | low_stats
v2 | 1 | cent10to20 | 9 | 6 | pT10to15 | 11 | low_stats
v2 | 1 | cent10to20 | 9 | 6 | pT10to15 | 12 | low_stats
v2 | 1 | cent10to20 | 9 | 6 | pT10to15 | 13 | low_stats
v2 | 1 | cent10to20 | 9 | 6 | pT10to15 | 14 | low_stats
v2 | 1 | cent10to20 | 9 | 6 | pT10to15 | 15 | low_stats
v2 | 1 | cent10to20 | 9 | 6 | pT10to15 | 16 | low_stats
v2 | 1 | cent10to20 | 9 | 6 | pT10to15 | 17 | low_stats
v2 | 1 | cent10to20 | 9 | 6 | pT10to15 | 18 | low_stats
v2 | 1 | cent10to20 | 9 | 6 | pT10to15 | 19 | low_stats
v2 | 1 | cent10to20 | 9 | 6 | pT10to15 | 20 | low_stats
v2 | 1 | cent10to20 | 9 | 6 | pT10to15 | 21 | low_stats
v2 | 1 | cent10to20 | 9 | 6 | pT10to15 | 22 | low_stats
v2 | 1 | cent10to20 | 9 | 6 | pT10to15 | 23 | low_stats
v2 | 1 | cent10to20 | 9 | 6 | pT10to15 | 24 | low_stats
v2 | 1 | cent10to20 | 9 | 6 | pT10to15 | 25 | low_stats
v2 | 1 | cent10to20 | 9 | 6 | pT10to15 | 26 | low_stats
v2 | 1 | cent10to20 | 9 | 6 | pT10to15 | 27 | low_stats
v2 | 1 | cent10to20 | 9 | 6 | pT10to15 | 28 | low_stats
v2 | 1 | cent10to20 | 9 | 6 | pT10to15 | 29 | low_stats
v2 | 1 | cent10to20 | 9 | 6 | pT10to15 | 30 | low_stats
v2 | 1 | cent10to20 | 9 | 6 | pT10to15 | 31 | low_stats
v2 | 1 | cent10to20 | 9 | 6 | pT10to15 | 32 | low_stats
v2 | 1 | cent10to20 | 9 | 6 | pT10to15 | 33 | low_stats
v2 | 1 | cent10to20 | 9 | 6 | pT10to15 | 34 | low_stats
v2 | 1 | cent10to20 | 9 | 6 | pT10to15 | 35 | low_stats
v2 | 1 | cent10to20 | 9 | 6 | pT10to15 | 36 | low_stats
v2 | 1 | cent10to20 | 9 | 6 | pT10to15 | 37 | low_stats
v2 | 1 | cent10to20 | 9 | 6 | pT10to15 | 38 | low_stats
v2 | 1 | cent10to20 | 9 | 6 | pT10to15 | 39 | low_stats
v2 | 1 | cent10to20 | 9 | 6 | pT10to15 | 40 | low_stats
v2 | 1 | cent10to20 | 9 | 6 | pT10to15 | 41 | low_stats
v2 | 1 | cent10to20 | 10 | 6 | pT10to15 | 0 | low_stats
v2 | 1 | cent10to20 | 10 | 6 | pT10to15 | 1 | low_stats
v2 | 1 | cent10to20 | 10 | 6 | pT10to15 | 2 | low_stats
v2 | 1 | cent10to20 | 10 | 6 | pT10to15 | 3 | low_stats
v2 | 1 | cent10to20 | 10 | 6 | pT10to15 | 4 | low_stats
v2 | 1 | cent10to20 | 10 | 6 | pT10to15 | 5 | low_stats
v2 | 1 | cent10to20 | 10 | 6 | pT10to15 | 6 | low_stats
v2 | 1 | cent10to20 | 10 | 6 | pT10to15 | 7 | low_stats
v2 | 1 | cent10to20 | 10 | 6 | pT10to15 | 8 | low_stats
v2 | 1 | cent10to20 | 10 | 6 | pT10to15 | 9 | low_stats
v2 | 1 | cent10to20 | 10 | 6 | pT10to15 | 10 | low_stats
v2 | 1 | cent10to20 | 10 | 6 | pT10to15 | 11 | low_stats
v2 | 1 | cent10to20 | 10 | 6 | pT10to15 | 12 | low_stats
v2 | 1 | cent10to20 | 10 | 6 | pT10to15 | 13 | low_stats
v2 | 1 | cent10to20 | 10 | 6 | pT10to15 | 14 | low_stats
v2 | 1 | cent10to20 | 10 | 6 | pT10to15 | 15 | low_stats
v2 | 1 | cent10to20 | 10 | 6 | pT10to15 | 16 | low_stats
v2 | 1 | cent10to20 | 10 | 6 | pT10to15 | 17 | low_stats
v2 | 1 | cent10to20 | 10 | 6 | pT10to15 | 18 | low_stats
v2 | 1 | cent10to20 | 10 | 6 | pT10to15 | 19 | low_stats
v2 | 1 | cent10to20 | 10 | 6 | pT10to15 | 20 | low_stats
v2 | 1 | cent10to20 | 10 | 6 | pT10to15 | 21 | low_stats
v2 | 1 | cent10to20 | 10 | 6 | pT10to15 | 22 | low_stats
v2 | 1 | cent10to20 | 10 | 6 | pT10to15 | 23 | low_stats
v2 | 1 | cent10to20 | 10 | 6 | pT10to15 | 24 | low_stats
v2 | 1 | cent10to20 | 10 | 6 | pT10to15 | 25 | low_stats
v2 | 1 | cent10to20 | 10 | 6 | pT10to15 | 26 | low_stats
v2 | 1 | cent10to20 | 10 | 6 | pT10to15 | 27 | low_stats
v2 | 1 | cent10to20 | 10 | 6 | pT10to15 | 28 | low_stats
v2 | 1 | cent10to20 | 10 | 6 | pT10to15 | 29 | low_stats
v2 | 1 | cent10to20 | 10 | 6 | pT10to15 | 30 | low_stats
v2 | 1 | cent10to20 | 10 | 6 | pT10to15 | 31 | low_stats
v2 | 1 | cent10to20 | 10 | 6 | pT10to15 | 32 | low_stats
v2 | 1 | cent10to20 | 10 | 6 | pT10to15 | 33 | low_stats
v2 | 1 | cent10to20 | 10 | 6 | pT10to15 | 34 | low_stats
v2 | 1 | cent10to20 | 10 | 6 | pT10to15 | 35 | low_stats
v2 | 1 | cent10to20 | 10 | 6 | pT10to15 | 36 | low_stats
v2 | 1 | cent10to20 | 10 | 6 | pT10to15 | 37 | low_stats
v2 | 1 | cent10to20 | 10 | 6 | pT10to15 | 38 | low_stats
v2 | 1 | cent10to20 | 10 | 6 | pT10to15 | 39 | low_stats
v2 | 1 | cent10to20 | 10 | 6 | pT10to15 | 40 | low_stats
v2 | 1 | cent10to20 | 10 | 6 | pT10to15 | 41 | low_stats
v2 | 1 | cent10to20 | 11 | 6 | pT10to15 | 0 | low_stats
v2 | 1 | cent10to20 | 11 | 6 | pT10to15 | 1 | low_stats
v2 | 1 | cent10to20 | 11 | 6 | pT10to15 | 2 | low_stats
v2 | 1 | cent10to20 | 11 | 6 | pT10to15 | 3 | low_stats
v2 | 1 | cent10to20 | 11 | 6 | pT10to15 | 4 | low_stats
v2 | 1 | cent10to20 | 11 | 6 | pT10to15 | 5 | low_stats
v2 | 1 | cent10to20 | 11 | 6 | pT10to15 | 6 | low_stats
v2 | 1 | cent10to20 | 11 | 6 | pT10to15 | 7 | low_stats
v2 | 1 | cent10to20 | 11 | 6 | pT10to15 | 8 | low_stats
v2 | 1 | cent10to20 | 11 | 6 | pT10to15 | 9 | low_stats
v2 | 1 | cent10to20 | 11 | 6 | pT10to15 | 10 | low_stats
v2 | 1 | cent10to20 | 11 | 6 | pT10to15 | 11 | low_stats
v2 | 1 | cent10to20 | 11 | 6 | pT10to15 | 12 | low_stats
v2 | 1 | cent10to20 | 11 | 6 | pT10to15 | 13 | low_stats
v2 | 1 | cent10to20 | 11 | 6 | pT10to15 | 14 | low_stats
v2 | 1 | cent10to20 | 11 | 6 | pT10to15 | 15 | low_stats
v2 | 1 | cent10to20 | 11 | 6 | pT10to15 | 16 | low_stats
v2 | 1 | cent10to20 | 11 | 6 | pT10to15 | 17 | low_stats
v2 | 1 | cent10to20 | 11 | 6 | pT10to15 | 18 | low_stats
v2 | 1 | cent10to20 | 11 | 6 | pT10to15 | 19 | low_stats
v2 | 1 | cent10to20 | 11 | 6 | pT10to15 | 20 | low_stats
v2 | 1 | cent10to20 | 11 | 6 | pT10to15 | 21 | low_stats
v2 | 1 | cent10to20 | 11 | 6 | pT10to15 | 22 | low_stats
v2 | 1 | cent10to20 | 11 | 6 | pT10to15 | 23 | low_stats
v2 | 1 | cent10to20 | 11 | 6 | pT10to15 | 24 | low_stats
v2 | 1 | cent10to20 | 11 | 6 | pT10to15 | 25 | low_stats
v2 | 1 | cent10to20 | 11 | 6 | pT10to15 | 26 | low_stats
v2 | 1 | cent10to20 | 11 | 6 | pT10to15 | 27 | low_stats
v2 | 1 | cent10to20 | 11 | 6 | pT10to15 | 28 | low_stats
v2 | 1 | cent10to20 | 11 | 6 | pT10to15 | 29 | low_stats
v2 | 1 | cent10to20 | 11 | 6 | pT10to15 | 30 | low_stats
v2 | 1 | cent10to20 | 11 | 6 | pT10to15 | 31 | low_stats
v2 | 1 | cent10to20 | 11 | 6 | pT10to15 | 32 | low_stats
v2 | 1 | cent10to20 | 11 | 6 | pT10to15 | 33 | low_stats
v2 | 1 | cent10to20 | 11 | 6 | pT10to15 | 34 | low_stats
v2 | 1 | cent10to20 | 11 | 6 | pT10to15 | 35 | low_stats
v2 | 1 | cent10to20 | 11 | 6 | pT10to15 | 36 | low_stats
v2 | 1 | cent10to20 | 11 | 6 | pT10to15 | 37 | low_stats
v2 | 1 | cent10to20 | 11 | 6 | pT10to15 | 38 | low_stats
v2 | 1 | cent10to20 | 11 | 6 | pT10to15 | 39 | low_stats
v2 | 1 | cent10to20 | 11 | 6 | pT10to15 | 40 | low_stats
v2 | 1 | cent10to20 | 11 | 6 | pT10to15 | 41 | low_stats
v2 | 1 | cent10to20 | 0 | 7 | pT15to30 | 0 | low_stats
v2 | 1 | cent10to20 | 0 | 7 | pT15to30 | 1 | low_stats
v2 | 1 | cent10to20 | 0 | 7 | pT15to30 | 2 | low_stats
v2 | 1 | cent10to20 | 0 | 7 | pT15to30 | 3 | low_stats
v2 | 1 | cent10to20 | 0 | 7 | pT15to30 | 4 | low_stats
v2 | 1 | cent10to20 | 0 | 7 | pT15to30 | 5 | low_stats
v2 | 1 | cent10to20 | 0 | 7 | pT15to30 | 6 | low_stats
v2 | 1 | cent10to20 | 0 | 7 | pT15to30 | 7 | low_stats
v2 | 1 | cent10to20 | 0 | 7 | pT15to30 | 8 | low_stats
v2 | 1 | cent10to20 | 0 | 7 | pT15to30 | 9 | low_stats
v2 | 1 | cent10to20 | 0 | 7 | pT15to30 | 10 | low_stats
v2 | 1 | cent10to20 | 0 | 7 | pT15to30 | 11 | low_stats
v2 | 1 | cent10to20 | 0 | 7 | pT15to30 | 12 | low_stats
v2 | 1 | cent10to20 | 0 | 7 | pT15to30 | 13 | low_stats
v2 | 1 | cent10to20 | 0 | 7 | pT15to30 | 14 | low_stats
v2 | 1 | cent10to20 | 0 | 7 | pT15to30 | 15 | low_stats
v2 | 1 | cent10to20 | 0 | 7 | pT15to30 | 16 | low_stats
v2 | 1 | cent10to20 | 0 | 7 | pT15to30 | 17 | low_stats
v2 | 1 | cent10to20 | 0 | 7 | pT15to30 | 18 | low_stats
v2 | 1 | cent10to20 | 0 | 7 | pT15to30 | 19 | low_stats
v2 | 1 | cent10to20 | 0 | 7 | pT15to30 | 20 | low_stats
v2 | 1 | cent10to20 | 0 | 7 | pT15to30 | 21 | low_stats
v2 | 1 | cent10to20 | 0 | 7 | pT15to30 | 22 | low_stats
v2 | 1 | cent10to20 | 0 | 7 | pT15to30 | 23 | low_stats
v2 | 1 | cent10to20 | 0 | 7 | pT15to30 | 24 | low_stats
v2 | 1 | cent10to20 | 0 | 7 | pT15to30 | 25 | low_stats
v2 | 1 | cent10to20 | 0 | 7 | pT15to30 | 26 | low_stats
v2 | 1 | cent10to20 | 0 | 7 | pT15to30 | 27 | low_stats
v2 | 1 | cent10to20 | 0 | 7 | pT15to30 | 28 | low_stats
v2 | 1 | cent10to20 | 0 | 7 | pT15to30 | 29 | low_stats
v2 | 1 | cent10to20 | 0 | 7 | pT15to30 | 30 | low_stats
v2 | 1 | cent10to20 | 0 | 7 | pT15to30 | 31 | low_stats
v2 | 1 | cent10to20 | 0 | 7 | pT15to30 | 32 | low_stats
v2 | 1 | cent10to20 | 0 | 7 | pT15to30 | 33 | low_stats
v2 | 1 | cent10to20 | 0 | 7 | pT15to30 | 34 | low_stats
v2 | 1 | cent10to20 | 0 | 7 | pT15to30 | 35 | low_stats
v2 | 1 | cent10to20 | 0 | 7 | pT15to30 | 36 | low_stats
v2 | 1 | cent10to20 | 0 | 7 | pT15to30 | 37 | low_stats
v2 | 1 | cent10to20 | 0 | 7 | pT15to30 | 38 | low_stats
v2 | 1 | cent10to20 | 0 | 7 | pT15to30 | 39 | low_stats
v2 | 1 | cent10to20 | 0 | 7 | pT15to30 | 40 | low_stats
v2 | 1 | cent10to20 | 0 | 7 | pT15to30 | 41 | low_stats
v2 | 1 | cent10to20 | 1 | 7 | pT15to30 | 0 | low_stats
v2 | 1 | cent10to20 | 1 | 7 | pT15to30 | 1 | low_stats
v2 | 1 | cent10to20 | 1 | 7 | pT15to30 | 2 | low_stats
v2 | 1 | cent10to20 | 1 | 7 | pT15to30 | 3 | low_stats
v2 | 1 | cent10to20 | 1 | 7 | pT15to30 | 4 | low_stats
v2 | 1 | cent10to20 | 1 | 7 | pT15to30 | 5 | low_stats
v2 | 1 | cent10to20 | 1 | 7 | pT15to30 | 6 | low_stats
v2 | 1 | cent10to20 | 1 | 7 | pT15to30 | 7 | low_stats
v2 | 1 | cent10to20 | 1 | 7 | pT15to30 | 8 | low_stats
v2 | 1 | cent10to20 | 1 | 7 | pT15to30 | 9 | low_stats
v2 | 1 | cent10to20 | 1 | 7 | pT15to30 | 10 | low_stats
v2 | 1 | cent10to20 | 1 | 7 | pT15to30 | 11 | low_stats
v2 | 1 | cent10to20 | 1 | 7 | pT15to30 | 12 | low_stats
v2 | 1 | cent10to20 | 1 | 7 | pT15to30 | 13 | low_stats
v2 | 1 | cent10to20 | 1 | 7 | pT15to30 | 14 | low_stats
v2 | 1 | cent10to20 | 1 | 7 | pT15to30 | 15 | low_stats
v2 | 1 | cent10to20 | 1 | 7 | pT15to30 | 16 | low_stats
v2 | 1 | cent10to20 | 1 | 7 | pT15to30 | 17 | low_stats
v2 | 1 | cent10to20 | 1 | 7 | pT15to30 | 18 | low_stats
v2 | 1 | cent10to20 | 1 | 7 | pT15to30 | 19 | low_stats
v2 | 1 | cent10to20 | 1 | 7 | pT15to30 | 20 | low_stats
v2 | 1 | cent10to20 | 1 | 7 | pT15to30 | 21 | low_stats
v2 | 1 | cent10to20 | 1 | 7 | pT15to30 | 22 | low_stats
v2 | 1 | cent10to20 | 1 | 7 | pT15to30 | 23 | low_stats
v2 | 1 | cent10to20 | 1 | 7 | pT15to30 | 24 | low_stats
v2 | 1 | cent10to20 | 1 | 7 | pT15to30 | 25 | low_stats
v2 | 1 | cent10to20 | 1 | 7 | pT15to30 | 26 | low_stats
v2 | 1 | cent10to20 | 1 | 7 | pT15to30 | 27 | low_stats
v2 | 1 | cent10to20 | 1 | 7 | pT15to30 | 28 | low_stats
v2 | 1 | cent10to20 | 1 | 7 | pT15to30 | 29 | low_stats
v2 | 1 | cent10to20 | 1 | 7 | pT15to30 | 30 | low_stats
v2 | 1 | cent10to20 | 1 | 7 | pT15to30 | 31 | low_stats
v2 | 1 | cent10to20 | 1 | 7 | pT15to30 | 32 | low_stats
v2 | 1 | cent10to20 | 1 | 7 | pT15to30 | 33 | low_stats
v2 | 1 | cent10to20 | 1 | 7 | pT15to30 | 34 | low_stats
v2 | 1 | cent10to20 | 1 | 7 | pT15to30 | 35 | low_stats
v2 | 1 | cent10to20 | 1 | 7 | pT15to30 | 36 | low_stats
v2 | 1 | cent10to20 | 1 | 7 | pT15to30 | 37 | low_stats
v2 | 1 | cent10to20 | 1 | 7 | pT15to30 | 38 | low_stats
v2 | 1 | cent10to20 | 1 | 7 | pT15to30 | 39 | low_stats
v2 | 1 | cent10to20 | 1 | 7 | pT15to30 | 40 | low_stats
v2 | 1 | cent10to20 | 1 | 7 | pT15to30 | 41 | low_stats
v2 | 1 | cent10to20 | 2 | 7 | pT15to30 | 0 | low_stats
v2 | 1 | cent10to20 | 2 | 7 | pT15to30 | 1 | low_stats
v2 | 1 | cent10to20 | 2 | 7 | pT15to30 | 2 | low_stats
v2 | 1 | cent10to20 | 2 | 7 | pT15to30 | 3 | low_stats
v2 | 1 | cent10to20 | 2 | 7 | pT15to30 | 4 | low_stats
v2 | 1 | cent10to20 | 2 | 7 | pT15to30 | 5 | low_stats
v2 | 1 | cent10to20 | 2 | 7 | pT15to30 | 6 | low_stats
v2 | 1 | cent10to20 | 2 | 7 | pT15to30 | 7 | low_stats
v2 | 1 | cent10to20 | 2 | 7 | pT15to30 | 8 | low_stats
v2 | 1 | cent10to20 | 2 | 7 | pT15to30 | 9 | low_stats
v2 | 1 | cent10to20 | 2 | 7 | pT15to30 | 10 | low_stats
v2 | 1 | cent10to20 | 2 | 7 | pT15to30 | 11 | low_stats
v2 | 1 | cent10to20 | 2 | 7 | pT15to30 | 12 | low_stats
v2 | 1 | cent10to20 | 2 | 7 | pT15to30 | 13 | low_stats
v2 | 1 | cent10to20 | 2 | 7 | pT15to30 | 14 | low_stats
v2 | 1 | cent10to20 | 2 | 7 | pT15to30 | 15 | low_stats
v2 | 1 | cent10to20 | 2 | 7 | pT15to30 | 16 | low_stats
v2 | 1 | cent10to20 | 2 | 7 | pT15to30 | 17 | low_stats
v2 | 1 | cent10to20 | 2 | 7 | pT15to30 | 18 | low_stats
v2 | 1 | cent10to20 | 2 | 7 | pT15to30 | 19 | low_stats
v2 | 1 | cent10to20 | 2 | 7 | pT15to30 | 20 | low_stats
v2 | 1 | cent10to20 | 2 | 7 | pT15to30 | 21 | low_stats
v2 | 1 | cent10to20 | 2 | 7 | pT15to30 | 22 | low_stats
v2 | 1 | cent10to20 | 2 | 7 | pT15to30 | 23 | low_stats
v2 | 1 | cent10to20 | 2 | 7 | pT15to30 | 24 | low_stats
v2 | 1 | cent10to20 | 2 | 7 | pT15to30 | 25 | low_stats
v2 | 1 | cent10to20 | 2 | 7 | pT15to30 | 26 | low_stats
v2 | 1 | cent10to20 | 2 | 7 | pT15to30 | 27 | low_stats
v2 | 1 | cent10to20 | 2 | 7 | pT15to30 | 28 | low_stats
v2 | 1 | cent10to20 | 2 | 7 | pT15to30 | 29 | low_stats
v2 | 1 | cent10to20 | 2 | 7 | pT15to30 | 30 | low_stats
v2 | 1 | cent10to20 | 2 | 7 | pT15to30 | 31 | low_stats
v2 | 1 | cent10to20 | 2 | 7 | pT15to30 | 32 | low_stats
v2 | 1 | cent10to20 | 2 | 7 | pT15to30 | 33 | low_stats
v2 | 1 | cent10to20 | 2 | 7 | pT15to30 | 34 | low_stats
v2 | 1 | cent10to20 | 2 | 7 | pT15to30 | 35 | low_stats
v2 | 1 | cent10to20 | 2 | 7 | pT15to30 | 36 | low_stats
v2 | 1 | cent10to20 | 2 | 7 | pT15to30 | 37 | low_stats
v2 | 1 | cent10to20 | 2 | 7 | pT15to30 | 38 | low_stats
v2 | 1 | cent10to20 | 2 | 7 | pT15to30 | 39 | low_stats
v2 | 1 | cent10to20 | 2 | 7 | pT15to30 | 40 | low_stats
v2 | 1 | cent10to20 | 2 | 7 | pT15to30 | 41 | low_stats
v2 | 1 | cent10to20 | 3 | 7 | pT15to30 | 0 | low_stats
v2 | 1 | cent10to20 | 3 | 7 | pT15to30 | 1 | low_stats
v2 | 1 | cent10to20 | 3 | 7 | pT15to30 | 2 | low_stats
v2 | 1 | cent10to20 | 3 | 7 | pT15to30 | 3 | low_stats
v2 | 1 | cent10to20 | 3 | 7 | pT15to30 | 4 | low_stats
v2 | 1 | cent10to20 | 3 | 7 | pT15to30 | 5 | low_stats
v2 | 1 | cent10to20 | 3 | 7 | pT15to30 | 6 | low_stats
v2 | 1 | cent10to20 | 3 | 7 | pT15to30 | 7 | low_stats
v2 | 1 | cent10to20 | 3 | 7 | pT15to30 | 8 | low_stats
v2 | 1 | cent10to20 | 3 | 7 | pT15to30 | 9 | low_stats
v2 | 1 | cent10to20 | 3 | 7 | pT15to30 | 10 | low_stats
v2 | 1 | cent10to20 | 3 | 7 | pT15to30 | 11 | low_stats
v2 | 1 | cent10to20 | 3 | 7 | pT15to30 | 12 | low_stats
v2 | 1 | cent10to20 | 3 | 7 | pT15to30 | 13 | low_stats
v2 | 1 | cent10to20 | 3 | 7 | pT15to30 | 14 | low_stats
v2 | 1 | cent10to20 | 3 | 7 | pT15to30 | 15 | low_stats
v2 | 1 | cent10to20 | 3 | 7 | pT15to30 | 16 | low_stats
v2 | 1 | cent10to20 | 3 | 7 | pT15to30 | 17 | low_stats
v2 | 1 | cent10to20 | 3 | 7 | pT15to30 | 18 | low_stats
v2 | 1 | cent10to20 | 3 | 7 | pT15to30 | 19 | low_stats
v2 | 1 | cent10to20 | 3 | 7 | pT15to30 | 20 | low_stats
v2 | 1 | cent10to20 | 3 | 7 | pT15to30 | 21 | low_stats
v2 | 1 | cent10to20 | 3 | 7 | pT15to30 | 22 | low_stats
v2 | 1 | cent10to20 | 3 | 7 | pT15to30 | 23 | low_stats
v2 | 1 | cent10to20 | 3 | 7 | pT15to30 | 24 | low_stats
v2 | 1 | cent10to20 | 3 | 7 | pT15to30 | 25 | low_stats
v2 | 1 | cent10to20 | 3 | 7 | pT15to30 | 26 | low_stats
v2 | 1 | cent10to20 | 3 | 7 | pT15to30 | 27 | low_stats
v2 | 1 | cent10to20 | 3 | 7 | pT15to30 | 28 | low_stats
v2 | 1 | cent10to20 | 3 | 7 | pT15to30 | 29 | low_stats
v2 | 1 | cent10to20 | 3 | 7 | pT15to30 | 30 | low_stats
v2 | 1 | cent10to20 | 3 | 7 | pT15to30 | 31 | low_stats
v2 | 1 | cent10to20 | 3 | 7 | pT15to30 | 32 | low_stats
v2 | 1 | cent10to20 | 3 | 7 | pT15to30 | 33 | low_stats
v2 | 1 | cent10to20 | 3 | 7 | pT15to30 | 34 | low_stats
v2 | 1 | cent10to20 | 3 | 7 | pT15to30 | 35 | low_stats
v2 | 1 | cent10to20 | 3 | 7 | pT15to30 | 36 | low_stats
v2 | 1 | cent10to20 | 3 | 7 | pT15to30 | 37 | low_stats
v2 | 1 | cent10to20 | 3 | 7 | pT15to30 | 38 | low_stats
v2 | 1 | cent10to20 | 3 | 7 | pT15to30 | 39 | low_stats
v2 | 1 | cent10to20 | 3 | 7 | pT15to30 | 40 | low_stats
v2 | 1 | cent10to20 | 3 | 7 | pT15to30 | 41 | low_stats
v2 | 1 | cent10to20 | 4 | 7 | pT15to30 | 0 | low_stats
v2 | 1 | cent10to20 | 4 | 7 | pT15to30 | 1 | low_stats
v2 | 1 | cent10to20 | 4 | 7 | pT15to30 | 2 | low_stats
v2 | 1 | cent10to20 | 4 | 7 | pT15to30 | 3 | low_stats
v2 | 1 | cent10to20 | 4 | 7 | pT15to30 | 4 | low_stats
v2 | 1 | cent10to20 | 4 | 7 | pT15to30 | 5 | low_stats
v2 | 1 | cent10to20 | 4 | 7 | pT15to30 | 6 | low_stats
v2 | 1 | cent10to20 | 4 | 7 | pT15to30 | 7 | low_stats
v2 | 1 | cent10to20 | 4 | 7 | pT15to30 | 8 | low_stats
v2 | 1 | cent10to20 | 4 | 7 | pT15to30 | 9 | low_stats
v2 | 1 | cent10to20 | 4 | 7 | pT15to30 | 10 | low_stats
v2 | 1 | cent10to20 | 4 | 7 | pT15to30 | 11 | low_stats
v2 | 1 | cent10to20 | 4 | 7 | pT15to30 | 12 | low_stats
v2 | 1 | cent10to20 | 4 | 7 | pT15to30 | 13 | low_stats
v2 | 1 | cent10to20 | 4 | 7 | pT15to30 | 14 | low_stats
v2 | 1 | cent10to20 | 4 | 7 | pT15to30 | 15 | low_stats
v2 | 1 | cent10to20 | 4 | 7 | pT15to30 | 16 | low_stats
v2 | 1 | cent10to20 | 4 | 7 | pT15to30 | 17 | low_stats
v2 | 1 | cent10to20 | 4 | 7 | pT15to30 | 18 | low_stats
v2 | 1 | cent10to20 | 4 | 7 | pT15to30 | 19 | low_stats
v2 | 1 | cent10to20 | 4 | 7 | pT15to30 | 20 | low_stats
v2 | 1 | cent10to20 | 4 | 7 | pT15to30 | 21 | low_stats
v2 | 1 | cent10to20 | 4 | 7 | pT15to30 | 22 | low_stats
v2 | 1 | cent10to20 | 4 | 7 | pT15to30 | 23 | low_stats
v2 | 1 | cent10to20 | 4 | 7 | pT15to30 | 24 | low_stats
v2 | 1 | cent10to20 | 4 | 7 | pT15to30 | 25 | low_stats
v2 | 1 | cent10to20 | 4 | 7 | pT15to30 | 26 | low_stats
v2 | 1 | cent10to20 | 4 | 7 | pT15to30 | 27 | low_stats
v2 | 1 | cent10to20 | 4 | 7 | pT15to30 | 28 | low_stats
v2 | 1 | cent10to20 | 4 | 7 | pT15to30 | 29 | low_stats
v2 | 1 | cent10to20 | 4 | 7 | pT15to30 | 30 | low_stats
v2 | 1 | cent10to20 | 4 | 7 | pT15to30 | 31 | low_stats
v2 | 1 | cent10to20 | 4 | 7 | pT15to30 | 32 | low_stats
v2 | 1 | cent10to20 | 4 | 7 | pT15to30 | 33 | low_stats
v2 | 1 | cent10to20 | 4 | 7 | pT15to30 | 34 | low_stats
v2 | 1 | cent10to20 | 4 | 7 | pT15to30 | 35 | low_stats
v2 | 1 | cent10to20 | 4 | 7 | pT15to30 | 36 | low_stats
v2 | 1 | cent10to20 | 4 | 7 | pT15to30 | 37 | low_stats
v2 | 1 | cent10to20 | 4 | 7 | pT15to30 | 38 | low_stats
v2 | 1 | cent10to20 | 4 | 7 | pT15to30 | 39 | low_stats
v2 | 1 | cent10to20 | 4 | 7 | pT15to30 | 40 | low_stats
v2 | 1 | cent10to20 | 4 | 7 | pT15to30 | 41 | low_stats
v2 | 1 | cent10to20 | 5 | 7 | pT15to30 | 0 | low_stats
v2 | 1 | cent10to20 | 5 | 7 | pT15to30 | 1 | low_stats
v2 | 1 | cent10to20 | 5 | 7 | pT15to30 | 2 | low_stats
v2 | 1 | cent10to20 | 5 | 7 | pT15to30 | 3 | low_stats
v2 | 1 | cent10to20 | 5 | 7 | pT15to30 | 4 | low_stats
v2 | 1 | cent10to20 | 5 | 7 | pT15to30 | 5 | low_stats
v2 | 1 | cent10to20 | 5 | 7 | pT15to30 | 6 | low_stats
v2 | 1 | cent10to20 | 5 | 7 | pT15to30 | 7 | low_stats
v2 | 1 | cent10to20 | 5 | 7 | pT15to30 | 8 | low_stats
v2 | 1 | cent10to20 | 5 | 7 | pT15to30 | 9 | low_stats
v2 | 1 | cent10to20 | 5 | 7 | pT15to30 | 10 | low_stats
v2 | 1 | cent10to20 | 5 | 7 | pT15to30 | 11 | low_stats
v2 | 1 | cent10to20 | 5 | 7 | pT15to30 | 12 | low_stats
v2 | 1 | cent10to20 | 5 | 7 | pT15to30 | 13 | low_stats
v2 | 1 | cent10to20 | 5 | 7 | pT15to30 | 14 | low_stats
v2 | 1 | cent10to20 | 5 | 7 | pT15to30 | 15 | low_stats
v2 | 1 | cent10to20 | 5 | 7 | pT15to30 | 16 | low_stats
v2 | 1 | cent10to20 | 5 | 7 | pT15to30 | 17 | low_stats
v2 | 1 | cent10to20 | 5 | 7 | pT15to30 | 18 | low_stats
v2 | 1 | cent10to20 | 5 | 7 | pT15to30 | 19 | low_stats
v2 | 1 | cent10to20 | 5 | 7 | pT15to30 | 20 | low_stats
v2 | 1 | cent10to20 | 5 | 7 | pT15to30 | 21 | low_stats
v2 | 1 | cent10to20 | 5 | 7 | pT15to30 | 22 | low_stats
v2 | 1 | cent10to20 | 5 | 7 | pT15to30 | 23 | low_stats
v2 | 1 | cent10to20 | 5 | 7 | pT15to30 | 24 | low_stats
v2 | 1 | cent10to20 | 5 | 7 | pT15to30 | 25 | low_stats
v2 | 1 | cent10to20 | 5 | 7 | pT15to30 | 26 | low_stats
v2 | 1 | cent10to20 | 5 | 7 | pT15to30 | 27 | low_stats
v2 | 1 | cent10to20 | 5 | 7 | pT15to30 | 28 | low_stats
v2 | 1 | cent10to20 | 5 | 7 | pT15to30 | 29 | low_stats
v2 | 1 | cent10to20 | 5 | 7 | pT15to30 | 30 | low_stats
v2 | 1 | cent10to20 | 5 | 7 | pT15to30 | 31 | low_stats
v2 | 1 | cent10to20 | 5 | 7 | pT15to30 | 32 | low_stats
v2 | 1 | cent10to20 | 5 | 7 | pT15to30 | 33 | low_stats
v2 | 1 | cent10to20 | 5 | 7 | pT15to30 | 34 | low_stats
v2 | 1 | cent10to20 | 5 | 7 | pT15to30 | 35 | low_stats
v2 | 1 | cent10to20 | 5 | 7 | pT15to30 | 36 | low_stats
v2 | 1 | cent10to20 | 5 | 7 | pT15to30 | 37 | low_stats
v2 | 1 | cent10to20 | 5 | 7 | pT15to30 | 38 | low_stats
v2 | 1 | cent10to20 | 5 | 7 | pT15to30 | 39 | low_stats
v2 | 1 | cent10to20 | 5 | 7 | pT15to30 | 40 | low_stats
v2 | 1 | cent10to20 | 5 | 7 | pT15to30 | 41 | low_stats
v2 | 1 | cent10to20 | 6 | 7 | pT15to30 | 0 | low_stats
v2 | 1 | cent10to20 | 6 | 7 | pT15to30 | 1 | low_stats
v2 | 1 | cent10to20 | 6 | 7 | pT15to30 | 2 | low_stats
v2 | 1 | cent10to20 | 6 | 7 | pT15to30 | 3 | low_stats
v2 | 1 | cent10to20 | 6 | 7 | pT15to30 | 4 | low_stats
v2 | 1 | cent10to20 | 6 | 7 | pT15to30 | 5 | low_stats
v2 | 1 | cent10to20 | 6 | 7 | pT15to30 | 6 | low_stats
v2 | 1 | cent10to20 | 6 | 7 | pT15to30 | 7 | low_stats
v2 | 1 | cent10to20 | 6 | 7 | pT15to30 | 8 | low_stats
v2 | 1 | cent10to20 | 6 | 7 | pT15to30 | 9 | low_stats
v2 | 1 | cent10to20 | 6 | 7 | pT15to30 | 10 | low_stats
v2 | 1 | cent10to20 | 6 | 7 | pT15to30 | 11 | low_stats
v2 | 1 | cent10to20 | 6 | 7 | pT15to30 | 12 | low_stats
v2 | 1 | cent10to20 | 6 | 7 | pT15to30 | 13 | low_stats
v2 | 1 | cent10to20 | 6 | 7 | pT15to30 | 14 | low_stats
v2 | 1 | cent10to20 | 6 | 7 | pT15to30 | 15 | low_stats
v2 | 1 | cent10to20 | 6 | 7 | pT15to30 | 16 | low_stats
v2 | 1 | cent10to20 | 6 | 7 | pT15to30 | 17 | low_stats
v2 | 1 | cent10to20 | 6 | 7 | pT15to30 | 18 | low_stats
v2 | 1 | cent10to20 | 6 | 7 | pT15to30 | 19 | low_stats
v2 | 1 | cent10to20 | 6 | 7 | pT15to30 | 20 | low_stats
v2 | 1 | cent10to20 | 6 | 7 | pT15to30 | 21 | low_stats
v2 | 1 | cent10to20 | 6 | 7 | pT15to30 | 22 | low_stats
v2 | 1 | cent10to20 | 6 | 7 | pT15to30 | 23 | low_stats
v2 | 1 | cent10to20 | 6 | 7 | pT15to30 | 24 | low_stats
v2 | 1 | cent10to20 | 6 | 7 | pT15to30 | 25 | low_stats
v2 | 1 | cent10to20 | 6 | 7 | pT15to30 | 26 | low_stats
v2 | 1 | cent10to20 | 6 | 7 | pT15to30 | 27 | low_stats
v2 | 1 | cent10to20 | 6 | 7 | pT15to30 | 28 | low_stats
v2 | 1 | cent10to20 | 6 | 7 | pT15to30 | 29 | low_stats
v2 | 1 | cent10to20 | 6 | 7 | pT15to30 | 30 | low_stats
v2 | 1 | cent10to20 | 6 | 7 | pT15to30 | 31 | low_stats
v2 | 1 | cent10to20 | 6 | 7 | pT15to30 | 32 | low_stats
v2 | 1 | cent10to20 | 6 | 7 | pT15to30 | 33 | low_stats
v2 | 1 | cent10to20 | 6 | 7 | pT15to30 | 34 | low_stats
v2 | 1 | cent10to20 | 6 | 7 | pT15to30 | 35 | low_stats
v2 | 1 | cent10to20 | 6 | 7 | pT15to30 | 36 | low_stats
v2 | 1 | cent10to20 | 6 | 7 | pT15to30 | 37 | low_stats
v2 | 1 | cent10to20 | 6 | 7 | pT15to30 | 38 | low_stats
v2 | 1 | cent10to20 | 6 | 7 | pT15to30 | 39 | low_stats
v2 | 1 | cent10to20 | 6 | 7 | pT15to30 | 40 | low_stats
v2 | 1 | cent10to20 | 6 | 7 | pT15to30 | 41 | low_stats
v2 | 1 | cent10to20 | 7 | 7 | pT15to30 | 0 | low_stats
v2 | 1 | cent10to20 | 7 | 7 | pT15to30 | 1 | low_stats
v2 | 1 | cent10to20 | 7 | 7 | pT15to30 | 2 | low_stats
v2 | 1 | cent10to20 | 7 | 7 | pT15to30 | 3 | low_stats
v2 | 1 | cent10to20 | 7 | 7 | pT15to30 | 4 | low_stats
v2 | 1 | cent10to20 | 7 | 7 | pT15to30 | 5 | low_stats
v2 | 1 | cent10to20 | 7 | 7 | pT15to30 | 6 | low_stats
v2 | 1 | cent10to20 | 7 | 7 | pT15to30 | 7 | low_stats
v2 | 1 | cent10to20 | 7 | 7 | pT15to30 | 8 | low_stats
v2 | 1 | cent10to20 | 7 | 7 | pT15to30 | 9 | low_stats
v2 | 1 | cent10to20 | 7 | 7 | pT15to30 | 10 | low_stats
v2 | 1 | cent10to20 | 7 | 7 | pT15to30 | 11 | low_stats
v2 | 1 | cent10to20 | 7 | 7 | pT15to30 | 12 | low_stats
v2 | 1 | cent10to20 | 7 | 7 | pT15to30 | 13 | low_stats
v2 | 1 | cent10to20 | 7 | 7 | pT15to30 | 14 | low_stats
v2 | 1 | cent10to20 | 7 | 7 | pT15to30 | 15 | low_stats
v2 | 1 | cent10to20 | 7 | 7 | pT15to30 | 16 | low_stats
v2 | 1 | cent10to20 | 7 | 7 | pT15to30 | 17 | low_stats
v2 | 1 | cent10to20 | 7 | 7 | pT15to30 | 18 | low_stats
v2 | 1 | cent10to20 | 7 | 7 | pT15to30 | 19 | low_stats
v2 | 1 | cent10to20 | 7 | 7 | pT15to30 | 20 | low_stats
v2 | 1 | cent10to20 | 7 | 7 | pT15to30 | 21 | low_stats
v2 | 1 | cent10to20 | 7 | 7 | pT15to30 | 22 | low_stats
v2 | 1 | cent10to20 | 7 | 7 | pT15to30 | 23 | low_stats
v2 | 1 | cent10to20 | 7 | 7 | pT15to30 | 24 | low_stats
v2 | 1 | cent10to20 | 7 | 7 | pT15to30 | 25 | low_stats
v2 | 1 | cent10to20 | 7 | 7 | pT15to30 | 26 | low_stats
v2 | 1 | cent10to20 | 7 | 7 | pT15to30 | 27 | low_stats
v2 | 1 | cent10to20 | 7 | 7 | pT15to30 | 28 | low_stats
v2 | 1 | cent10to20 | 7 | 7 | pT15to30 | 29 | low_stats
v2 | 1 | cent10to20 | 7 | 7 | pT15to30 | 30 | low_stats
v2 | 1 | cent10to20 | 7 | 7 | pT15to30 | 31 | low_stats
v2 | 1 | cent10to20 | 7 | 7 | pT15to30 | 32 | low_stats
v2 | 1 | cent10to20 | 7 | 7 | pT15to30 | 33 | low_stats
v2 | 1 | cent10to20 | 7 | 7 | pT15to30 | 34 | low_stats
v2 | 1 | cent10to20 | 7 | 7 | pT15to30 | 35 | low_stats
v2 | 1 | cent10to20 | 7 | 7 | pT15to30 | 36 | low_stats
v2 | 1 | cent10to20 | 7 | 7 | pT15to30 | 37 | low_stats
v2 | 1 | cent10to20 | 7 | 7 | pT15to30 | 38 | low_stats
v2 | 1 | cent10to20 | 7 | 7 | pT15to30 | 39 | low_stats
v2 | 1 | cent10to20 | 7 | 7 | pT15to30 | 40 | low_stats
v2 | 1 | cent10to20 | 7 | 7 | pT15to30 | 41 | low_stats
v2 | 1 | cent10to20 | 8 | 7 | pT15to30 | 0 | low_stats
v2 | 1 | cent10to20 | 8 | 7 | pT15to30 | 1 | low_stats
v2 | 1 | cent10to20 | 8 | 7 | pT15to30 | 2 | low_stats
v2 | 1 | cent10to20 | 8 | 7 | pT15to30 | 3 | low_stats
v2 | 1 | cent10to20 | 8 | 7 | pT15to30 | 4 | low_stats
v2 | 1 | cent10to20 | 8 | 7 | pT15to30 | 5 | low_stats
v2 | 1 | cent10to20 | 8 | 7 | pT15to30 | 6 | low_stats
v2 | 1 | cent10to20 | 8 | 7 | pT15to30 | 7 | low_stats
v2 | 1 | cent10to20 | 8 | 7 | pT15to30 | 8 | low_stats
v2 | 1 | cent10to20 | 8 | 7 | pT15to30 | 9 | low_stats
v2 | 1 | cent10to20 | 8 | 7 | pT15to30 | 10 | low_stats
v2 | 1 | cent10to20 | 8 | 7 | pT15to30 | 11 | low_stats
v2 | 1 | cent10to20 | 8 | 7 | pT15to30 | 12 | low_stats
v2 | 1 | cent10to20 | 8 | 7 | pT15to30 | 13 | low_stats
v2 | 1 | cent10to20 | 8 | 7 | pT15to30 | 14 | low_stats
v2 | 1 | cent10to20 | 8 | 7 | pT15to30 | 15 | low_stats
v2 | 1 | cent10to20 | 8 | 7 | pT15to30 | 16 | low_stats
v2 | 1 | cent10to20 | 8 | 7 | pT15to30 | 17 | low_stats
v2 | 1 | cent10to20 | 8 | 7 | pT15to30 | 18 | low_stats
v2 | 1 | cent10to20 | 8 | 7 | pT15to30 | 19 | low_stats
v2 | 1 | cent10to20 | 8 | 7 | pT15to30 | 20 | low_stats
v2 | 1 | cent10to20 | 8 | 7 | pT15to30 | 21 | low_stats
v2 | 1 | cent10to20 | 8 | 7 | pT15to30 | 22 | low_stats
v2 | 1 | cent10to20 | 8 | 7 | pT15to30 | 23 | low_stats
v2 | 1 | cent10to20 | 8 | 7 | pT15to30 | 24 | low_stats
v2 | 1 | cent10to20 | 8 | 7 | pT15to30 | 25 | low_stats
v2 | 1 | cent10to20 | 8 | 7 | pT15to30 | 26 | low_stats
v2 | 1 | cent10to20 | 8 | 7 | pT15to30 | 27 | low_stats
v2 | 1 | cent10to20 | 8 | 7 | pT15to30 | 28 | low_stats
v2 | 1 | cent10to20 | 8 | 7 | pT15to30 | 29 | low_stats
v2 | 1 | cent10to20 | 8 | 7 | pT15to30 | 30 | low_stats
v2 | 1 | cent10to20 | 8 | 7 | pT15to30 | 31 | low_stats
v2 | 1 | cent10to20 | 8 | 7 | pT15to30 | 32 | low_stats
v2 | 1 | cent10to20 | 8 | 7 | pT15to30 | 33 | low_stats
v2 | 1 | cent10to20 | 8 | 7 | pT15to30 | 34 | low_stats
v2 | 1 | cent10to20 | 8 | 7 | pT15to30 | 35 | low_stats
v2 | 1 | cent10to20 | 8 | 7 | pT15to30 | 36 | low_stats
v2 | 1 | cent10to20 | 8 | 7 | pT15to30 | 37 | low_stats
v2 | 1 | cent10to20 | 8 | 7 | pT15to30 | 38 | low_stats
v2 | 1 | cent10to20 | 8 | 7 | pT15to30 | 39 | low_stats
v2 | 1 | cent10to20 | 8 | 7 | pT15to30 | 40 | low_stats
v2 | 1 | cent10to20 | 8 | 7 | pT15to30 | 41 | low_stats
v2 | 1 | cent10to20 | 9 | 7 | pT15to30 | 0 | low_stats
v2 | 1 | cent10to20 | 9 | 7 | pT15to30 | 1 | low_stats
v2 | 1 | cent10to20 | 9 | 7 | pT15to30 | 2 | low_stats
v2 | 1 | cent10to20 | 9 | 7 | pT15to30 | 3 | low_stats
v2 | 1 | cent10to20 | 9 | 7 | pT15to30 | 4 | low_stats
v2 | 1 | cent10to20 | 9 | 7 | pT15to30 | 5 | low_stats
v2 | 1 | cent10to20 | 9 | 7 | pT15to30 | 6 | low_stats
v2 | 1 | cent10to20 | 9 | 7 | pT15to30 | 7 | low_stats
v2 | 1 | cent10to20 | 9 | 7 | pT15to30 | 8 | low_stats
v2 | 1 | cent10to20 | 9 | 7 | pT15to30 | 9 | low_stats
v2 | 1 | cent10to20 | 9 | 7 | pT15to30 | 10 | low_stats
v2 | 1 | cent10to20 | 9 | 7 | pT15to30 | 11 | low_stats
v2 | 1 | cent10to20 | 9 | 7 | pT15to30 | 12 | low_stats
v2 | 1 | cent10to20 | 9 | 7 | pT15to30 | 13 | low_stats
v2 | 1 | cent10to20 | 9 | 7 | pT15to30 | 14 | low_stats
v2 | 1 | cent10to20 | 9 | 7 | pT15to30 | 15 | low_stats
v2 | 1 | cent10to20 | 9 | 7 | pT15to30 | 16 | low_stats
v2 | 1 | cent10to20 | 9 | 7 | pT15to30 | 17 | low_stats
v2 | 1 | cent10to20 | 9 | 7 | pT15to30 | 18 | low_stats
v2 | 1 | cent10to20 | 9 | 7 | pT15to30 | 19 | low_stats
v2 | 1 | cent10to20 | 9 | 7 | pT15to30 | 20 | low_stats
v2 | 1 | cent10to20 | 9 | 7 | pT15to30 | 21 | low_stats
v2 | 1 | cent10to20 | 9 | 7 | pT15to30 | 22 | low_stats
v2 | 1 | cent10to20 | 9 | 7 | pT15to30 | 23 | low_stats
v2 | 1 | cent10to20 | 9 | 7 | pT15to30 | 24 | low_stats
v2 | 1 | cent10to20 | 9 | 7 | pT15to30 | 25 | low_stats
v2 | 1 | cent10to20 | 9 | 7 | pT15to30 | 26 | low_stats
v2 | 1 | cent10to20 | 9 | 7 | pT15to30 | 27 | low_stats
v2 | 1 | cent10to20 | 9 | 7 | pT15to30 | 28 | low_stats
v2 | 1 | cent10to20 | 9 | 7 | pT15to30 | 29 | low_stats
v2 | 1 | cent10to20 | 9 | 7 | pT15to30 | 30 | low_stats
v2 | 1 | cent10to20 | 9 | 7 | pT15to30 | 31 | low_stats
v2 | 1 | cent10to20 | 9 | 7 | pT15to30 | 32 | low_stats
v2 | 1 | cent10to20 | 9 | 7 | pT15to30 | 33 | low_stats
v2 | 1 | cent10to20 | 9 | 7 | pT15to30 | 34 | low_stats
v2 | 1 | cent10to20 | 9 | 7 | pT15to30 | 35 | low_stats
v2 | 1 | cent10to20 | 9 | 7 | pT15to30 | 36 | low_stats
v2 | 1 | cent10to20 | 9 | 7 | pT15to30 | 37 | low_stats
v2 | 1 | cent10to20 | 9 | 7 | pT15to30 | 38 | low_stats
v2 | 1 | cent10to20 | 9 | 7 | pT15to30 | 39 | low_stats
v2 | 1 | cent10to20 | 9 | 7 | pT15to30 | 40 | low_stats
v2 | 1 | cent10to20 | 9 | 7 | pT15to30 | 41 | low_stats
v2 | 1 | cent10to20 | 10 | 7 | pT15to30 | 0 | low_stats
v2 | 1 | cent10to20 | 10 | 7 | pT15to30 | 1 | low_stats
v2 | 1 | cent10to20 | 10 | 7 | pT15to30 | 2 | low_stats
v2 | 1 | cent10to20 | 10 | 7 | pT15to30 | 3 | low_stats
v2 | 1 | cent10to20 | 10 | 7 | pT15to30 | 4 | low_stats
v2 | 1 | cent10to20 | 10 | 7 | pT15to30 | 5 | low_stats
v2 | 1 | cent10to20 | 10 | 7 | pT15to30 | 6 | low_stats
v2 | 1 | cent10to20 | 10 | 7 | pT15to30 | 7 | low_stats
v2 | 1 | cent10to20 | 10 | 7 | pT15to30 | 8 | low_stats
v2 | 1 | cent10to20 | 10 | 7 | pT15to30 | 9 | low_stats
v2 | 1 | cent10to20 | 10 | 7 | pT15to30 | 10 | low_stats
v2 | 1 | cent10to20 | 10 | 7 | pT15to30 | 11 | low_stats
v2 | 1 | cent10to20 | 10 | 7 | pT15to30 | 12 | low_stats
v2 | 1 | cent10to20 | 10 | 7 | pT15to30 | 13 | low_stats
v2 | 1 | cent10to20 | 10 | 7 | pT15to30 | 14 | low_stats
v2 | 1 | cent10to20 | 10 | 7 | pT15to30 | 15 | low_stats
v2 | 1 | cent10to20 | 10 | 7 | pT15to30 | 16 | low_stats
v2 | 1 | cent10to20 | 10 | 7 | pT15to30 | 17 | low_stats
v2 | 1 | cent10to20 | 10 | 7 | pT15to30 | 18 | low_stats
v2 | 1 | cent10to20 | 10 | 7 | pT15to30 | 19 | low_stats
v2 | 1 | cent10to20 | 10 | 7 | pT15to30 | 20 | low_stats
v2 | 1 | cent10to20 | 10 | 7 | pT15to30 | 21 | low_stats
v2 | 1 | cent10to20 | 10 | 7 | pT15to30 | 22 | low_stats
v2 | 1 | cent10to20 | 10 | 7 | pT15to30 | 23 | low_stats
v2 | 1 | cent10to20 | 10 | 7 | pT15to30 | 24 | low_stats
v2 | 1 | cent10to20 | 10 | 7 | pT15to30 | 25 | low_stats
v2 | 1 | cent10to20 | 10 | 7 | pT15to30 | 26 | low_stats
v2 | 1 | cent10to20 | 10 | 7 | pT15to30 | 27 | low_stats
v2 | 1 | cent10to20 | 10 | 7 | pT15to30 | 28 | low_stats
v2 | 1 | cent10to20 | 10 | 7 | pT15to30 | 29 | low_stats
v2 | 1 | cent10to20 | 10 | 7 | pT15to30 | 30 | low_stats
v2 | 1 | cent10to20 | 10 | 7 | pT15to30 | 31 | low_stats
v2 | 1 | cent10to20 | 10 | 7 | pT15to30 | 32 | low_stats
v2 | 1 | cent10to20 | 10 | 7 | pT15to30 | 33 | low_stats
v2 | 1 | cent10to20 | 10 | 7 | pT15to30 | 34 | low_stats
v2 | 1 | cent10to20 | 10 | 7 | pT15to30 | 35 | low_stats
v2 | 1 | cent10to20 | 10 | 7 | pT15to30 | 36 | low_stats
v2 | 1 | cent10to20 | 10 | 7 | pT15to30 | 37 | low_stats
v2 | 1 | cent10to20 | 10 | 7 | pT15to30 | 38 | low_stats
v2 | 1 | cent10to20 | 10 | 7 | pT15to30 | 39 | low_stats
v2 | 1 | cent10to20 | 10 | 7 | pT15to30 | 40 | low_stats
v2 | 1 | cent10to20 | 10 | 7 | pT15to30 | 41 | low_stats
v2 | 1 | cent10to20 | 11 | 7 | pT15to30 | 0 | low_stats
v2 | 1 | cent10to20 | 11 | 7 | pT15to30 | 1 | low_stats
v2 | 1 | cent10to20 | 11 | 7 | pT15to30 | 2 | low_stats
v2 | 1 | cent10to20 | 11 | 7 | pT15to30 | 3 | low_stats
v2 | 1 | cent10to20 | 11 | 7 | pT15to30 | 4 | low_stats
v2 | 1 | cent10to20 | 11 | 7 | pT15to30 | 5 | low_stats
v2 | 1 | cent10to20 | 11 | 7 | pT15to30 | 6 | low_stats
v2 | 1 | cent10to20 | 11 | 7 | pT15to30 | 7 | low_stats
v2 | 1 | cent10to20 | 11 | 7 | pT15to30 | 8 | low_stats
v2 | 1 | cent10to20 | 11 | 7 | pT15to30 | 9 | low_stats
v2 | 1 | cent10to20 | 11 | 7 | pT15to30 | 10 | low_stats
v2 | 1 | cent10to20 | 11 | 7 | pT15to30 | 11 | low_stats
v2 | 1 | cent10to20 | 11 | 7 | pT15to30 | 12 | low_stats
v2 | 1 | cent10to20 | 11 | 7 | pT15to30 | 13 | low_stats
v2 | 1 | cent10to20 | 11 | 7 | pT15to30 | 14 | low_stats
v2 | 1 | cent10to20 | 11 | 7 | pT15to30 | 15 | low_stats
v2 | 1 | cent10to20 | 11 | 7 | pT15to30 | 16 | low_stats
v2 | 1 | cent10to20 | 11 | 7 | pT15to30 | 17 | low_stats
v2 | 1 | cent10to20 | 11 | 7 | pT15to30 | 18 | low_stats
v2 | 1 | cent10to20 | 11 | 7 | pT15to30 | 19 | low_stats
v2 | 1 | cent10to20 | 11 | 7 | pT15to30 | 20 | low_stats
v2 | 1 | cent10to20 | 11 | 7 | pT15to30 | 21 | low_stats
v2 | 1 | cent10to20 | 11 | 7 | pT15to30 | 22 | low_stats
v2 | 1 | cent10to20 | 11 | 7 | pT15to30 | 23 | low_stats
v2 | 1 | cent10to20 | 11 | 7 | pT15to30 | 24 | low_stats
v2 | 1 | cent10to20 | 11 | 7 | pT15to30 | 25 | low_stats
v2 | 1 | cent10to20 | 11 | 7 | pT15to30 | 26 | low_stats
v2 | 1 | cent10to20 | 11 | 7 | pT15to30 | 27 | low_stats
v2 | 1 | cent10to20 | 11 | 7 | pT15to30 | 28 | low_stats
v2 | 1 | cent10to20 | 11 | 7 | pT15to30 | 29 | low_stats
v2 | 1 | cent10to20 | 11 | 7 | pT15to30 | 30 | low_stats
v2 | 1 | cent10to20 | 11 | 7 | pT15to30 | 31 | low_stats
v2 | 1 | cent10to20 | 11 | 7 | pT15to30 | 32 | low_stats
v2 | 1 | cent10to20 | 11 | 7 | pT15to30 | 33 | low_stats
v2 | 1 | cent10to20 | 11 | 7 | pT15to30 | 34 | low_stats
v2 | 1 | cent10to20 | 11 | 7 | pT15to30 | 35 | low_stats
v2 | 1 | cent10to20 | 11 | 7 | pT15to30 | 36 | low_stats
v2 | 1 | cent10to20 | 11 | 7 | pT15to30 | 37 | low_stats
v2 | 1 | cent10to20 | 11 | 7 | pT15to30 | 38 | low_stats
v2 | 1 | cent10to20 | 11 | 7 | pT15to30 | 39 | low_stats
v2 | 1 | cent10to20 | 11 | 7 | pT15to30 | 40 | low_stats
v2 | 1 | cent10to20 | 11 | 7 | pT15to30 | 41 | low_stats
v2 | 1 | cent10to20 | 0 | 8 | pT30to100 | 0 | low_stats
v2 | 1 | cent10to20 | 0 | 8 | pT30to100 | 1 | low_stats
v2 | 1 | cent10to20 | 0 | 8 | pT30to100 | 2 | low_stats
v2 | 1 | cent10to20 | 0 | 8 | pT30to100 | 3 | low_stats
v2 | 1 | cent10to20 | 0 | 8 | pT30to100 | 4 | low_stats
v2 | 1 | cent10to20 | 0 | 8 | pT30to100 | 5 | low_stats
v2 | 1 | cent10to20 | 0 | 8 | pT30to100 | 6 | low_stats
v2 | 1 | cent10to20 | 0 | 8 | pT30to100 | 7 | low_stats
v2 | 1 | cent10to20 | 0 | 8 | pT30to100 | 8 | low_stats
v2 | 1 | cent10to20 | 0 | 8 | pT30to100 | 9 | low_stats
v2 | 1 | cent10to20 | 0 | 8 | pT30to100 | 10 | low_stats
v2 | 1 | cent10to20 | 0 | 8 | pT30to100 | 11 | low_stats
v2 | 1 | cent10to20 | 0 | 8 | pT30to100 | 12 | low_stats
v2 | 1 | cent10to20 | 0 | 8 | pT30to100 | 13 | low_stats
v2 | 1 | cent10to20 | 0 | 8 | pT30to100 | 14 | low_stats
v2 | 1 | cent10to20 | 0 | 8 | pT30to100 | 15 | low_stats
v2 | 1 | cent10to20 | 0 | 8 | pT30to100 | 16 | low_stats
v2 | 1 | cent10to20 | 0 | 8 | pT30to100 | 17 | low_stats
v2 | 1 | cent10to20 | 0 | 8 | pT30to100 | 18 | low_stats
v2 | 1 | cent10to20 | 0 | 8 | pT30to100 | 19 | low_stats
v2 | 1 | cent10to20 | 0 | 8 | pT30to100 | 20 | low_stats
v2 | 1 | cent10to20 | 0 | 8 | pT30to100 | 21 | low_stats
v2 | 1 | cent10to20 | 0 | 8 | pT30to100 | 22 | low_stats
v2 | 1 | cent10to20 | 0 | 8 | pT30to100 | 23 | low_stats
v2 | 1 | cent10to20 | 0 | 8 | pT30to100 | 24 | low_stats
v2 | 1 | cent10to20 | 0 | 8 | pT30to100 | 25 | low_stats
v2 | 1 | cent10to20 | 0 | 8 | pT30to100 | 26 | low_stats
v2 | 1 | cent10to20 | 0 | 8 | pT30to100 | 27 | low_stats
v2 | 1 | cent10to20 | 0 | 8 | pT30to100 | 28 | low_stats
v2 | 1 | cent10to20 | 0 | 8 | pT30to100 | 29 | low_stats
v2 | 1 | cent10to20 | 0 | 8 | pT30to100 | 30 | low_stats
v2 | 1 | cent10to20 | 0 | 8 | pT30to100 | 31 | low_stats
v2 | 1 | cent10to20 | 0 | 8 | pT30to100 | 32 | low_stats
v2 | 1 | cent10to20 | 0 | 8 | pT30to100 | 33 | low_stats
v2 | 1 | cent10to20 | 0 | 8 | pT30to100 | 34 | low_stats
v2 | 1 | cent10to20 | 0 | 8 | pT30to100 | 35 | low_stats
v2 | 1 | cent10to20 | 0 | 8 | pT30to100 | 36 | low_stats
v2 | 1 | cent10to20 | 0 | 8 | pT30to100 | 37 | low_stats
v2 | 1 | cent10to20 | 0 | 8 | pT30to100 | 38 | low_stats
v2 | 1 | cent10to20 | 0 | 8 | pT30to100 | 39 | low_stats
v2 | 1 | cent10to20 | 0 | 8 | pT30to100 | 40 | low_stats
v2 | 1 | cent10to20 | 0 | 8 | pT30to100 | 41 | low_stats
v2 | 1 | cent10to20 | 1 | 8 | pT30to100 | 0 | low_stats
v2 | 1 | cent10to20 | 1 | 8 | pT30to100 | 1 | low_stats
v2 | 1 | cent10to20 | 1 | 8 | pT30to100 | 2 | low_stats
v2 | 1 | cent10to20 | 1 | 8 | pT30to100 | 3 | low_stats
v2 | 1 | cent10to20 | 1 | 8 | pT30to100 | 4 | low_stats
v2 | 1 | cent10to20 | 1 | 8 | pT30to100 | 5 | low_stats
v2 | 1 | cent10to20 | 1 | 8 | pT30to100 | 6 | low_stats
v2 | 1 | cent10to20 | 1 | 8 | pT30to100 | 7 | low_stats
v2 | 1 | cent10to20 | 1 | 8 | pT30to100 | 8 | low_stats
v2 | 1 | cent10to20 | 1 | 8 | pT30to100 | 9 | low_stats
v2 | 1 | cent10to20 | 1 | 8 | pT30to100 | 10 | low_stats
v2 | 1 | cent10to20 | 1 | 8 | pT30to100 | 11 | low_stats
v2 | 1 | cent10to20 | 1 | 8 | pT30to100 | 12 | low_stats
v2 | 1 | cent10to20 | 1 | 8 | pT30to100 | 13 | low_stats
v2 | 1 | cent10to20 | 1 | 8 | pT30to100 | 14 | low_stats
v2 | 1 | cent10to20 | 1 | 8 | pT30to100 | 15 | low_stats
v2 | 1 | cent10to20 | 1 | 8 | pT30to100 | 16 | low_stats
v2 | 1 | cent10to20 | 1 | 8 | pT30to100 | 17 | low_stats
v2 | 1 | cent10to20 | 1 | 8 | pT30to100 | 18 | low_stats
v2 | 1 | cent10to20 | 1 | 8 | pT30to100 | 19 | low_stats
v2 | 1 | cent10to20 | 1 | 8 | pT30to100 | 20 | low_stats
v2 | 1 | cent10to20 | 1 | 8 | pT30to100 | 21 | low_stats
v2 | 1 | cent10to20 | 1 | 8 | pT30to100 | 22 | low_stats
v2 | 1 | cent10to20 | 1 | 8 | pT30to100 | 23 | low_stats
v2 | 1 | cent10to20 | 1 | 8 | pT30to100 | 24 | low_stats
v2 | 1 | cent10to20 | 1 | 8 | pT30to100 | 25 | low_stats
v2 | 1 | cent10to20 | 1 | 8 | pT30to100 | 26 | low_stats
v2 | 1 | cent10to20 | 1 | 8 | pT30to100 | 27 | low_stats
v2 | 1 | cent10to20 | 1 | 8 | pT30to100 | 28 | low_stats
v2 | 1 | cent10to20 | 1 | 8 | pT30to100 | 29 | low_stats
v2 | 1 | cent10to20 | 1 | 8 | pT30to100 | 30 | low_stats
v2 | 1 | cent10to20 | 1 | 8 | pT30to100 | 31 | low_stats
v2 | 1 | cent10to20 | 1 | 8 | pT30to100 | 32 | low_stats
v2 | 1 | cent10to20 | 1 | 8 | pT30to100 | 33 | low_stats
v2 | 1 | cent10to20 | 1 | 8 | pT30to100 | 34 | low_stats
v2 | 1 | cent10to20 | 1 | 8 | pT30to100 | 35 | low_stats
v2 | 1 | cent10to20 | 1 | 8 | pT30to100 | 36 | low_stats
v2 | 1 | cent10to20 | 1 | 8 | pT30to100 | 37 | low_stats
v2 | 1 | cent10to20 | 1 | 8 | pT30to100 | 38 | low_stats
v2 | 1 | cent10to20 | 1 | 8 | pT30to100 | 39 | low_stats
v2 | 1 | cent10to20 | 1 | 8 | pT30to100 | 40 | low_stats
v2 | 1 | cent10to20 | 1 | 8 | pT30to100 | 41 | low_stats
v2 | 1 | cent10to20 | 2 | 8 | pT30to100 | 0 | low_stats
v2 | 1 | cent10to20 | 2 | 8 | pT30to100 | 1 | low_stats
v2 | 1 | cent10to20 | 2 | 8 | pT30to100 | 2 | low_stats
v2 | 1 | cent10to20 | 2 | 8 | pT30to100 | 3 | low_stats
v2 | 1 | cent10to20 | 2 | 8 | pT30to100 | 4 | low_stats
v2 | 1 | cent10to20 | 2 | 8 | pT30to100 | 5 | low_stats
v2 | 1 | cent10to20 | 2 | 8 | pT30to100 | 6 | low_stats
v2 | 1 | cent10to20 | 2 | 8 | pT30to100 | 7 | low_stats
v2 | 1 | cent10to20 | 2 | 8 | pT30to100 | 8 | low_stats
v2 | 1 | cent10to20 | 2 | 8 | pT30to100 | 9 | low_stats
v2 | 1 | cent10to20 | 2 | 8 | pT30to100 | 10 | low_stats
v2 | 1 | cent10to20 | 2 | 8 | pT30to100 | 11 | low_stats
v2 | 1 | cent10to20 | 2 | 8 | pT30to100 | 12 | low_stats
v2 | 1 | cent10to20 | 2 | 8 | pT30to100 | 13 | low_stats
v2 | 1 | cent10to20 | 2 | 8 | pT30to100 | 14 | low_stats
v2 | 1 | cent10to20 | 2 | 8 | pT30to100 | 15 | low_stats
v2 | 1 | cent10to20 | 2 | 8 | pT30to100 | 16 | low_stats
v2 | 1 | cent10to20 | 2 | 8 | pT30to100 | 17 | low_stats
v2 | 1 | cent10to20 | 2 | 8 | pT30to100 | 18 | low_stats
v2 | 1 | cent10to20 | 2 | 8 | pT30to100 | 19 | low_stats
v2 | 1 | cent10to20 | 2 | 8 | pT30to100 | 20 | low_stats
v2 | 1 | cent10to20 | 2 | 8 | pT30to100 | 21 | low_stats
v2 | 1 | cent10to20 | 2 | 8 | pT30to100 | 22 | low_stats
v2 | 1 | cent10to20 | 2 | 8 | pT30to100 | 23 | low_stats
v2 | 1 | cent10to20 | 2 | 8 | pT30to100 | 24 | low_stats
v2 | 1 | cent10to20 | 2 | 8 | pT30to100 | 25 | low_stats
v2 | 1 | cent10to20 | 2 | 8 | pT30to100 | 26 | low_stats
v2 | 1 | cent10to20 | 2 | 8 | pT30to100 | 27 | low_stats
v2 | 1 | cent10to20 | 2 | 8 | pT30to100 | 28 | low_stats
v2 | 1 | cent10to20 | 2 | 8 | pT30to100 | 29 | low_stats
v2 | 1 | cent10to20 | 2 | 8 | pT30to100 | 30 | low_stats
v2 | 1 | cent10to20 | 2 | 8 | pT30to100 | 31 | low_stats
v2 | 1 | cent10to20 | 2 | 8 | pT30to100 | 32 | low_stats
v2 | 1 | cent10to20 | 2 | 8 | pT30to100 | 33 | low_stats
v2 | 1 | cent10to20 | 2 | 8 | pT30to100 | 34 | low_stats
v2 | 1 | cent10to20 | 2 | 8 | pT30to100 | 35 | low_stats
v2 | 1 | cent10to20 | 2 | 8 | pT30to100 | 36 | low_stats
v2 | 1 | cent10to20 | 2 | 8 | pT30to100 | 37 | low_stats
v2 | 1 | cent10to20 | 2 | 8 | pT30to100 | 38 | low_stats
v2 | 1 | cent10to20 | 2 | 8 | pT30to100 | 39 | low_stats
v2 | 1 | cent10to20 | 2 | 8 | pT30to100 | 40 | low_stats
v2 | 1 | cent10to20 | 2 | 8 | pT30to100 | 41 | low_stats
v2 | 1 | cent10to20 | 3 | 8 | pT30to100 | 0 | low_stats
v2 | 1 | cent10to20 | 3 | 8 | pT30to100 | 1 | low_stats
v2 | 1 | cent10to20 | 3 | 8 | pT30to100 | 2 | low_stats
v2 | 1 | cent10to20 | 3 | 8 | pT30to100 | 3 | low_stats
v2 | 1 | cent10to20 | 3 | 8 | pT30to100 | 4 | low_stats
v2 | 1 | cent10to20 | 3 | 8 | pT30to100 | 5 | low_stats
v2 | 1 | cent10to20 | 3 | 8 | pT30to100 | 6 | low_stats
v2 | 1 | cent10to20 | 3 | 8 | pT30to100 | 7 | low_stats
v2 | 1 | cent10to20 | 3 | 8 | pT30to100 | 8 | low_stats
v2 | 1 | cent10to20 | 3 | 8 | pT30to100 | 9 | low_stats
v2 | 1 | cent10to20 | 3 | 8 | pT30to100 | 10 | low_stats
v2 | 1 | cent10to20 | 3 | 8 | pT30to100 | 11 | low_stats
v2 | 1 | cent10to20 | 3 | 8 | pT30to100 | 12 | low_stats
v2 | 1 | cent10to20 | 3 | 8 | pT30to100 | 13 | low_stats
v2 | 1 | cent10to20 | 3 | 8 | pT30to100 | 14 | low_stats
v2 | 1 | cent10to20 | 3 | 8 | pT30to100 | 15 | low_stats
v2 | 1 | cent10to20 | 3 | 8 | pT30to100 | 16 | low_stats
v2 | 1 | cent10to20 | 3 | 8 | pT30to100 | 17 | low_stats
v2 | 1 | cent10to20 | 3 | 8 | pT30to100 | 18 | low_stats
v2 | 1 | cent10to20 | 3 | 8 | pT30to100 | 19 | low_stats
v2 | 1 | cent10to20 | 3 | 8 | pT30to100 | 20 | low_stats
v2 | 1 | cent10to20 | 3 | 8 | pT30to100 | 21 | low_stats
v2 | 1 | cent10to20 | 3 | 8 | pT30to100 | 22 | low_stats
v2 | 1 | cent10to20 | 3 | 8 | pT30to100 | 23 | low_stats
v2 | 1 | cent10to20 | 3 | 8 | pT30to100 | 24 | low_stats
v2 | 1 | cent10to20 | 3 | 8 | pT30to100 | 25 | low_stats
v2 | 1 | cent10to20 | 3 | 8 | pT30to100 | 26 | low_stats
v2 | 1 | cent10to20 | 3 | 8 | pT30to100 | 27 | low_stats
v2 | 1 | cent10to20 | 3 | 8 | pT30to100 | 28 | low_stats
v2 | 1 | cent10to20 | 3 | 8 | pT30to100 | 29 | low_stats
v2 | 1 | cent10to20 | 3 | 8 | pT30to100 | 30 | low_stats
v2 | 1 | cent10to20 | 3 | 8 | pT30to100 | 31 | low_stats
v2 | 1 | cent10to20 | 3 | 8 | pT30to100 | 32 | low_stats
v2 | 1 | cent10to20 | 3 | 8 | pT30to100 | 33 | low_stats
v2 | 1 | cent10to20 | 3 | 8 | pT30to100 | 34 | low_stats
v2 | 1 | cent10to20 | 3 | 8 | pT30to100 | 35 | low_stats
v2 | 1 | cent10to20 | 3 | 8 | pT30to100 | 36 | low_stats
v2 | 1 | cent10to20 | 3 | 8 | pT30to100 | 37 | low_stats
v2 | 1 | cent10to20 | 3 | 8 | pT30to100 | 38 | low_stats
v2 | 1 | cent10to20 | 3 | 8 | pT30to100 | 39 | low_stats
v2 | 1 | cent10to20 | 3 | 8 | pT30to100 | 40 | low_stats
v2 | 1 | cent10to20 | 3 | 8 | pT30to100 | 41 | low_stats
v2 | 1 | cent10to20 | 4 | 8 | pT30to100 | 0 | low_stats
v2 | 1 | cent10to20 | 4 | 8 | pT30to100 | 1 | low_stats
v2 | 1 | cent10to20 | 4 | 8 | pT30to100 | 2 | low_stats
v2 | 1 | cent10to20 | 4 | 8 | pT30to100 | 3 | low_stats
v2 | 1 | cent10to20 | 4 | 8 | pT30to100 | 4 | low_stats
v2 | 1 | cent10to20 | 4 | 8 | pT30to100 | 5 | low_stats
v2 | 1 | cent10to20 | 4 | 8 | pT30to100 | 6 | low_stats
v2 | 1 | cent10to20 | 4 | 8 | pT30to100 | 7 | low_stats
v2 | 1 | cent10to20 | 4 | 8 | pT30to100 | 8 | low_stats
v2 | 1 | cent10to20 | 4 | 8 | pT30to100 | 9 | low_stats
v2 | 1 | cent10to20 | 4 | 8 | pT30to100 | 10 | low_stats
v2 | 1 | cent10to20 | 4 | 8 | pT30to100 | 11 | low_stats
v2 | 1 | cent10to20 | 4 | 8 | pT30to100 | 12 | low_stats
v2 | 1 | cent10to20 | 4 | 8 | pT30to100 | 13 | low_stats
v2 | 1 | cent10to20 | 4 | 8 | pT30to100 | 14 | low_stats
v2 | 1 | cent10to20 | 4 | 8 | pT30to100 | 15 | low_stats
v2 | 1 | cent10to20 | 4 | 8 | pT30to100 | 16 | low_stats
v2 | 1 | cent10to20 | 4 | 8 | pT30to100 | 17 | low_stats
v2 | 1 | cent10to20 | 4 | 8 | pT30to100 | 18 | low_stats
v2 | 1 | cent10to20 | 4 | 8 | pT30to100 | 19 | low_stats
v2 | 1 | cent10to20 | 4 | 8 | pT30to100 | 20 | low_stats
v2 | 1 | cent10to20 | 4 | 8 | pT30to100 | 21 | low_stats
v2 | 1 | cent10to20 | 4 | 8 | pT30to100 | 22 | low_stats
v2 | 1 | cent10to20 | 4 | 8 | pT30to100 | 23 | low_stats
v2 | 1 | cent10to20 | 4 | 8 | pT30to100 | 24 | low_stats
v2 | 1 | cent10to20 | 4 | 8 | pT30to100 | 25 | low_stats
v2 | 1 | cent10to20 | 4 | 8 | pT30to100 | 26 | low_stats
v2 | 1 | cent10to20 | 4 | 8 | pT30to100 | 27 | low_stats
v2 | 1 | cent10to20 | 4 | 8 | pT30to100 | 28 | low_stats
v2 | 1 | cent10to20 | 4 | 8 | pT30to100 | 29 | low_stats
v2 | 1 | cent10to20 | 4 | 8 | pT30to100 | 30 | low_stats
v2 | 1 | cent10to20 | 4 | 8 | pT30to100 | 31 | low_stats
v2 | 1 | cent10to20 | 4 | 8 | pT30to100 | 32 | low_stats
v2 | 1 | cent10to20 | 4 | 8 | pT30to100 | 33 | low_stats
v2 | 1 | cent10to20 | 4 | 8 | pT30to100 | 34 | low_stats
v2 | 1 | cent10to20 | 4 | 8 | pT30to100 | 35 | low_stats
v2 | 1 | cent10to20 | 4 | 8 | pT30to100 | 36 | low_stats
v2 | 1 | cent10to20 | 4 | 8 | pT30to100 | 37 | low_stats
v2 | 1 | cent10to20 | 4 | 8 | pT30to100 | 38 | low_stats
v2 | 1 | cent10to20 | 4 | 8 | pT30to100 | 39 | low_stats
v2 | 1 | cent10to20 | 4 | 8 | pT30to100 | 40 | low_stats
v2 | 1 | cent10to20 | 4 | 8 | pT30to100 | 41 | low_stats
v2 | 1 | cent10to20 | 5 | 8 | pT30to100 | 0 | low_stats
v2 | 1 | cent10to20 | 5 | 8 | pT30to100 | 1 | low_stats
v2 | 1 | cent10to20 | 5 | 8 | pT30to100 | 2 | low_stats
v2 | 1 | cent10to20 | 5 | 8 | pT30to100 | 3 | low_stats
v2 | 1 | cent10to20 | 5 | 8 | pT30to100 | 4 | low_stats
v2 | 1 | cent10to20 | 5 | 8 | pT30to100 | 5 | low_stats
v2 | 1 | cent10to20 | 5 | 8 | pT30to100 | 6 | low_stats
v2 | 1 | cent10to20 | 5 | 8 | pT30to100 | 7 | low_stats
v2 | 1 | cent10to20 | 5 | 8 | pT30to100 | 8 | low_stats
v2 | 1 | cent10to20 | 5 | 8 | pT30to100 | 9 | low_stats
v2 | 1 | cent10to20 | 5 | 8 | pT30to100 | 10 | low_stats
v2 | 1 | cent10to20 | 5 | 8 | pT30to100 | 11 | low_stats
v2 | 1 | cent10to20 | 5 | 8 | pT30to100 | 12 | low_stats
v2 | 1 | cent10to20 | 5 | 8 | pT30to100 | 13 | low_stats
v2 | 1 | cent10to20 | 5 | 8 | pT30to100 | 14 | low_stats
v2 | 1 | cent10to20 | 5 | 8 | pT30to100 | 15 | low_stats
v2 | 1 | cent10to20 | 5 | 8 | pT30to100 | 16 | low_stats
v2 | 1 | cent10to20 | 5 | 8 | pT30to100 | 17 | low_stats
v2 | 1 | cent10to20 | 5 | 8 | pT30to100 | 18 | low_stats
v2 | 1 | cent10to20 | 5 | 8 | pT30to100 | 19 | low_stats
v2 | 1 | cent10to20 | 5 | 8 | pT30to100 | 20 | low_stats
v2 | 1 | cent10to20 | 5 | 8 | pT30to100 | 21 | low_stats
v2 | 1 | cent10to20 | 5 | 8 | pT30to100 | 22 | low_stats
v2 | 1 | cent10to20 | 5 | 8 | pT30to100 | 23 | low_stats
v2 | 1 | cent10to20 | 5 | 8 | pT30to100 | 24 | low_stats
v2 | 1 | cent10to20 | 5 | 8 | pT30to100 | 25 | low_stats
v2 | 1 | cent10to20 | 5 | 8 | pT30to100 | 26 | low_stats
v2 | 1 | cent10to20 | 5 | 8 | pT30to100 | 27 | low_stats
v2 | 1 | cent10to20 | 5 | 8 | pT30to100 | 28 | low_stats
v2 | 1 | cent10to20 | 5 | 8 | pT30to100 | 29 | low_stats
v2 | 1 | cent10to20 | 5 | 8 | pT30to100 | 30 | low_stats
v2 | 1 | cent10to20 | 5 | 8 | pT30to100 | 31 | low_stats
v2 | 1 | cent10to20 | 5 | 8 | pT30to100 | 32 | low_stats
v2 | 1 | cent10to20 | 5 | 8 | pT30to100 | 33 | low_stats
v2 | 1 | cent10to20 | 5 | 8 | pT30to100 | 34 | low_stats
v2 | 1 | cent10to20 | 5 | 8 | pT30to100 | 35 | low_stats
v2 | 1 | cent10to20 | 5 | 8 | pT30to100 | 36 | low_stats
v2 | 1 | cent10to20 | 5 | 8 | pT30to100 | 37 | low_stats
v2 | 1 | cent10to20 | 5 | 8 | pT30to100 | 38 | low_stats
v2 | 1 | cent10to20 | 5 | 8 | pT30to100 | 39 | low_stats
v2 | 1 | cent10to20 | 5 | 8 | pT30to100 | 40 | low_stats
v2 | 1 | cent10to20 | 5 | 8 | pT30to100 | 41 | low_stats
v2 | 1 | cent10to20 | 6 | 8 | pT30to100 | 0 | low_stats
v2 | 1 | cent10to20 | 6 | 8 | pT30to100 | 1 | low_stats
v2 | 1 | cent10to20 | 6 | 8 | pT30to100 | 2 | low_stats
v2 | 1 | cent10to20 | 6 | 8 | pT30to100 | 3 | low_stats
v2 | 1 | cent10to20 | 6 | 8 | pT30to100 | 4 | low_stats
v2 | 1 | cent10to20 | 6 | 8 | pT30to100 | 5 | low_stats
v2 | 1 | cent10to20 | 6 | 8 | pT30to100 | 6 | low_stats
v2 | 1 | cent10to20 | 6 | 8 | pT30to100 | 7 | low_stats
v2 | 1 | cent10to20 | 6 | 8 | pT30to100 | 8 | low_stats
v2 | 1 | cent10to20 | 6 | 8 | pT30to100 | 9 | low_stats
v2 | 1 | cent10to20 | 6 | 8 | pT30to100 | 10 | low_stats
v2 | 1 | cent10to20 | 6 | 8 | pT30to100 | 11 | low_stats
v2 | 1 | cent10to20 | 6 | 8 | pT30to100 | 12 | low_stats
v2 | 1 | cent10to20 | 6 | 8 | pT30to100 | 13 | low_stats
v2 | 1 | cent10to20 | 6 | 8 | pT30to100 | 14 | low_stats
v2 | 1 | cent10to20 | 6 | 8 | pT30to100 | 15 | low_stats
v2 | 1 | cent10to20 | 6 | 8 | pT30to100 | 16 | low_stats
v2 | 1 | cent10to20 | 6 | 8 | pT30to100 | 17 | low_stats
v2 | 1 | cent10to20 | 6 | 8 | pT30to100 | 18 | low_stats
v2 | 1 | cent10to20 | 6 | 8 | pT30to100 | 19 | low_stats
v2 | 1 | cent10to20 | 6 | 8 | pT30to100 | 20 | low_stats
v2 | 1 | cent10to20 | 6 | 8 | pT30to100 | 21 | low_stats
v2 | 1 | cent10to20 | 6 | 8 | pT30to100 | 22 | low_stats
v2 | 1 | cent10to20 | 6 | 8 | pT30to100 | 23 | low_stats
v2 | 1 | cent10to20 | 6 | 8 | pT30to100 | 24 | low_stats
v2 | 1 | cent10to20 | 6 | 8 | pT30to100 | 25 | low_stats
v2 | 1 | cent10to20 | 6 | 8 | pT30to100 | 26 | low_stats
v2 | 1 | cent10to20 | 6 | 8 | pT30to100 | 27 | low_stats
v2 | 1 | cent10to20 | 6 | 8 | pT30to100 | 28 | low_stats
v2 | 1 | cent10to20 | 6 | 8 | pT30to100 | 29 | low_stats
v2 | 1 | cent10to20 | 6 | 8 | pT30to100 | 30 | low_stats
v2 | 1 | cent10to20 | 6 | 8 | pT30to100 | 31 | low_stats
v2 | 1 | cent10to20 | 6 | 8 | pT30to100 | 32 | low_stats
v2 | 1 | cent10to20 | 6 | 8 | pT30to100 | 33 | low_stats
v2 | 1 | cent10to20 | 6 | 8 | pT30to100 | 34 | low_stats
v2 | 1 | cent10to20 | 6 | 8 | pT30to100 | 35 | low_stats
v2 | 1 | cent10to20 | 6 | 8 | pT30to100 | 36 | low_stats
v2 | 1 | cent10to20 | 6 | 8 | pT30to100 | 37 | low_stats
v2 | 1 | cent10to20 | 6 | 8 | pT30to100 | 38 | low_stats
v2 | 1 | cent10to20 | 6 | 8 | pT30to100 | 39 | low_stats
v2 | 1 | cent10to20 | 6 | 8 | pT30to100 | 40 | low_stats
v2 | 1 | cent10to20 | 6 | 8 | pT30to100 | 41 | low_stats
v2 | 1 | cent10to20 | 7 | 8 | pT30to100 | 0 | low_stats
v2 | 1 | cent10to20 | 7 | 8 | pT30to100 | 1 | low_stats
v2 | 1 | cent10to20 | 7 | 8 | pT30to100 | 2 | low_stats
v2 | 1 | cent10to20 | 7 | 8 | pT30to100 | 3 | low_stats
v2 | 1 | cent10to20 | 7 | 8 | pT30to100 | 4 | low_stats
v2 | 1 | cent10to20 | 7 | 8 | pT30to100 | 5 | low_stats
v2 | 1 | cent10to20 | 7 | 8 | pT30to100 | 6 | low_stats
v2 | 1 | cent10to20 | 7 | 8 | pT30to100 | 7 | low_stats
v2 | 1 | cent10to20 | 7 | 8 | pT30to100 | 8 | low_stats
v2 | 1 | cent10to20 | 7 | 8 | pT30to100 | 9 | low_stats
v2 | 1 | cent10to20 | 7 | 8 | pT30to100 | 10 | low_stats
v2 | 1 | cent10to20 | 7 | 8 | pT30to100 | 11 | low_stats
v2 | 1 | cent10to20 | 7 | 8 | pT30to100 | 12 | low_stats
v2 | 1 | cent10to20 | 7 | 8 | pT30to100 | 13 | low_stats
v2 | 1 | cent10to20 | 7 | 8 | pT30to100 | 14 | low_stats
v2 | 1 | cent10to20 | 7 | 8 | pT30to100 | 15 | low_stats
v2 | 1 | cent10to20 | 7 | 8 | pT30to100 | 16 | low_stats
v2 | 1 | cent10to20 | 7 | 8 | pT30to100 | 17 | low_stats
v2 | 1 | cent10to20 | 7 | 8 | pT30to100 | 18 | low_stats
v2 | 1 | cent10to20 | 7 | 8 | pT30to100 | 19 | low_stats
v2 | 1 | cent10to20 | 7 | 8 | pT30to100 | 20 | low_stats
v2 | 1 | cent10to20 | 7 | 8 | pT30to100 | 21 | low_stats
v2 | 1 | cent10to20 | 7 | 8 | pT30to100 | 22 | low_stats
v2 | 1 | cent10to20 | 7 | 8 | pT30to100 | 23 | low_stats
v2 | 1 | cent10to20 | 7 | 8 | pT30to100 | 24 | low_stats
v2 | 1 | cent10to20 | 7 | 8 | pT30to100 | 25 | low_stats
v2 | 1 | cent10to20 | 7 | 8 | pT30to100 | 26 | low_stats
v2 | 1 | cent10to20 | 7 | 8 | pT30to100 | 27 | low_stats
v2 | 1 | cent10to20 | 7 | 8 | pT30to100 | 28 | low_stats
v2 | 1 | cent10to20 | 7 | 8 | pT30to100 | 29 | low_stats
v2 | 1 | cent10to20 | 7 | 8 | pT30to100 | 30 | low_stats
v2 | 1 | cent10to20 | 7 | 8 | pT30to100 | 31 | low_stats
v2 | 1 | cent10to20 | 7 | 8 | pT30to100 | 32 | low_stats
v2 | 1 | cent10to20 | 7 | 8 | pT30to100 | 33 | low_stats
v2 | 1 | cent10to20 | 7 | 8 | pT30to100 | 34 | low_stats
v2 | 1 | cent10to20 | 7 | 8 | pT30to100 | 35 | low_stats
v2 | 1 | cent10to20 | 7 | 8 | pT30to100 | 36 | low_stats
v2 | 1 | cent10to20 | 7 | 8 | pT30to100 | 37 | low_stats
v2 | 1 | cent10to20 | 7 | 8 | pT30to100 | 38 | low_stats
v2 | 1 | cent10to20 | 7 | 8 | pT30to100 | 39 | low_stats
v2 | 1 | cent10to20 | 7 | 8 | pT30to100 | 40 | low_stats
v2 | 1 | cent10to20 | 7 | 8 | pT30to100 | 41 | low_stats
v2 | 1 | cent10to20 | 8 | 8 | pT30to100 | 0 | low_stats
v2 | 1 | cent10to20 | 8 | 8 | pT30to100 | 1 | low_stats
v2 | 1 | cent10to20 | 8 | 8 | pT30to100 | 2 | low_stats
v2 | 1 | cent10to20 | 8 | 8 | pT30to100 | 3 | low_stats
v2 | 1 | cent10to20 | 8 | 8 | pT30to100 | 4 | low_stats
v2 | 1 | cent10to20 | 8 | 8 | pT30to100 | 5 | low_stats
v2 | 1 | cent10to20 | 8 | 8 | pT30to100 | 6 | low_stats
v2 | 1 | cent10to20 | 8 | 8 | pT30to100 | 7 | low_stats
v2 | 1 | cent10to20 | 8 | 8 | pT30to100 | 8 | low_stats
v2 | 1 | cent10to20 | 8 | 8 | pT30to100 | 9 | low_stats
v2 | 1 | cent10to20 | 8 | 8 | pT30to100 | 10 | low_stats
v2 | 1 | cent10to20 | 8 | 8 | pT30to100 | 11 | low_stats
v2 | 1 | cent10to20 | 8 | 8 | pT30to100 | 12 | low_stats
v2 | 1 | cent10to20 | 8 | 8 | pT30to100 | 13 | low_stats
v2 | 1 | cent10to20 | 8 | 8 | pT30to100 | 14 | low_stats
v2 | 1 | cent10to20 | 8 | 8 | pT30to100 | 15 | low_stats
v2 | 1 | cent10to20 | 8 | 8 | pT30to100 | 16 | low_stats
v2 | 1 | cent10to20 | 8 | 8 | pT30to100 | 17 | low_stats
v2 | 1 | cent10to20 | 8 | 8 | pT30to100 | 18 | low_stats
v2 | 1 | cent10to20 | 8 | 8 | pT30to100 | 19 | low_stats
v2 | 1 | cent10to20 | 8 | 8 | pT30to100 | 20 | low_stats
v2 | 1 | cent10to20 | 8 | 8 | pT30to100 | 21 | low_stats
v2 | 1 | cent10to20 | 8 | 8 | pT30to100 | 22 | low_stats
v2 | 1 | cent10to20 | 8 | 8 | pT30to100 | 23 | low_stats
v2 | 1 | cent10to20 | 8 | 8 | pT30to100 | 24 | low_stats
v2 | 1 | cent10to20 | 8 | 8 | pT30to100 | 25 | low_stats
v2 | 1 | cent10to20 | 8 | 8 | pT30to100 | 26 | low_stats
v2 | 1 | cent10to20 | 8 | 8 | pT30to100 | 27 | low_stats
v2 | 1 | cent10to20 | 8 | 8 | pT30to100 | 28 | low_stats
v2 | 1 | cent10to20 | 8 | 8 | pT30to100 | 29 | low_stats
v2 | 1 | cent10to20 | 8 | 8 | pT30to100 | 30 | low_stats
v2 | 1 | cent10to20 | 8 | 8 | pT30to100 | 31 | low_stats
v2 | 1 | cent10to20 | 8 | 8 | pT30to100 | 32 | low_stats
v2 | 1 | cent10to20 | 8 | 8 | pT30to100 | 33 | low_stats
v2 | 1 | cent10to20 | 8 | 8 | pT30to100 | 34 | low_stats
v2 | 1 | cent10to20 | 8 | 8 | pT30to100 | 35 | low_stats
v2 | 1 | cent10to20 | 8 | 8 | pT30to100 | 36 | low_stats
v2 | 1 | cent10to20 | 8 | 8 | pT30to100 | 37 | low_stats
v2 | 1 | cent10to20 | 8 | 8 | pT30to100 | 38 | low_stats
v2 | 1 | cent10to20 | 8 | 8 | pT30to100 | 39 | low_stats
v2 | 1 | cent10to20 | 8 | 8 | pT30to100 | 40 | low_stats
v2 | 1 | cent10to20 | 8 | 8 | pT30to100 | 41 | low_stats
v2 | 1 | cent10to20 | 9 | 8 | pT30to100 | 0 | low_stats
v2 | 1 | cent10to20 | 9 | 8 | pT30to100 | 1 | low_stats
v2 | 1 | cent10to20 | 9 | 8 | pT30to100 | 2 | low_stats
v2 | 1 | cent10to20 | 9 | 8 | pT30to100 | 3 | low_stats
v2 | 1 | cent10to20 | 9 | 8 | pT30to100 | 4 | low_stats
v2 | 1 | cent10to20 | 9 | 8 | pT30to100 | 5 | low_stats
v2 | 1 | cent10to20 | 9 | 8 | pT30to100 | 6 | low_stats
v2 | 1 | cent10to20 | 9 | 8 | pT30to100 | 7 | low_stats
v2 | 1 | cent10to20 | 9 | 8 | pT30to100 | 8 | low_stats
v2 | 1 | cent10to20 | 9 | 8 | pT30to100 | 9 | low_stats
v2 | 1 | cent10to20 | 9 | 8 | pT30to100 | 10 | low_stats
v2 | 1 | cent10to20 | 9 | 8 | pT30to100 | 11 | low_stats
v2 | 1 | cent10to20 | 9 | 8 | pT30to100 | 12 | low_stats
v2 | 1 | cent10to20 | 9 | 8 | pT30to100 | 13 | low_stats
v2 | 1 | cent10to20 | 9 | 8 | pT30to100 | 14 | low_stats
v2 | 1 | cent10to20 | 9 | 8 | pT30to100 | 15 | low_stats
v2 | 1 | cent10to20 | 9 | 8 | pT30to100 | 16 | low_stats
v2 | 1 | cent10to20 | 9 | 8 | pT30to100 | 17 | low_stats
v2 | 1 | cent10to20 | 9 | 8 | pT30to100 | 18 | low_stats
v2 | 1 | cent10to20 | 9 | 8 | pT30to100 | 19 | low_stats
v2 | 1 | cent10to20 | 9 | 8 | pT30to100 | 20 | low_stats
v2 | 1 | cent10to20 | 9 | 8 | pT30to100 | 21 | low_stats
v2 | 1 | cent10to20 | 9 | 8 | pT30to100 | 22 | low_stats
v2 | 1 | cent10to20 | 9 | 8 | pT30to100 | 23 | low_stats
v2 | 1 | cent10to20 | 9 | 8 | pT30to100 | 24 | low_stats
v2 | 1 | cent10to20 | 9 | 8 | pT30to100 | 25 | low_stats
v2 | 1 | cent10to20 | 9 | 8 | pT30to100 | 26 | low_stats
v2 | 1 | cent10to20 | 9 | 8 | pT30to100 | 27 | low_stats
v2 | 1 | cent10to20 | 9 | 8 | pT30to100 | 28 | low_stats
v2 | 1 | cent10to20 | 9 | 8 | pT30to100 | 29 | low_stats
v2 | 1 | cent10to20 | 9 | 8 | pT30to100 | 30 | low_stats
v2 | 1 | cent10to20 | 9 | 8 | pT30to100 | 31 | low_stats
v2 | 1 | cent10to20 | 9 | 8 | pT30to100 | 32 | low_stats
v2 | 1 | cent10to20 | 9 | 8 | pT30to100 | 33 | low_stats
v2 | 1 | cent10to20 | 9 | 8 | pT30to100 | 34 | low_stats
v2 | 1 | cent10to20 | 9 | 8 | pT30to100 | 35 | low_stats
v2 | 1 | cent10to20 | 9 | 8 | pT30to100 | 36 | low_stats
v2 | 1 | cent10to20 | 9 | 8 | pT30to100 | 37 | low_stats
v2 | 1 | cent10to20 | 9 | 8 | pT30to100 | 38 | low_stats
v2 | 1 | cent10to20 | 9 | 8 | pT30to100 | 39 | low_stats
v2 | 1 | cent10to20 | 9 | 8 | pT30to100 | 40 | low_stats
v2 | 1 | cent10to20 | 9 | 8 | pT30to100 | 41 | low_stats
v2 | 1 | cent10to20 | 10 | 8 | pT30to100 | 0 | low_stats
v2 | 1 | cent10to20 | 10 | 8 | pT30to100 | 1 | low_stats
v2 | 1 | cent10to20 | 10 | 8 | pT30to100 | 2 | low_stats
v2 | 1 | cent10to20 | 10 | 8 | pT30to100 | 3 | low_stats
v2 | 1 | cent10to20 | 10 | 8 | pT30to100 | 4 | low_stats
v2 | 1 | cent10to20 | 10 | 8 | pT30to100 | 5 | low_stats
v2 | 1 | cent10to20 | 10 | 8 | pT30to100 | 6 | low_stats
v2 | 1 | cent10to20 | 10 | 8 | pT30to100 | 7 | low_stats
v2 | 1 | cent10to20 | 10 | 8 | pT30to100 | 8 | low_stats
v2 | 1 | cent10to20 | 10 | 8 | pT30to100 | 9 | low_stats
v2 | 1 | cent10to20 | 10 | 8 | pT30to100 | 10 | low_stats
v2 | 1 | cent10to20 | 10 | 8 | pT30to100 | 11 | low_stats
v2 | 1 | cent10to20 | 10 | 8 | pT30to100 | 12 | low_stats
v2 | 1 | cent10to20 | 10 | 8 | pT30to100 | 13 | low_stats
v2 | 1 | cent10to20 | 10 | 8 | pT30to100 | 14 | low_stats
v2 | 1 | cent10to20 | 10 | 8 | pT30to100 | 15 | low_stats
v2 | 1 | cent10to20 | 10 | 8 | pT30to100 | 16 | low_stats
v2 | 1 | cent10to20 | 10 | 8 | pT30to100 | 17 | low_stats
v2 | 1 | cent10to20 | 10 | 8 | pT30to100 | 18 | low_stats
v2 | 1 | cent10to20 | 10 | 8 | pT30to100 | 19 | low_stats
v2 | 1 | cent10to20 | 10 | 8 | pT30to100 | 20 | low_stats
v2 | 1 | cent10to20 | 10 | 8 | pT30to100 | 21 | low_stats
v2 | 1 | cent10to20 | 10 | 8 | pT30to100 | 22 | low_stats
v2 | 1 | cent10to20 | 10 | 8 | pT30to100 | 23 | low_stats
v2 | 1 | cent10to20 | 10 | 8 | pT30to100 | 24 | low_stats
v2 | 1 | cent10to20 | 10 | 8 | pT30to100 | 25 | low_stats
v2 | 1 | cent10to20 | 10 | 8 | pT30to100 | 26 | low_stats
v2 | 1 | cent10to20 | 10 | 8 | pT30to100 | 27 | low_stats
v2 | 1 | cent10to20 | 10 | 8 | pT30to100 | 28 | low_stats
v2 | 1 | cent10to20 | 10 | 8 | pT30to100 | 29 | low_stats
v2 | 1 | cent10to20 | 10 | 8 | pT30to100 | 30 | low_stats
v2 | 1 | cent10to20 | 10 | 8 | pT30to100 | 31 | low_stats
v2 | 1 | cent10to20 | 10 | 8 | pT30to100 | 32 | low_stats
v2 | 1 | cent10to20 | 10 | 8 | pT30to100 | 33 | low_stats
v2 | 1 | cent10to20 | 10 | 8 | pT30to100 | 34 | low_stats
v2 | 1 | cent10to20 | 10 | 8 | pT30to100 | 35 | low_stats
v2 | 1 | cent10to20 | 10 | 8 | pT30to100 | 36 | low_stats
v2 | 1 | cent10to20 | 10 | 8 | pT30to100 | 37 | low_stats
v2 | 1 | cent10to20 | 10 | 8 | pT30to100 | 38 | low_stats
v2 | 1 | cent10to20 | 10 | 8 | pT30to100 | 39 | low_stats
v2 | 1 | cent10to20 | 10 | 8 | pT30to100 | 40 | low_stats
v2 | 1 | cent10to20 | 10 | 8 | pT30to100 | 41 | low_stats
v2 | 1 | cent10to20 | 11 | 8 | pT30to100 | 0 | low_stats
v2 | 1 | cent10to20 | 11 | 8 | pT30to100 | 1 | low_stats
v2 | 1 | cent10to20 | 11 | 8 | pT30to100 | 2 | low_stats
v2 | 1 | cent10to20 | 11 | 8 | pT30to100 | 3 | low_stats
v2 | 1 | cent10to20 | 11 | 8 | pT30to100 | 4 | low_stats
v2 | 1 | cent10to20 | 11 | 8 | pT30to100 | 5 | low_stats
v2 | 1 | cent10to20 | 11 | 8 | pT30to100 | 6 | low_stats
v2 | 1 | cent10to20 | 11 | 8 | pT30to100 | 7 | low_stats
v2 | 1 | cent10to20 | 11 | 8 | pT30to100 | 8 | low_stats
v2 | 1 | cent10to20 | 11 | 8 | pT30to100 | 9 | low_stats
v2 | 1 | cent10to20 | 11 | 8 | pT30to100 | 10 | low_stats
v2 | 1 | cent10to20 | 11 | 8 | pT30to100 | 11 | low_stats
v2 | 1 | cent10to20 | 11 | 8 | pT30to100 | 12 | low_stats
v2 | 1 | cent10to20 | 11 | 8 | pT30to100 | 13 | low_stats
v2 | 1 | cent10to20 | 11 | 8 | pT30to100 | 14 | low_stats
v2 | 1 | cent10to20 | 11 | 8 | pT30to100 | 15 | low_stats
v2 | 1 | cent10to20 | 11 | 8 | pT30to100 | 16 | low_stats
v2 | 1 | cent10to20 | 11 | 8 | pT30to100 | 17 | low_stats
v2 | 1 | cent10to20 | 11 | 8 | pT30to100 | 18 | low_stats
v2 | 1 | cent10to20 | 11 | 8 | pT30to100 | 19 | low_stats
v2 | 1 | cent10to20 | 11 | 8 | pT30to100 | 20 | low_stats
v2 | 1 | cent10to20 | 11 | 8 | pT30to100 | 21 | low_stats
v2 | 1 | cent10to20 | 11 | 8 | pT30to100 | 22 | low_stats
v2 | 1 | cent10to20 | 11 | 8 | pT30to100 | 23 | low_stats
v2 | 1 | cent10to20 | 11 | 8 | pT30to100 | 24 | low_stats
v2 | 1 | cent10to20 | 11 | 8 | pT30to100 | 25 | low_stats
v2 | 1 | cent10to20 | 11 | 8 | pT30to100 | 26 | low_stats
v2 | 1 | cent10to20 | 11 | 8 | pT30to100 | 27 | low_stats
v2 | 1 | cent10to20 | 11 | 8 | pT30to100 | 28 | low_stats
v2 | 1 | cent10to20 | 11 | 8 | pT30to100 | 29 | low_stats
v2 | 1 | cent10to20 | 11 | 8 | pT30to100 | 30 | low_stats
v2 | 1 | cent10to20 | 11 | 8 | pT30to100 | 31 | low_stats
v2 | 1 | cent10to20 | 11 | 8 | pT30to100 | 32 | low_stats
v2 | 1 | cent10to20 | 11 | 8 | pT30to100 | 33 | low_stats
v2 | 1 | cent10to20 | 11 | 8 | pT30to100 | 34 | low_stats
v2 | 1 | cent10to20 | 11 | 8 | pT30to100 | 35 | low_stats
v2 | 1 | cent10to20 | 11 | 8 | pT30to100 | 36 | low_stats
v2 | 1 | cent10to20 | 11 | 8 | pT30to100 | 37 | low_stats
v2 | 1 | cent10to20 | 11 | 8 | pT30to100 | 38 | low_stats
v2 | 1 | cent10to20 | 11 | 8 | pT30to100 | 39 | low_stats
v2 | 1 | cent10to20 | 11 | 8 | pT30to100 | 40 | low_stats
v2 | 1 | cent10to20 | 11 | 8 | pT30to100 | 41 | low_stats
v3 | 1 | cent10to20 | 0 | 0 | pT2to4 | 0 | low_stats
v3 | 1 | cent10to20 | 0 | 0 | pT2to4 | 1 | low_stats
v3 | 1 | cent10to20 | 0 | 0 | pT2to4 | 2 | low_stats
v3 | 1 | cent10to20 | 0 | 0 | pT2to4 | 3 | low_stats
v3 | 1 | cent10to20 | 0 | 0 | pT2to4 | 4 | low_stats
v3 | 1 | cent10to20 | 0 | 0 | pT2to4 | 5 | neg_yield | TAIL | sigma=-10
v3 | 1 | cent10to20 | 0 | 0 | pT2to4 | 8 | neg_yield | TAIL | sigma=-10
v3 | 1 | cent10to20 | 0 | 0 | pT2to4 | 10 | neg_yield | TAIL | sigma=-10
v3 | 1 | cent10to20 | 0 | 0 | pT2to4 | 12 | neg_yield | TAIL | sigma=-10
v3 | 1 | cent10to20 | 0 | 0 | pT2to4 | 13 | low_sigma | TAIL | sigma=0.969126
v3 | 1 | cent10to20 | 0 | 0 | pT2to4 | 16 | low_sigma | MID | sigma=0.616529
v3 | 1 | cent10to20 | 0 | 0 | pT2to4 | 17 | low_sigma | MID | sigma=0.659137
v3 | 1 | cent10to20 | 0 | 0 | pT2to4 | 19 | low_sigma | MID | sigma=0.957462
v3 | 1 | cent10to20 | 0 | 0 | pT2to4 | 20 | neg_yield | MID | sigma=-10
v3 | 1 | cent10to20 | 0 | 0 | pT2to4 | 21 | neg_yield | MID | sigma=-10
v3 | 1 | cent10to20 | 0 | 0 | pT2to4 | 22 | neg_yield | MID | sigma=-10
v3 | 1 | cent10to20 | 0 | 0 | pT2to4 | 23 | neg_yield | MID | sigma=-10
v3 | 1 | cent10to20 | 0 | 0 | pT2to4 | 25 | low_sigma | MID | sigma=0.360554
v3 | 1 | cent10to20 | 0 | 0 | pT2to4 | 26 | low_sigma | MID | sigma=0.269153
v3 | 1 | cent10to20 | 0 | 0 | pT2to4 | 28 | neg_yield | MID | sigma=-10
v3 | 1 | cent10to20 | 0 | 0 | pT2to4 | 29 | neg_yield | MID | sigma=-10
v3 | 1 | cent10to20 | 0 | 0 | pT2to4 | 31 | low_sigma | MID | sigma=0.848725
v3 | 1 | cent10to20 | 0 | 0 | pT2to4 | 32 | neg_yield | MID | sigma=-10
v3 | 1 | cent10to20 | 0 | 0 | pT2to4 | 34 | low_sigma | TAIL | sigma=0.642422
v3 | 1 | cent10to20 | 0 | 0 | pT2to4 | 37 | neg_yield | TAIL | sigma=-10
v3 | 1 | cent10to20 | 0 | 0 | pT2to4 | 39 | neg_yield | TAIL | sigma=-10
v3 | 1 | cent10to20 | 0 | 0 | pT2to4 | 40 | neg_yield | TAIL | sigma=-10
v3 | 1 | cent10to20 | 0 | 0 | pT2to4 | 41 | neg_yield | TAIL | sigma=-10
v3 | 1 | cent10to20 | 0 | 0 | pT2to4 | 42 | low_sigma | TAIL | sigma=0.286855
v3 | 1 | cent10to20 | 0 | 0 | pT2to4 | 43 | low_stats
v3 | 1 | cent10to20 | 0 | 0 | pT2to4 | 44 | low_stats
v3 | 1 | cent10to20 | 0 | 0 | pT2to4 | 45 | low_stats
v3 | 1 | cent10to20 | 0 | 0 | pT2to4 | 46 | low_stats
v3 | 1 | cent10to20 | 0 | 0 | pT2to4 | 47 | low_stats
v3 | 1 | cent10to20 | 1 | 0 | pT2to4 | 0 | low_stats
v3 | 1 | cent10to20 | 1 | 0 | pT2to4 | 1 | low_stats
v3 | 1 | cent10to20 | 1 | 0 | pT2to4 | 2 | low_stats
v3 | 1 | cent10to20 | 1 | 0 | pT2to4 | 3 | low_stats
v3 | 1 | cent10to20 | 1 | 0 | pT2to4 | 4 | low_stats
v3 | 1 | cent10to20 | 1 | 0 | pT2to4 | 5 | low_stats
v3 | 1 | cent10to20 | 1 | 0 | pT2to4 | 6 | neg_yield | TAIL | sigma=-10
v3 | 1 | cent10to20 | 1 | 0 | pT2to4 | 7 | neg_yield | TAIL | sigma=-10
v3 | 1 | cent10to20 | 1 | 0 | pT2to4 | 9 | low_sigma | TAIL | sigma=0.485054
v3 | 1 | cent10to20 | 1 | 0 | pT2to4 | 11 | neg_yield | TAIL | sigma=-10
v3 | 1 | cent10to20 | 1 | 0 | pT2to4 | 16 | low_sigma | MID | sigma=0.508207
v3 | 1 | cent10to20 | 1 | 0 | pT2to4 | 19 | neg_yield | MID | sigma=-10
v3 | 1 | cent10to20 | 1 | 0 | pT2to4 | 21 | low_sigma | MID | sigma=0.75235
v3 | 1 | cent10to20 | 1 | 0 | pT2to4 | 23 | neg_yield | MID | sigma=-10
v3 | 1 | cent10to20 | 1 | 0 | pT2to4 | 24 | neg_yield | MID | sigma=-10
v3 | 1 | cent10to20 | 1 | 0 | pT2to4 | 25 | low_sigma | MID | sigma=0.700317
v3 | 1 | cent10to20 | 1 | 0 | pT2to4 | 27 | neg_yield | MID | sigma=-10
v3 | 1 | cent10to20 | 1 | 0 | pT2to4 | 28 | neg_yield | MID | sigma=-10
v3 | 1 | cent10to20 | 1 | 0 | pT2to4 | 29 | low_sigma | MID | sigma=0.271719
v3 | 1 | cent10to20 | 1 | 0 | pT2to4 | 34 | neg_yield | TAIL | sigma=-10
v3 | 1 | cent10to20 | 1 | 0 | pT2to4 | 38 | neg_yield | TAIL | sigma=-10
v3 | 1 | cent10to20 | 1 | 0 | pT2to4 | 41 | neg_yield | TAIL | sigma=-10
v3 | 1 | cent10to20 | 1 | 0 | pT2to4 | 42 | low_stats
v3 | 1 | cent10to20 | 1 | 0 | pT2to4 | 43 | low_stats
v3 | 1 | cent10to20 | 1 | 0 | pT2to4 | 44 | low_stats
v3 | 1 | cent10to20 | 1 | 0 | pT2to4 | 45 | low_stats
v3 | 1 | cent10to20 | 1 | 0 | pT2to4 | 46 | low_stats
v3 | 1 | cent10to20 | 1 | 0 | pT2to4 | 47 | low_stats
v3 | 1 | cent10to20 | 2 | 0 | pT2to4 | 0 | low_stats
v3 | 1 | cent10to20 | 2 | 0 | pT2to4 | 1 | low_stats
v3 | 1 | cent10to20 | 2 | 0 | pT2to4 | 2 | low_stats
v3 | 1 | cent10to20 | 2 | 0 | pT2to4 | 3 | low_stats
v3 | 1 | cent10to20 | 2 | 0 | pT2to4 | 4 | low_stats
v3 | 1 | cent10to20 | 2 | 0 | pT2to4 | 5 | low_stats
v3 | 1 | cent10to20 | 2 | 0 | pT2to4 | 6 | low_stats
v3 | 1 | cent10to20 | 2 | 0 | pT2to4 | 7 | low_stats
v3 | 1 | cent10to20 | 2 | 0 | pT2to4 | 8 | low_sigma | TAIL | sigma=0.373675
v3 | 1 | cent10to20 | 2 | 0 | pT2to4 | 10 | neg_yield | TAIL | sigma=-10
v3 | 1 | cent10to20 | 2 | 0 | pT2to4 | 11 | neg_yield | TAIL | sigma=-10
v3 | 1 | cent10to20 | 2 | 0 | pT2to4 | 16 | low_sigma | MID | sigma=0.24149
v3 | 1 | cent10to20 | 2 | 0 | pT2to4 | 20 | low_sigma | MID | sigma=0.874116
v3 | 1 | cent10to20 | 2 | 0 | pT2to4 | 22 | neg_yield | MID | sigma=-10
v3 | 1 | cent10to20 | 2 | 0 | pT2to4 | 23 | neg_yield | MID | sigma=-10
v3 | 1 | cent10to20 | 2 | 0 | pT2to4 | 24 | neg_yield | MID | sigma=-10
v3 | 1 | cent10to20 | 2 | 0 | pT2to4 | 26 | low_sigma | MID | sigma=0.603446
v3 | 1 | cent10to20 | 2 | 0 | pT2to4 | 27 | neg_yield | MID | sigma=-10
v3 | 1 | cent10to20 | 2 | 0 | pT2to4 | 30 | neg_yield | MID | sigma=-10
v3 | 1 | cent10to20 | 2 | 0 | pT2to4 | 31 | neg_yield | MID | sigma=-10
v3 | 1 | cent10to20 | 2 | 0 | pT2to4 | 32 | neg_yield | MID | sigma=-10
v3 | 1 | cent10to20 | 2 | 0 | pT2to4 | 33 | low_sigma | MID | sigma=0.460725
v3 | 1 | cent10to20 | 2 | 0 | pT2to4 | 35 | low_sigma | TAIL | sigma=0.454405
v3 | 1 | cent10to20 | 2 | 0 | pT2to4 | 36 | neg_yield | TAIL | sigma=-10
v3 | 1 | cent10to20 | 2 | 0 | pT2to4 | 37 | low_sigma | TAIL | sigma=0.550497
v3 | 1 | cent10to20 | 2 | 0 | pT2to4 | 39 | neg_yield | TAIL | sigma=-10
v3 | 1 | cent10to20 | 2 | 0 | pT2to4 | 40 | low_stats
v3 | 1 | cent10to20 | 2 | 0 | pT2to4 | 41 | low_stats
v3 | 1 | cent10to20 | 2 | 0 | pT2to4 | 42 | low_stats
v3 | 1 | cent10to20 | 2 | 0 | pT2to4 | 43 | low_stats
v3 | 1 | cent10to20 | 2 | 0 | pT2to4 | 44 | low_stats
v3 | 1 | cent10to20 | 2 | 0 | pT2to4 | 45 | low_stats
v3 | 1 | cent10to20 | 2 | 0 | pT2to4 | 46 | low_stats
v3 | 1 | cent10to20 | 2 | 0 | pT2to4 | 47 | low_stats
v3 | 1 | cent10to20 | 3 | 0 | pT2to4 | 0 | low_stats
v3 | 1 | cent10to20 | 3 | 0 | pT2to4 | 1 | low_stats
v3 | 1 | cent10to20 | 3 | 0 | pT2to4 | 2 | low_stats
v3 | 1 | cent10to20 | 3 | 0 | pT2to4 | 3 | low_stats
v3 | 1 | cent10to20 | 3 | 0 | pT2to4 | 4 | low_stats
v3 | 1 | cent10to20 | 3 | 0 | pT2to4 | 5 | low_stats
v3 | 1 | cent10to20 | 3 | 0 | pT2to4 | 6 | low_stats
v3 | 1 | cent10to20 | 3 | 0 | pT2to4 | 7 | low_stats
v3 | 1 | cent10to20 | 3 | 0 | pT2to4 | 8 | low_sigma | TAIL | sigma=0.866454
v3 | 1 | cent10to20 | 3 | 0 | pT2to4 | 9 | low_sigma | TAIL | sigma=0.742423
v3 | 1 | cent10to20 | 3 | 0 | pT2to4 | 10 | low_sigma | TAIL | sigma=0.838348
v3 | 1 | cent10to20 | 3 | 0 | pT2to4 | 11 | neg_yield | TAIL | sigma=-10
v3 | 1 | cent10to20 | 3 | 0 | pT2to4 | 15 | neg_yield | MID | sigma=-10
v3 | 1 | cent10to20 | 3 | 0 | pT2to4 | 17 | low_sigma | MID | sigma=0.200793
v3 | 1 | cent10to20 | 3 | 0 | pT2to4 | 19 | neg_yield | MID | sigma=-10
v3 | 1 | cent10to20 | 3 | 0 | pT2to4 | 21 | neg_yield | MID | sigma=-10
v3 | 1 | cent10to20 | 3 | 0 | pT2to4 | 22 | low_sigma | MID | sigma=0.939825
v3 | 1 | cent10to20 | 3 | 0 | pT2to4 | 24 | low_sigma | MID | sigma=0.968461
v3 | 1 | cent10to20 | 3 | 0 | pT2to4 | 25 | neg_yield | MID | sigma=-10
v3 | 1 | cent10to20 | 3 | 0 | pT2to4 | 26 | low_sigma | MID | sigma=0.0857099
v3 | 1 | cent10to20 | 3 | 0 | pT2to4 | 28 | low_sigma | MID | sigma=0.21096
v3 | 1 | cent10to20 | 3 | 0 | pT2to4 | 29 | low_sigma | MID | sigma=0.429103
v3 | 1 | cent10to20 | 3 | 0 | pT2to4 | 31 | low_sigma | MID | sigma=0.210113
v3 | 1 | cent10to20 | 3 | 0 | pT2to4 | 32 | low_sigma | MID | sigma=0.964122
v3 | 1 | cent10to20 | 3 | 0 | pT2to4 | 33 | low_sigma | MID | sigma=0.117537
v3 | 1 | cent10to20 | 3 | 0 | pT2to4 | 34 | neg_yield | TAIL | sigma=-10
v3 | 1 | cent10to20 | 3 | 0 | pT2to4 | 36 | low_sigma | TAIL | sigma=0.978456
v3 | 1 | cent10to20 | 3 | 0 | pT2to4 | 37 | low_sigma | TAIL | sigma=0.157634
v3 | 1 | cent10to20 | 3 | 0 | pT2to4 | 38 | low_sigma | TAIL | sigma=0.347711
v3 | 1 | cent10to20 | 3 | 0 | pT2to4 | 39 | neg_yield | TAIL | sigma=-10
v3 | 1 | cent10to20 | 3 | 0 | pT2to4 | 40 | low_stats
v3 | 1 | cent10to20 | 3 | 0 | pT2to4 | 41 | low_stats
v3 | 1 | cent10to20 | 3 | 0 | pT2to4 | 42 | low_stats
v3 | 1 | cent10to20 | 3 | 0 | pT2to4 | 43 | low_stats
v3 | 1 | cent10to20 | 3 | 0 | pT2to4 | 44 | low_stats
v3 | 1 | cent10to20 | 3 | 0 | pT2to4 | 45 | low_stats
v3 | 1 | cent10to20 | 3 | 0 | pT2to4 | 46 | low_stats
v3 | 1 | cent10to20 | 3 | 0 | pT2to4 | 47 | low_stats
v3 | 1 | cent10to20 | 4 | 0 | pT2to4 | 0 | low_stats
v3 | 1 | cent10to20 | 4 | 0 | pT2to4 | 1 | low_stats
v3 | 1 | cent10to20 | 4 | 0 | pT2to4 | 2 | low_stats
v3 | 1 | cent10to20 | 4 | 0 | pT2to4 | 3 | low_stats
v3 | 1 | cent10to20 | 4 | 0 | pT2to4 | 4 | low_stats
v3 | 1 | cent10to20 | 4 | 0 | pT2to4 | 5 | low_stats
v3 | 1 | cent10to20 | 4 | 0 | pT2to4 | 6 | low_stats
v3 | 1 | cent10to20 | 4 | 0 | pT2to4 | 7 | low_stats
v3 | 1 | cent10to20 | 4 | 0 | pT2to4 | 8 | low_stats
v3 | 1 | cent10to20 | 4 | 0 | pT2to4 | 9 | low_stats
v3 | 1 | cent10to20 | 4 | 0 | pT2to4 | 10 | low_sigma | TAIL | sigma=0.454824
v3 | 1 | cent10to20 | 4 | 0 | pT2to4 | 13 | neg_yield | TAIL | sigma=-10
v3 | 1 | cent10to20 | 4 | 0 | pT2to4 | 27 | neg_yield | MID | sigma=-10
v3 | 1 | cent10to20 | 4 | 0 | pT2to4 | 35 | neg_yield | TAIL | sigma=-10
v3 | 1 | cent10to20 | 4 | 0 | pT2to4 | 36 | low_sigma | TAIL | sigma=0.539038
v3 | 1 | cent10to20 | 4 | 0 | pT2to4 | 37 | neg_yield | TAIL | sigma=-10
v3 | 1 | cent10to20 | 4 | 0 | pT2to4 | 38 | low_stats
v3 | 1 | cent10to20 | 4 | 0 | pT2to4 | 39 | low_stats
v3 | 1 | cent10to20 | 4 | 0 | pT2to4 | 40 | low_stats
v3 | 1 | cent10to20 | 4 | 0 | pT2to4 | 41 | low_stats
v3 | 1 | cent10to20 | 4 | 0 | pT2to4 | 42 | low_stats
v3 | 1 | cent10to20 | 4 | 0 | pT2to4 | 43 | low_stats
v3 | 1 | cent10to20 | 4 | 0 | pT2to4 | 44 | low_stats
v3 | 1 | cent10to20 | 4 | 0 | pT2to4 | 45 | low_stats
v3 | 1 | cent10to20 | 4 | 0 | pT2to4 | 46 | low_stats
v3 | 1 | cent10to20 | 4 | 0 | pT2to4 | 47 | low_stats
v3 | 1 | cent10to20 | 5 | 0 | pT2to4 | 0 | low_stats
v3 | 1 | cent10to20 | 5 | 0 | pT2to4 | 1 | low_stats
v3 | 1 | cent10to20 | 5 | 0 | pT2to4 | 2 | low_stats
v3 | 1 | cent10to20 | 5 | 0 | pT2to4 | 3 | low_stats
v3 | 1 | cent10to20 | 5 | 0 | pT2to4 | 4 | low_stats
v3 | 1 | cent10to20 | 5 | 0 | pT2to4 | 5 | low_stats
v3 | 1 | cent10to20 | 5 | 0 | pT2to4 | 6 | low_stats
v3 | 1 | cent10to20 | 5 | 0 | pT2to4 | 7 | low_stats
v3 | 1 | cent10to20 | 5 | 0 | pT2to4 | 8 | low_stats
v3 | 1 | cent10to20 | 5 | 0 | pT2to4 | 9 | low_stats
v3 | 1 | cent10to20 | 5 | 0 | pT2to4 | 10 | low_stats
v3 | 1 | cent10to20 | 5 | 0 | pT2to4 | 12 | neg_yield | TAIL | sigma=-10
v3 | 1 | cent10to20 | 5 | 0 | pT2to4 | 13 | low_sigma | TAIL | sigma=0.601139
v3 | 1 | cent10to20 | 5 | 0 | pT2to4 | 14 | neg_yield | MID | sigma=-10
v3 | 1 | cent10to20 | 5 | 0 | pT2to4 | 15 | neg_yield | MID | sigma=-10
v3 | 1 | cent10to20 | 5 | 0 | pT2to4 | 17 | low_sigma | MID | sigma=0.952361
v3 | 1 | cent10to20 | 5 | 0 | pT2to4 | 21 | low_sigma | MID | sigma=0.564639
v3 | 1 | cent10to20 | 5 | 0 | pT2to4 | 22 | neg_yield | MID | sigma=-10
v3 | 1 | cent10to20 | 5 | 0 | pT2to4 | 24 | low_sigma | MID | sigma=0.554458
v3 | 1 | cent10to20 | 5 | 0 | pT2to4 | 33 | neg_yield | MID | sigma=-10
v3 | 1 | cent10to20 | 5 | 0 | pT2to4 | 36 | neg_yield | TAIL | sigma=-10
v3 | 1 | cent10to20 | 5 | 0 | pT2to4 | 37 | low_stats
v3 | 1 | cent10to20 | 5 | 0 | pT2to4 | 38 | low_stats
v3 | 1 | cent10to20 | 5 | 0 | pT2to4 | 39 | low_stats
v3 | 1 | cent10to20 | 5 | 0 | pT2to4 | 40 | low_stats
v3 | 1 | cent10to20 | 5 | 0 | pT2to4 | 41 | low_stats
v3 | 1 | cent10to20 | 5 | 0 | pT2to4 | 42 | low_stats
v3 | 1 | cent10to20 | 5 | 0 | pT2to4 | 43 | low_stats
v3 | 1 | cent10to20 | 5 | 0 | pT2to4 | 44 | low_stats
v3 | 1 | cent10to20 | 5 | 0 | pT2to4 | 45 | low_stats
v3 | 1 | cent10to20 | 5 | 0 | pT2to4 | 46 | low_stats
v3 | 1 | cent10to20 | 5 | 0 | pT2to4 | 47 | low_stats
v3 | 1 | cent10to20 | 6 | 0 | pT2to4 | 0 | low_stats
v3 | 1 | cent10to20 | 6 | 0 | pT2to4 | 1 | low_stats
v3 | 1 | cent10to20 | 6 | 0 | pT2to4 | 2 | low_stats
v3 | 1 | cent10to20 | 6 | 0 | pT2to4 | 3 | low_stats
v3 | 1 | cent10to20 | 6 | 0 | pT2to4 | 4 | low_stats
v3 | 1 | cent10to20 | 6 | 0 | pT2to4 | 5 | low_stats
v3 | 1 | cent10to20 | 6 | 0 | pT2to4 | 6 | low_stats
v3 | 1 | cent10to20 | 6 | 0 | pT2to4 | 7 | low_stats
v3 | 1 | cent10to20 | 6 | 0 | pT2to4 | 8 | low_stats
v3 | 1 | cent10to20 | 6 | 0 | pT2to4 | 9 | low_stats
v3 | 1 | cent10to20 | 6 | 0 | pT2to4 | 10 | low_stats
v3 | 1 | cent10to20 | 6 | 0 | pT2to4 | 11 | low_stats
v3 | 1 | cent10to20 | 6 | 0 | pT2to4 | 12 | low_stats
v3 | 1 | cent10to20 | 6 | 0 | pT2to4 | 14 | neg_yield | MID | sigma=-10
v3 | 1 | cent10to20 | 6 | 0 | pT2to4 | 15 | low_sigma | MID | sigma=0.731244
v3 | 1 | cent10to20 | 6 | 0 | pT2to4 | 16 | neg_yield | MID | sigma=-10
v3 | 1 | cent10to20 | 6 | 0 | pT2to4 | 18 | low_sigma | MID | sigma=0.200585
v3 | 1 | cent10to20 | 6 | 0 | pT2to4 | 21 | neg_yield | MID | sigma=-10
v3 | 1 | cent10to20 | 6 | 0 | pT2to4 | 29 | low_sigma | MID | sigma=0.104214
v3 | 1 | cent10to20 | 6 | 0 | pT2to4 | 32 | low_sigma | MID | sigma=0.741535
v3 | 1 | cent10to20 | 6 | 0 | pT2to4 | 34 | neg_yield | TAIL | sigma=-10
v3 | 1 | cent10to20 | 6 | 0 | pT2to4 | 35 | low_stats
v3 | 1 | cent10to20 | 6 | 0 | pT2to4 | 36 | low_stats
v3 | 1 | cent10to20 | 6 | 0 | pT2to4 | 37 | low_stats
v3 | 1 | cent10to20 | 6 | 0 | pT2to4 | 38 | low_stats
v3 | 1 | cent10to20 | 6 | 0 | pT2to4 | 39 | low_stats
v3 | 1 | cent10to20 | 6 | 0 | pT2to4 | 40 | low_stats
v3 | 1 | cent10to20 | 6 | 0 | pT2to4 | 41 | low_stats
v3 | 1 | cent10to20 | 6 | 0 | pT2to4 | 42 | low_stats
v3 | 1 | cent10to20 | 6 | 0 | pT2to4 | 43 | low_stats
v3 | 1 | cent10to20 | 6 | 0 | pT2to4 | 44 | low_stats
v3 | 1 | cent10to20 | 6 | 0 | pT2to4 | 45 | low_stats
v3 | 1 | cent10to20 | 6 | 0 | pT2to4 | 46 | low_stats
v3 | 1 | cent10to20 | 6 | 0 | pT2to4 | 47 | low_stats
v3 | 1 | cent10to20 | 7 | 0 | pT2to4 | 0 | low_stats
v3 | 1 | cent10to20 | 7 | 0 | pT2to4 | 1 | low_stats
v3 | 1 | cent10to20 | 7 | 0 | pT2to4 | 2 | low_stats
v3 | 1 | cent10to20 | 7 | 0 | pT2to4 | 3 | low_stats
v3 | 1 | cent10to20 | 7 | 0 | pT2to4 | 4 | low_stats
v3 | 1 | cent10to20 | 7 | 0 | pT2to4 | 5 | low_stats
v3 | 1 | cent10to20 | 7 | 0 | pT2to4 | 6 | low_stats
v3 | 1 | cent10to20 | 7 | 0 | pT2to4 | 7 | low_stats
v3 | 1 | cent10to20 | 7 | 0 | pT2to4 | 8 | low_stats
v3 | 1 | cent10to20 | 7 | 0 | pT2to4 | 9 | low_stats
v3 | 1 | cent10to20 | 7 | 0 | pT2to4 | 10 | low_stats
v3 | 1 | cent10to20 | 7 | 0 | pT2to4 | 11 | low_stats
v3 | 1 | cent10to20 | 7 | 0 | pT2to4 | 12 | low_stats
v3 | 1 | cent10to20 | 7 | 0 | pT2to4 | 13 | low_stats
v3 | 1 | cent10to20 | 7 | 0 | pT2to4 | 15 | neg_yield | MID | sigma=-10
v3 | 1 | cent10to20 | 7 | 0 | pT2to4 | 17 | low_sigma | MID | sigma=0.405275
v3 | 1 | cent10to20 | 7 | 0 | pT2to4 | 20 | neg_yield | MID | sigma=-10
v3 | 1 | cent10to20 | 7 | 0 | pT2to4 | 21 | low_sigma | MID | sigma=0.613678
v3 | 1 | cent10to20 | 7 | 0 | pT2to4 | 22 | neg_yield | MID | sigma=-10
v3 | 1 | cent10to20 | 7 | 0 | pT2to4 | 23 | low_sigma | MID | sigma=0.412159
v3 | 1 | cent10to20 | 7 | 0 | pT2to4 | 27 | neg_yield | MID | sigma=-10
v3 | 1 | cent10to20 | 7 | 0 | pT2to4 | 29 | low_sigma | MID | sigma=0.711813
v3 | 1 | cent10to20 | 7 | 0 | pT2to4 | 33 | low_sigma | MID | sigma=0.866646
v3 | 1 | cent10to20 | 7 | 0 | pT2to4 | 34 | low_stats
v3 | 1 | cent10to20 | 7 | 0 | pT2to4 | 35 | low_stats
v3 | 1 | cent10to20 | 7 | 0 | pT2to4 | 36 | low_stats
v3 | 1 | cent10to20 | 7 | 0 | pT2to4 | 37 | low_stats
v3 | 1 | cent10to20 | 7 | 0 | pT2to4 | 38 | low_stats
v3 | 1 | cent10to20 | 7 | 0 | pT2to4 | 39 | low_stats
v3 | 1 | cent10to20 | 7 | 0 | pT2to4 | 40 | low_stats
v3 | 1 | cent10to20 | 7 | 0 | pT2to4 | 41 | low_stats
v3 | 1 | cent10to20 | 7 | 0 | pT2to4 | 42 | low_stats
v3 | 1 | cent10to20 | 7 | 0 | pT2to4 | 43 | low_stats
v3 | 1 | cent10to20 | 7 | 0 | pT2to4 | 44 | low_stats
v3 | 1 | cent10to20 | 7 | 0 | pT2to4 | 45 | low_stats
v3 | 1 | cent10to20 | 7 | 0 | pT2to4 | 46 | low_stats
v3 | 1 | cent10to20 | 7 | 0 | pT2to4 | 47 | low_stats
v3 | 1 | cent10to20 | 8 | 0 | pT2to4 | 0 | low_stats
v3 | 1 | cent10to20 | 8 | 0 | pT2to4 | 1 | low_stats
v3 | 1 | cent10to20 | 8 | 0 | pT2to4 | 2 | low_stats
v3 | 1 | cent10to20 | 8 | 0 | pT2to4 | 3 | low_stats
v3 | 1 | cent10to20 | 8 | 0 | pT2to4 | 4 | low_stats
v3 | 1 | cent10to20 | 8 | 0 | pT2to4 | 5 | low_stats
v3 | 1 | cent10to20 | 8 | 0 | pT2to4 | 6 | low_stats
v3 | 1 | cent10to20 | 8 | 0 | pT2to4 | 7 | low_stats
v3 | 1 | cent10to20 | 8 | 0 | pT2to4 | 8 | low_stats
v3 | 1 | cent10to20 | 8 | 0 | pT2to4 | 9 | low_stats
v3 | 1 | cent10to20 | 8 | 0 | pT2to4 | 10 | low_stats
v3 | 1 | cent10to20 | 8 | 0 | pT2to4 | 11 | low_stats
v3 | 1 | cent10to20 | 8 | 0 | pT2to4 | 12 | low_stats
v3 | 1 | cent10to20 | 8 | 0 | pT2to4 | 13 | low_stats
v3 | 1 | cent10to20 | 8 | 0 | pT2to4 | 14 | low_stats
v3 | 1 | cent10to20 | 8 | 0 | pT2to4 | 19 | low_sigma | MID | sigma=0.724718
v3 | 1 | cent10to20 | 8 | 0 | pT2to4 | 21 | low_sigma | MID | sigma=0.987121
v3 | 1 | cent10to20 | 8 | 0 | pT2to4 | 23 | neg_yield | MID | sigma=-10
v3 | 1 | cent10to20 | 8 | 0 | pT2to4 | 25 | low_sigma | MID | sigma=0.249451
v3 | 1 | cent10to20 | 8 | 0 | pT2to4 | 28 | low_sigma | MID | sigma=0.69565
v3 | 1 | cent10to20 | 8 | 0 | pT2to4 | 30 | neg_yield | MID | sigma=-10
v3 | 1 | cent10to20 | 8 | 0 | pT2to4 | 32 | low_stats
v3 | 1 | cent10to20 | 8 | 0 | pT2to4 | 33 | low_stats
v3 | 1 | cent10to20 | 8 | 0 | pT2to4 | 34 | low_stats
v3 | 1 | cent10to20 | 8 | 0 | pT2to4 | 35 | low_stats
v3 | 1 | cent10to20 | 8 | 0 | pT2to4 | 36 | low_stats
v3 | 1 | cent10to20 | 8 | 0 | pT2to4 | 37 | low_stats
v3 | 1 | cent10to20 | 8 | 0 | pT2to4 | 38 | low_stats
v3 | 1 | cent10to20 | 8 | 0 | pT2to4 | 39 | low_stats
v3 | 1 | cent10to20 | 8 | 0 | pT2to4 | 40 | low_stats
v3 | 1 | cent10to20 | 8 | 0 | pT2to4 | 41 | low_stats
v3 | 1 | cent10to20 | 8 | 0 | pT2to4 | 42 | low_stats
v3 | 1 | cent10to20 | 8 | 0 | pT2to4 | 43 | low_stats
v3 | 1 | cent10to20 | 8 | 0 | pT2to4 | 44 | low_stats
v3 | 1 | cent10to20 | 8 | 0 | pT2to4 | 45 | low_stats
v3 | 1 | cent10to20 | 8 | 0 | pT2to4 | 46 | low_stats
v3 | 1 | cent10to20 | 8 | 0 | pT2to4 | 47 | low_stats
v3 | 1 | cent10to20 | 9 | 0 | pT2to4 | 0 | low_stats
v3 | 1 | cent10to20 | 9 | 0 | pT2to4 | 1 | low_stats
v3 | 1 | cent10to20 | 9 | 0 | pT2to4 | 2 | low_stats
v3 | 1 | cent10to20 | 9 | 0 | pT2to4 | 3 | low_stats
v3 | 1 | cent10to20 | 9 | 0 | pT2to4 | 4 | low_stats
v3 | 1 | cent10to20 | 9 | 0 | pT2to4 | 5 | low_stats
v3 | 1 | cent10to20 | 9 | 0 | pT2to4 | 6 | low_stats
v3 | 1 | cent10to20 | 9 | 0 | pT2to4 | 7 | low_stats
v3 | 1 | cent10to20 | 9 | 0 | pT2to4 | 8 | low_stats
v3 | 1 | cent10to20 | 9 | 0 | pT2to4 | 9 | low_stats
v3 | 1 | cent10to20 | 9 | 0 | pT2to4 | 10 | low_stats
v3 | 1 | cent10to20 | 9 | 0 | pT2to4 | 11 | low_stats
v3 | 1 | cent10to20 | 9 | 0 | pT2to4 | 12 | low_stats
v3 | 1 | cent10to20 | 9 | 0 | pT2to4 | 13 | low_stats
v3 | 1 | cent10to20 | 9 | 0 | pT2to4 | 14 | low_stats
v3 | 1 | cent10to20 | 9 | 0 | pT2to4 | 15 | low_stats
v3 | 1 | cent10to20 | 9 | 0 | pT2to4 | 16 | neg_yield | MID | sigma=-10
v3 | 1 | cent10to20 | 9 | 0 | pT2to4 | 17 | neg_yield | MID | sigma=-10
v3 | 1 | cent10to20 | 9 | 0 | pT2to4 | 18 | low_sigma | MID | sigma=0.570038
v3 | 1 | cent10to20 | 9 | 0 | pT2to4 | 21 | low_sigma | MID | sigma=0.673457
v3 | 1 | cent10to20 | 9 | 0 | pT2to4 | 22 | low_sigma | MID | sigma=0.340013
v3 | 1 | cent10to20 | 9 | 0 | pT2to4 | 24 | neg_yield | MID | sigma=-10
v3 | 1 | cent10to20 | 9 | 0 | pT2to4 | 30 | neg_yield | MID | sigma=-10
v3 | 1 | cent10to20 | 9 | 0 | pT2to4 | 31 | neg_yield | MID | sigma=-10
v3 | 1 | cent10to20 | 9 | 0 | pT2to4 | 32 | low_stats
v3 | 1 | cent10to20 | 9 | 0 | pT2to4 | 33 | low_stats
v3 | 1 | cent10to20 | 9 | 0 | pT2to4 | 34 | low_stats
v3 | 1 | cent10to20 | 9 | 0 | pT2to4 | 35 | low_stats
v3 | 1 | cent10to20 | 9 | 0 | pT2to4 | 36 | low_stats
v3 | 1 | cent10to20 | 9 | 0 | pT2to4 | 37 | low_stats
v3 | 1 | cent10to20 | 9 | 0 | pT2to4 | 38 | low_stats
v3 | 1 | cent10to20 | 9 | 0 | pT2to4 | 39 | low_stats
v3 | 1 | cent10to20 | 9 | 0 | pT2to4 | 40 | low_stats
v3 | 1 | cent10to20 | 9 | 0 | pT2to4 | 41 | low_stats
v3 | 1 | cent10to20 | 9 | 0 | pT2to4 | 42 | low_stats
v3 | 1 | cent10to20 | 9 | 0 | pT2to4 | 43 | low_stats
v3 | 1 | cent10to20 | 9 | 0 | pT2to4 | 44 | low_stats
v3 | 1 | cent10to20 | 9 | 0 | pT2to4 | 45 | low_stats
v3 | 1 | cent10to20 | 9 | 0 | pT2to4 | 46 | low_stats
v3 | 1 | cent10to20 | 9 | 0 | pT2to4 | 47 | low_stats
v3 | 1 | cent10to20 | 10 | 0 | pT2to4 | 0 | low_stats
v3 | 1 | cent10to20 | 10 | 0 | pT2to4 | 1 | low_stats
v3 | 1 | cent10to20 | 10 | 0 | pT2to4 | 2 | low_stats
v3 | 1 | cent10to20 | 10 | 0 | pT2to4 | 3 | low_stats
v3 | 1 | cent10to20 | 10 | 0 | pT2to4 | 4 | low_stats
v3 | 1 | cent10to20 | 10 | 0 | pT2to4 | 5 | low_stats
v3 | 1 | cent10to20 | 10 | 0 | pT2to4 | 6 | low_stats
v3 | 1 | cent10to20 | 10 | 0 | pT2to4 | 7 | low_stats
v3 | 1 | cent10to20 | 10 | 0 | pT2to4 | 8 | low_stats
v3 | 1 | cent10to20 | 10 | 0 | pT2to4 | 9 | low_stats
v3 | 1 | cent10to20 | 10 | 0 | pT2to4 | 10 | low_stats
v3 | 1 | cent10to20 | 10 | 0 | pT2to4 | 11 | low_stats
v3 | 1 | cent10to20 | 10 | 0 | pT2to4 | 12 | low_stats
v3 | 1 | cent10to20 | 10 | 0 | pT2to4 | 13 | low_stats
v3 | 1 | cent10to20 | 10 | 0 | pT2to4 | 14 | low_stats
v3 | 1 | cent10to20 | 10 | 0 | pT2to4 | 15 | low_stats
v3 | 1 | cent10to20 | 10 | 0 | pT2to4 | 16 | low_sigma | MID | sigma=0.978099
v3 | 1 | cent10to20 | 10 | 0 | pT2to4 | 19 | neg_yield | MID | sigma=-10
v3 | 1 | cent10to20 | 10 | 0 | pT2to4 | 20 | neg_yield | MID | sigma=-10
v3 | 1 | cent10to20 | 10 | 0 | pT2to4 | 21 | neg_yield | MID | sigma=-10
v3 | 1 | cent10to20 | 10 | 0 | pT2to4 | 22 | neg_yield | MID | sigma=-10
v3 | 1 | cent10to20 | 10 | 0 | pT2to4 | 23 | neg_yield | MID | sigma=-10
v3 | 1 | cent10to20 | 10 | 0 | pT2to4 | 24 | low_sigma | MID | sigma=0.670328
v3 | 1 | cent10to20 | 10 | 0 | pT2to4 | 25 | neg_yield | MID | sigma=-10
v3 | 1 | cent10to20 | 10 | 0 | pT2to4 | 27 | low_sigma | MID | sigma=0.931979
v3 | 1 | cent10to20 | 10 | 0 | pT2to4 | 31 | low_stats
v3 | 1 | cent10to20 | 10 | 0 | pT2to4 | 32 | low_stats
v3 | 1 | cent10to20 | 10 | 0 | pT2to4 | 33 | low_stats
v3 | 1 | cent10to20 | 10 | 0 | pT2to4 | 34 | low_stats
v3 | 1 | cent10to20 | 10 | 0 | pT2to4 | 35 | low_stats
v3 | 1 | cent10to20 | 10 | 0 | pT2to4 | 36 | low_stats
v3 | 1 | cent10to20 | 10 | 0 | pT2to4 | 37 | low_stats
v3 | 1 | cent10to20 | 10 | 0 | pT2to4 | 38 | low_stats
v3 | 1 | cent10to20 | 10 | 0 | pT2to4 | 39 | low_stats
v3 | 1 | cent10to20 | 10 | 0 | pT2to4 | 40 | low_stats
v3 | 1 | cent10to20 | 10 | 0 | pT2to4 | 41 | low_stats
v3 | 1 | cent10to20 | 10 | 0 | pT2to4 | 42 | low_stats
v3 | 1 | cent10to20 | 10 | 0 | pT2to4 | 43 | low_stats
v3 | 1 | cent10to20 | 10 | 0 | pT2to4 | 44 | low_stats
v3 | 1 | cent10to20 | 10 | 0 | pT2to4 | 45 | low_stats
v3 | 1 | cent10to20 | 10 | 0 | pT2to4 | 46 | low_stats
v3 | 1 | cent10to20 | 10 | 0 | pT2to4 | 47 | low_stats
v3 | 1 | cent10to20 | 11 | 0 | pT2to4 | 0 | low_stats
v3 | 1 | cent10to20 | 11 | 0 | pT2to4 | 1 | low_stats
v3 | 1 | cent10to20 | 11 | 0 | pT2to4 | 2 | low_stats
v3 | 1 | cent10to20 | 11 | 0 | pT2to4 | 3 | low_stats
v3 | 1 | cent10to20 | 11 | 0 | pT2to4 | 4 | low_stats
v3 | 1 | cent10to20 | 11 | 0 | pT2to4 | 5 | low_stats
v3 | 1 | cent10to20 | 11 | 0 | pT2to4 | 6 | low_stats
v3 | 1 | cent10to20 | 11 | 0 | pT2to4 | 7 | low_stats
v3 | 1 | cent10to20 | 11 | 0 | pT2to4 | 8 | low_stats
v3 | 1 | cent10to20 | 11 | 0 | pT2to4 | 9 | low_stats
v3 | 1 | cent10to20 | 11 | 0 | pT2to4 | 10 | low_stats
v3 | 1 | cent10to20 | 11 | 0 | pT2to4 | 11 | low_stats
v3 | 1 | cent10to20 | 11 | 0 | pT2to4 | 12 | low_stats
v3 | 1 | cent10to20 | 11 | 0 | pT2to4 | 13 | low_stats
v3 | 1 | cent10to20 | 11 | 0 | pT2to4 | 14 | low_stats
v3 | 1 | cent10to20 | 11 | 0 | pT2to4 | 15 | low_stats
v3 | 1 | cent10to20 | 11 | 0 | pT2to4 | 16 | low_stats
v3 | 1 | cent10to20 | 11 | 0 | pT2to4 | 18 | neg_yield | MID | sigma=-10
v3 | 1 | cent10to20 | 11 | 0 | pT2to4 | 21 | low_sigma | MID | sigma=0.897558
v3 | 1 | cent10to20 | 11 | 0 | pT2to4 | 22 | low_sigma | MID | sigma=0.307012
v3 | 1 | cent10to20 | 11 | 0 | pT2to4 | 26 | low_sigma | MID | sigma=0.281952
v3 | 1 | cent10to20 | 11 | 0 | pT2to4 | 27 | neg_yield | MID | sigma=-10
v3 | 1 | cent10to20 | 11 | 0 | pT2to4 | 30 | low_stats
v3 | 1 | cent10to20 | 11 | 0 | pT2to4 | 31 | low_stats
v3 | 1 | cent10to20 | 11 | 0 | pT2to4 | 32 | low_stats
v3 | 1 | cent10to20 | 11 | 0 | pT2to4 | 33 | low_stats
v3 | 1 | cent10to20 | 11 | 0 | pT2to4 | 34 | low_stats
v3 | 1 | cent10to20 | 11 | 0 | pT2to4 | 35 | low_stats
v3 | 1 | cent10to20 | 11 | 0 | pT2to4 | 36 | low_stats
v3 | 1 | cent10to20 | 11 | 0 | pT2to4 | 37 | low_stats
v3 | 1 | cent10to20 | 11 | 0 | pT2to4 | 38 | low_stats
v3 | 1 | cent10to20 | 11 | 0 | pT2to4 | 39 | low_stats
v3 | 1 | cent10to20 | 11 | 0 | pT2to4 | 40 | low_stats
v3 | 1 | cent10to20 | 11 | 0 | pT2to4 | 41 | low_stats
v3 | 1 | cent10to20 | 11 | 0 | pT2to4 | 42 | low_stats
v3 | 1 | cent10to20 | 11 | 0 | pT2to4 | 43 | low_stats
v3 | 1 | cent10to20 | 11 | 0 | pT2to4 | 44 | low_stats
v3 | 1 | cent10to20 | 11 | 0 | pT2to4 | 45 | low_stats
v3 | 1 | cent10to20 | 11 | 0 | pT2to4 | 46 | low_stats
v3 | 1 | cent10to20 | 11 | 0 | pT2to4 | 47 | low_stats
v3 | 1 | cent10to20 | 0 | 1 | pT4to6 | 0 | low_stats
v3 | 1 | cent10to20 | 0 | 1 | pT4to6 | 1 | low_stats
v3 | 1 | cent10to20 | 0 | 1 | pT4to6 | 2 | low_stats
v3 | 1 | cent10to20 | 0 | 1 | pT4to6 | 3 | low_stats
v3 | 1 | cent10to20 | 0 | 1 | pT4to6 | 4 | low_stats
v3 | 1 | cent10to20 | 0 | 1 | pT4to6 | 5 | low_stats
v3 | 1 | cent10to20 | 0 | 1 | pT4to6 | 6 | low_stats
v3 | 1 | cent10to20 | 0 | 1 | pT4to6 | 7 | low_stats
v3 | 1 | cent10to20 | 0 | 1 | pT4to6 | 9 | low_stats
v3 | 1 | cent10to20 | 0 | 1 | pT4to6 | 10 | low_stats
v3 | 1 | cent10to20 | 0 | 1 | pT4to6 | 11 | low_stats
v3 | 1 | cent10to20 | 0 | 1 | pT4to6 | 12 | low_stats
v3 | 1 | cent10to20 | 0 | 1 | pT4to6 | 13 | low_stats
v3 | 1 | cent10to20 | 0 | 1 | pT4to6 | 14 | low_stats
v3 | 1 | cent10to20 | 0 | 1 | pT4to6 | 15 | low_stats
v3 | 1 | cent10to20 | 0 | 1 | pT4to6 | 16 | low_stats
v3 | 1 | cent10to20 | 0 | 1 | pT4to6 | 17 | low_stats
v3 | 1 | cent10to20 | 0 | 1 | pT4to6 | 18 | low_stats
v3 | 1 | cent10to20 | 0 | 1 | pT4to6 | 19 | low_stats
v3 | 1 | cent10to20 | 0 | 1 | pT4to6 | 20 | low_stats
v3 | 1 | cent10to20 | 0 | 1 | pT4to6 | 21 | low_stats
v3 | 1 | cent10to20 | 0 | 1 | pT4to6 | 22 | low_stats
v3 | 1 | cent10to20 | 0 | 1 | pT4to6 | 23 | low_stats
v3 | 1 | cent10to20 | 0 | 1 | pT4to6 | 24 | low_stats
v3 | 1 | cent10to20 | 0 | 1 | pT4to6 | 25 | low_stats
v3 | 1 | cent10to20 | 0 | 1 | pT4to6 | 26 | low_stats
v3 | 1 | cent10to20 | 0 | 1 | pT4to6 | 27 | low_stats
v3 | 1 | cent10to20 | 0 | 1 | pT4to6 | 28 | low_stats
v3 | 1 | cent10to20 | 0 | 1 | pT4to6 | 29 | low_stats
v3 | 1 | cent10to20 | 0 | 1 | pT4to6 | 30 | low_stats
v3 | 1 | cent10to20 | 0 | 1 | pT4to6 | 31 | low_stats
v3 | 1 | cent10to20 | 0 | 1 | pT4to6 | 32 | low_stats
v3 | 1 | cent10to20 | 0 | 1 | pT4to6 | 33 | low_stats
v3 | 1 | cent10to20 | 0 | 1 | pT4to6 | 34 | low_stats
v3 | 1 | cent10to20 | 0 | 1 | pT4to6 | 35 | low_stats
v3 | 1 | cent10to20 | 0 | 1 | pT4to6 | 36 | low_stats
v3 | 1 | cent10to20 | 0 | 1 | pT4to6 | 37 | neg_yield | TAIL | sigma=-10
v3 | 1 | cent10to20 | 0 | 1 | pT4to6 | 38 | low_stats
v3 | 1 | cent10to20 | 0 | 1 | pT4to6 | 39 | neg_yield | TAIL | sigma=-10
v3 | 1 | cent10to20 | 0 | 1 | pT4to6 | 40 | low_stats
v3 | 1 | cent10to20 | 0 | 1 | pT4to6 | 41 | low_stats
v3 | 1 | cent10to20 | 0 | 1 | pT4to6 | 42 | low_stats
v3 | 1 | cent10to20 | 0 | 1 | pT4to6 | 43 | low_stats
v3 | 1 | cent10to20 | 0 | 1 | pT4to6 | 44 | low_stats
v3 | 1 | cent10to20 | 0 | 1 | pT4to6 | 45 | low_stats
v3 | 1 | cent10to20 | 0 | 1 | pT4to6 | 46 | low_stats
v3 | 1 | cent10to20 | 0 | 1 | pT4to6 | 47 | low_stats
v3 | 1 | cent10to20 | 1 | 1 | pT4to6 | 0 | low_stats
v3 | 1 | cent10to20 | 1 | 1 | pT4to6 | 1 | low_stats
v3 | 1 | cent10to20 | 1 | 1 | pT4to6 | 2 | low_stats
v3 | 1 | cent10to20 | 1 | 1 | pT4to6 | 3 | low_stats
v3 | 1 | cent10to20 | 1 | 1 | pT4to6 | 4 | low_stats
v3 | 1 | cent10to20 | 1 | 1 | pT4to6 | 5 | low_stats
v3 | 1 | cent10to20 | 1 | 1 | pT4to6 | 6 | low_stats
v3 | 1 | cent10to20 | 1 | 1 | pT4to6 | 7 | low_stats
v3 | 1 | cent10to20 | 1 | 1 | pT4to6 | 8 | low_sigma | TAIL | sigma=0.952868
v3 | 1 | cent10to20 | 1 | 1 | pT4to6 | 11 | low_stats
v3 | 1 | cent10to20 | 1 | 1 | pT4to6 | 12 | low_sigma | TAIL | sigma=0.423781
v3 | 1 | cent10to20 | 1 | 1 | pT4to6 | 14 | neg_yield | MID | sigma=-10
v3 | 1 | cent10to20 | 1 | 1 | pT4to6 | 15 | low_stats
v3 | 1 | cent10to20 | 1 | 1 | pT4to6 | 16 | neg_yield | MID | sigma=-10
v3 | 1 | cent10to20 | 1 | 1 | pT4to6 | 17 | low_stats
v3 | 1 | cent10to20 | 1 | 1 | pT4to6 | 18 | low_stats
v3 | 1 | cent10to20 | 1 | 1 | pT4to6 | 19 | neg_yield | MID | sigma=-10
v3 | 1 | cent10to20 | 1 | 1 | pT4to6 | 20 | low_sigma | MID | sigma=0.856336
v3 | 1 | cent10to20 | 1 | 1 | pT4to6 | 21 | neg_yield | MID | sigma=-10
v3 | 1 | cent10to20 | 1 | 1 | pT4to6 | 22 | low_sigma | MID | sigma=0.725959
v3 | 1 | cent10to20 | 1 | 1 | pT4to6 | 23 | low_stats
v3 | 1 | cent10to20 | 1 | 1 | pT4to6 | 24 | low_stats
v3 | 1 | cent10to20 | 1 | 1 | pT4to6 | 25 | low_stats
v3 | 1 | cent10to20 | 1 | 1 | pT4to6 | 26 | low_stats
v3 | 1 | cent10to20 | 1 | 1 | pT4to6 | 27 | low_stats
v3 | 1 | cent10to20 | 1 | 1 | pT4to6 | 28 | low_stats
v3 | 1 | cent10to20 | 1 | 1 | pT4to6 | 29 | low_stats
v3 | 1 | cent10to20 | 1 | 1 | pT4to6 | 30 | low_stats
v3 | 1 | cent10to20 | 1 | 1 | pT4to6 | 31 | low_stats
v3 | 1 | cent10to20 | 1 | 1 | pT4to6 | 32 | low_sigma | MID | sigma=0.866146
v3 | 1 | cent10to20 | 1 | 1 | pT4to6 | 33 | low_stats
v3 | 1 | cent10to20 | 1 | 1 | pT4to6 | 35 | low_stats
v3 | 1 | cent10to20 | 1 | 1 | pT4to6 | 38 | low_sigma | TAIL | sigma=0.471079
v3 | 1 | cent10to20 | 1 | 1 | pT4to6 | 40 | low_stats
v3 | 1 | cent10to20 | 1 | 1 | pT4to6 | 41 | low_stats
v3 | 1 | cent10to20 | 1 | 1 | pT4to6 | 42 | low_stats
v3 | 1 | cent10to20 | 1 | 1 | pT4to6 | 43 | low_stats
v3 | 1 | cent10to20 | 1 | 1 | pT4to6 | 44 | low_stats
v3 | 1 | cent10to20 | 1 | 1 | pT4to6 | 45 | low_stats
v3 | 1 | cent10to20 | 1 | 1 | pT4to6 | 46 | low_stats
v3 | 1 | cent10to20 | 1 | 1 | pT4to6 | 47 | low_stats
v3 | 1 | cent10to20 | 2 | 1 | pT4to6 | 0 | low_stats
v3 | 1 | cent10to20 | 2 | 1 | pT4to6 | 1 | low_stats
v3 | 1 | cent10to20 | 2 | 1 | pT4to6 | 2 | low_stats
v3 | 1 | cent10to20 | 2 | 1 | pT4to6 | 3 | low_stats
v3 | 1 | cent10to20 | 2 | 1 | pT4to6 | 4 | low_stats
v3 | 1 | cent10to20 | 2 | 1 | pT4to6 | 5 | low_stats
v3 | 1 | cent10to20 | 2 | 1 | pT4to6 | 6 | low_stats
v3 | 1 | cent10to20 | 2 | 1 | pT4to6 | 7 | low_stats
v3 | 1 | cent10to20 | 2 | 1 | pT4to6 | 8 | low_stats
v3 | 1 | cent10to20 | 2 | 1 | pT4to6 | 9 | low_stats
v3 | 1 | cent10to20 | 2 | 1 | pT4to6 | 10 | low_stats
v3 | 1 | cent10to20 | 2 | 1 | pT4to6 | 13 | low_stats
v3 | 1 | cent10to20 | 2 | 1 | pT4to6 | 14 | low_stats
v3 | 1 | cent10to20 | 2 | 1 | pT4to6 | 15 | low_stats
v3 | 1 | cent10to20 | 2 | 1 | pT4to6 | 16 | low_stats
v3 | 1 | cent10to20 | 2 | 1 | pT4to6 | 17 | low_sigma | MID | sigma=0.670954
v3 | 1 | cent10to20 | 2 | 1 | pT4to6 | 18 | low_stats
v3 | 1 | cent10to20 | 2 | 1 | pT4to6 | 19 | neg_yield | MID | sigma=-10
v3 | 1 | cent10to20 | 2 | 1 | pT4to6 | 20 | low_stats
v3 | 1 | cent10to20 | 2 | 1 | pT4to6 | 21 | low_stats
v3 | 1 | cent10to20 | 2 | 1 | pT4to6 | 22 | low_sigma | MID | sigma=0.46829
v3 | 1 | cent10to20 | 2 | 1 | pT4to6 | 23 | low_stats
v3 | 1 | cent10to20 | 2 | 1 | pT4to6 | 24 | low_stats
v3 | 1 | cent10to20 | 2 | 1 | pT4to6 | 25 | low_stats
v3 | 1 | cent10to20 | 2 | 1 | pT4to6 | 29 | neg_yield | MID | sigma=-10
v3 | 1 | cent10to20 | 2 | 1 | pT4to6 | 33 | low_stats
v3 | 1 | cent10to20 | 2 | 1 | pT4to6 | 38 | neg_yield | TAIL | sigma=-10
v3 | 1 | cent10to20 | 2 | 1 | pT4to6 | 39 | low_stats
v3 | 1 | cent10to20 | 2 | 1 | pT4to6 | 40 | low_stats
v3 | 1 | cent10to20 | 2 | 1 | pT4to6 | 41 | low_stats
v3 | 1 | cent10to20 | 2 | 1 | pT4to6 | 42 | low_stats
v3 | 1 | cent10to20 | 2 | 1 | pT4to6 | 43 | low_stats
v3 | 1 | cent10to20 | 2 | 1 | pT4to6 | 44 | low_stats
v3 | 1 | cent10to20 | 2 | 1 | pT4to6 | 45 | low_stats
v3 | 1 | cent10to20 | 2 | 1 | pT4to6 | 46 | low_stats
v3 | 1 | cent10to20 | 2 | 1 | pT4to6 | 47 | low_stats
v3 | 1 | cent10to20 | 3 | 1 | pT4to6 | 0 | low_stats
v3 | 1 | cent10to20 | 3 | 1 | pT4to6 | 1 | low_stats
v3 | 1 | cent10to20 | 3 | 1 | pT4to6 | 2 | low_stats
v3 | 1 | cent10to20 | 3 | 1 | pT4to6 | 3 | low_stats
v3 | 1 | cent10to20 | 3 | 1 | pT4to6 | 4 | low_stats
v3 | 1 | cent10to20 | 3 | 1 | pT4to6 | 5 | low_stats
v3 | 1 | cent10to20 | 3 | 1 | pT4to6 | 6 | low_stats
v3 | 1 | cent10to20 | 3 | 1 | pT4to6 | 7 | low_stats
v3 | 1 | cent10to20 | 3 | 1 | pT4to6 | 8 | low_stats
v3 | 1 | cent10to20 | 3 | 1 | pT4to6 | 9 | low_stats
v3 | 1 | cent10to20 | 3 | 1 | pT4to6 | 10 | low_stats
v3 | 1 | cent10to20 | 3 | 1 | pT4to6 | 11 | low_stats
v3 | 1 | cent10to20 | 3 | 1 | pT4to6 | 12 | neg_yield | TAIL | sigma=-10
v3 | 1 | cent10to20 | 3 | 1 | pT4to6 | 13 | low_sigma | TAIL | sigma=0.475655
v3 | 1 | cent10to20 | 3 | 1 | pT4to6 | 19 | low_sigma | MID | sigma=0.968001
v3 | 1 | cent10to20 | 3 | 1 | pT4to6 | 26 | neg_yield | MID | sigma=-10
v3 | 1 | cent10to20 | 3 | 1 | pT4to6 | 27 | neg_yield | MID | sigma=-10
v3 | 1 | cent10to20 | 3 | 1 | pT4to6 | 29 | neg_yield | MID | sigma=-10
v3 | 1 | cent10to20 | 3 | 1 | pT4to6 | 33 | neg_yield | MID | sigma=-10
v3 | 1 | cent10to20 | 3 | 1 | pT4to6 | 36 | low_sigma | TAIL | sigma=0.516448
v3 | 1 | cent10to20 | 3 | 1 | pT4to6 | 38 | low_stats
v3 | 1 | cent10to20 | 3 | 1 | pT4to6 | 39 | low_stats
v3 | 1 | cent10to20 | 3 | 1 | pT4to6 | 40 | low_stats
v3 | 1 | cent10to20 | 3 | 1 | pT4to6 | 41 | low_stats
v3 | 1 | cent10to20 | 3 | 1 | pT4to6 | 42 | low_stats
v3 | 1 | cent10to20 | 3 | 1 | pT4to6 | 43 | low_stats
v3 | 1 | cent10to20 | 3 | 1 | pT4to6 | 44 | low_stats
v3 | 1 | cent10to20 | 3 | 1 | pT4to6 | 45 | low_stats
v3 | 1 | cent10to20 | 3 | 1 | pT4to6 | 46 | low_stats
v3 | 1 | cent10to20 | 3 | 1 | pT4to6 | 47 | low_stats
v3 | 1 | cent10to20 | 4 | 1 | pT4to6 | 0 | low_stats
v3 | 1 | cent10to20 | 4 | 1 | pT4to6 | 1 | low_stats
v3 | 1 | cent10to20 | 4 | 1 | pT4to6 | 2 | low_stats
v3 | 1 | cent10to20 | 4 | 1 | pT4to6 | 3 | low_stats
v3 | 1 | cent10to20 | 4 | 1 | pT4to6 | 4 | low_stats
v3 | 1 | cent10to20 | 4 | 1 | pT4to6 | 5 | low_stats
v3 | 1 | cent10to20 | 4 | 1 | pT4to6 | 6 | low_stats
v3 | 1 | cent10to20 | 4 | 1 | pT4to6 | 7 | low_stats
v3 | 1 | cent10to20 | 4 | 1 | pT4to6 | 8 | low_stats
v3 | 1 | cent10to20 | 4 | 1 | pT4to6 | 9 | low_stats
v3 | 1 | cent10to20 | 4 | 1 | pT4to6 | 10 | low_stats
v3 | 1 | cent10to20 | 4 | 1 | pT4to6 | 11 | low_stats
v3 | 1 | cent10to20 | 4 | 1 | pT4to6 | 30 | low_sigma | MID | sigma=0.257929
v3 | 1 | cent10to20 | 4 | 1 | pT4to6 | 35 | neg_yield | TAIL | sigma=-10
v3 | 1 | cent10to20 | 4 | 1 | pT4to6 | 36 | low_stats
v3 | 1 | cent10to20 | 4 | 1 | pT4to6 | 37 | low_stats
v3 | 1 | cent10to20 | 4 | 1 | pT4to6 | 38 | low_stats
v3 | 1 | cent10to20 | 4 | 1 | pT4to6 | 39 | low_stats
v3 | 1 | cent10to20 | 4 | 1 | pT4to6 | 40 | low_stats
v3 | 1 | cent10to20 | 4 | 1 | pT4to6 | 41 | low_stats
v3 | 1 | cent10to20 | 4 | 1 | pT4to6 | 42 | low_stats
v3 | 1 | cent10to20 | 4 | 1 | pT4to6 | 43 | low_stats
v3 | 1 | cent10to20 | 4 | 1 | pT4to6 | 44 | low_stats
v3 | 1 | cent10to20 | 4 | 1 | pT4to6 | 45 | low_stats
v3 | 1 | cent10to20 | 4 | 1 | pT4to6 | 46 | low_stats
v3 | 1 | cent10to20 | 4 | 1 | pT4to6 | 47 | low_stats
v3 | 1 | cent10to20 | 5 | 1 | pT4to6 | 0 | low_stats
v3 | 1 | cent10to20 | 5 | 1 | pT4to6 | 1 | low_stats
v3 | 1 | cent10to20 | 5 | 1 | pT4to6 | 2 | low_stats
v3 | 1 | cent10to20 | 5 | 1 | pT4to6 | 3 | low_stats
v3 | 1 | cent10to20 | 5 | 1 | pT4to6 | 4 | low_stats
v3 | 1 | cent10to20 | 5 | 1 | pT4to6 | 5 | low_stats
v3 | 1 | cent10to20 | 5 | 1 | pT4to6 | 6 | low_stats
v3 | 1 | cent10to20 | 5 | 1 | pT4to6 | 7 | low_stats
v3 | 1 | cent10to20 | 5 | 1 | pT4to6 | 8 | low_stats
v3 | 1 | cent10to20 | 5 | 1 | pT4to6 | 9 | low_stats
v3 | 1 | cent10to20 | 5 | 1 | pT4to6 | 10 | low_stats
v3 | 1 | cent10to20 | 5 | 1 | pT4to6 | 11 | low_stats
v3 | 1 | cent10to20 | 5 | 1 | pT4to6 | 12 | low_stats
v3 | 1 | cent10to20 | 5 | 1 | pT4to6 | 13 | low_stats
v3 | 1 | cent10to20 | 5 | 1 | pT4to6 | 14 | low_stats
v3 | 1 | cent10to20 | 5 | 1 | pT4to6 | 17 | low_sigma | MID | sigma=0.676354
v3 | 1 | cent10to20 | 5 | 1 | pT4to6 | 19 | low_sigma | MID | sigma=0.808279
v3 | 1 | cent10to20 | 5 | 1 | pT4to6 | 25 | neg_yield | MID | sigma=-10
v3 | 1 | cent10to20 | 5 | 1 | pT4to6 | 27 | neg_yield | MID | sigma=-10
v3 | 1 | cent10to20 | 5 | 1 | pT4to6 | 28 | neg_yield | MID | sigma=-10
v3 | 1 | cent10to20 | 5 | 1 | pT4to6 | 35 | low_stats
v3 | 1 | cent10to20 | 5 | 1 | pT4to6 | 36 | low_stats
v3 | 1 | cent10to20 | 5 | 1 | pT4to6 | 37 | low_stats
v3 | 1 | cent10to20 | 5 | 1 | pT4to6 | 38 | low_stats
v3 | 1 | cent10to20 | 5 | 1 | pT4to6 | 39 | low_stats
v3 | 1 | cent10to20 | 5 | 1 | pT4to6 | 40 | low_stats
v3 | 1 | cent10to20 | 5 | 1 | pT4to6 | 41 | low_stats
v3 | 1 | cent10to20 | 5 | 1 | pT4to6 | 42 | low_stats
v3 | 1 | cent10to20 | 5 | 1 | pT4to6 | 43 | low_stats
v3 | 1 | cent10to20 | 5 | 1 | pT4to6 | 44 | low_stats
v3 | 1 | cent10to20 | 5 | 1 | pT4to6 | 45 | low_stats
v3 | 1 | cent10to20 | 5 | 1 | pT4to6 | 46 | low_stats
v3 | 1 | cent10to20 | 5 | 1 | pT4to6 | 47 | low_stats
v3 | 1 | cent10to20 | 6 | 1 | pT4to6 | 0 | low_stats
v3 | 1 | cent10to20 | 6 | 1 | pT4to6 | 1 | low_stats
v3 | 1 | cent10to20 | 6 | 1 | pT4to6 | 2 | low_stats
v3 | 1 | cent10to20 | 6 | 1 | pT4to6 | 3 | low_stats
v3 | 1 | cent10to20 | 6 | 1 | pT4to6 | 4 | low_stats
v3 | 1 | cent10to20 | 6 | 1 | pT4to6 | 5 | low_stats
v3 | 1 | cent10to20 | 6 | 1 | pT4to6 | 6 | low_stats
v3 | 1 | cent10to20 | 6 | 1 | pT4to6 | 7 | low_stats
v3 | 1 | cent10to20 | 6 | 1 | pT4to6 | 8 | low_stats
v3 | 1 | cent10to20 | 6 | 1 | pT4to6 | 9 | low_stats
v3 | 1 | cent10to20 | 6 | 1 | pT4to6 | 10 | low_stats
v3 | 1 | cent10to20 | 6 | 1 | pT4to6 | 11 | low_stats
v3 | 1 | cent10to20 | 6 | 1 | pT4to6 | 12 | low_stats
v3 | 1 | cent10to20 | 6 | 1 | pT4to6 | 13 | low_stats
v3 | 1 | cent10to20 | 6 | 1 | pT4to6 | 14 | low_stats
v3 | 1 | cent10to20 | 6 | 1 | pT4to6 | 18 | low_sigma | MID | sigma=0.952872
v3 | 1 | cent10to20 | 6 | 1 | pT4to6 | 23 | neg_yield | MID | sigma=-10
v3 | 1 | cent10to20 | 6 | 1 | pT4to6 | 26 | neg_yield | MID | sigma=-10
v3 | 1 | cent10to20 | 6 | 1 | pT4to6 | 31 | neg_yield | MID | sigma=-10
v3 | 1 | cent10to20 | 6 | 1 | pT4to6 | 33 | low_stats
v3 | 1 | cent10to20 | 6 | 1 | pT4to6 | 34 | low_stats
v3 | 1 | cent10to20 | 6 | 1 | pT4to6 | 35 | low_stats
v3 | 1 | cent10to20 | 6 | 1 | pT4to6 | 36 | low_stats
v3 | 1 | cent10to20 | 6 | 1 | pT4to6 | 37 | low_stats
v3 | 1 | cent10to20 | 6 | 1 | pT4to6 | 38 | low_stats
v3 | 1 | cent10to20 | 6 | 1 | pT4to6 | 39 | low_stats
v3 | 1 | cent10to20 | 6 | 1 | pT4to6 | 40 | low_stats
v3 | 1 | cent10to20 | 6 | 1 | pT4to6 | 41 | low_stats
v3 | 1 | cent10to20 | 6 | 1 | pT4to6 | 42 | low_stats
v3 | 1 | cent10to20 | 6 | 1 | pT4to6 | 43 | low_stats
v3 | 1 | cent10to20 | 6 | 1 | pT4to6 | 44 | low_stats
v3 | 1 | cent10to20 | 6 | 1 | pT4to6 | 45 | low_stats
v3 | 1 | cent10to20 | 6 | 1 | pT4to6 | 46 | low_stats
v3 | 1 | cent10to20 | 6 | 1 | pT4to6 | 47 | low_stats
v3 | 1 | cent10to20 | 7 | 1 | pT4to6 | 0 | low_stats
v3 | 1 | cent10to20 | 7 | 1 | pT4to6 | 1 | low_stats
v3 | 1 | cent10to20 | 7 | 1 | pT4to6 | 2 | low_stats
v3 | 1 | cent10to20 | 7 | 1 | pT4to6 | 3 | low_stats
v3 | 1 | cent10to20 | 7 | 1 | pT4to6 | 4 | low_stats
v3 | 1 | cent10to20 | 7 | 1 | pT4to6 | 5 | low_stats
v3 | 1 | cent10to20 | 7 | 1 | pT4to6 | 6 | low_stats
v3 | 1 | cent10to20 | 7 | 1 | pT4to6 | 7 | low_stats
v3 | 1 | cent10to20 | 7 | 1 | pT4to6 | 8 | low_stats
v3 | 1 | cent10to20 | 7 | 1 | pT4to6 | 9 | low_stats
v3 | 1 | cent10to20 | 7 | 1 | pT4to6 | 10 | low_stats
v3 | 1 | cent10to20 | 7 | 1 | pT4to6 | 11 | low_stats
v3 | 1 | cent10to20 | 7 | 1 | pT4to6 | 12 | low_stats
v3 | 1 | cent10to20 | 7 | 1 | pT4to6 | 13 | low_stats
v3 | 1 | cent10to20 | 7 | 1 | pT4to6 | 14 | low_stats
v3 | 1 | cent10to20 | 7 | 1 | pT4to6 | 15 | low_stats
v3 | 1 | cent10to20 | 7 | 1 | pT4to6 | 16 | low_stats
v3 | 1 | cent10to20 | 7 | 1 | pT4to6 | 17 | low_stats
v3 | 1 | cent10to20 | 7 | 1 | pT4to6 | 19 | neg_yield | MID | sigma=-10
v3 | 1 | cent10to20 | 7 | 1 | pT4to6 | 21 | neg_yield | MID | sigma=-10
v3 | 1 | cent10to20 | 7 | 1 | pT4to6 | 23 | neg_yield | MID | sigma=-10
v3 | 1 | cent10to20 | 7 | 1 | pT4to6 | 26 | low_sigma | MID | sigma=0.447282
v3 | 1 | cent10to20 | 7 | 1 | pT4to6 | 28 | neg_yield | MID | sigma=-10
v3 | 1 | cent10to20 | 7 | 1 | pT4to6 | 31 | neg_yield | MID | sigma=-10
v3 | 1 | cent10to20 | 7 | 1 | pT4to6 | 32 | low_stats
v3 | 1 | cent10to20 | 7 | 1 | pT4to6 | 33 | low_stats
v3 | 1 | cent10to20 | 7 | 1 | pT4to6 | 34 | low_stats
v3 | 1 | cent10to20 | 7 | 1 | pT4to6 | 35 | low_stats
v3 | 1 | cent10to20 | 7 | 1 | pT4to6 | 36 | low_stats
v3 | 1 | cent10to20 | 7 | 1 | pT4to6 | 37 | low_stats
v3 | 1 | cent10to20 | 7 | 1 | pT4to6 | 38 | low_stats
v3 | 1 | cent10to20 | 7 | 1 | pT4to6 | 39 | low_stats
v3 | 1 | cent10to20 | 7 | 1 | pT4to6 | 40 | low_stats
v3 | 1 | cent10to20 | 7 | 1 | pT4to6 | 41 | low_stats
v3 | 1 | cent10to20 | 7 | 1 | pT4to6 | 42 | low_stats
v3 | 1 | cent10to20 | 7 | 1 | pT4to6 | 43 | low_stats
v3 | 1 | cent10to20 | 7 | 1 | pT4to6 | 44 | low_stats
v3 | 1 | cent10to20 | 7 | 1 | pT4to6 | 45 | low_stats
v3 | 1 | cent10to20 | 7 | 1 | pT4to6 | 46 | low_stats
v3 | 1 | cent10to20 | 7 | 1 | pT4to6 | 47 | low_stats
v3 | 1 | cent10to20 | 8 | 1 | pT4to6 | 0 | low_stats
v3 | 1 | cent10to20 | 8 | 1 | pT4to6 | 1 | low_stats
v3 | 1 | cent10to20 | 8 | 1 | pT4to6 | 2 | low_stats
v3 | 1 | cent10to20 | 8 | 1 | pT4to6 | 3 | low_stats
v3 | 1 | cent10to20 | 8 | 1 | pT4to6 | 4 | low_stats
v3 | 1 | cent10to20 | 8 | 1 | pT4to6 | 5 | low_stats
v3 | 1 | cent10to20 | 8 | 1 | pT4to6 | 6 | low_stats
v3 | 1 | cent10to20 | 8 | 1 | pT4to6 | 7 | low_stats
v3 | 1 | cent10to20 | 8 | 1 | pT4to6 | 8 | low_stats
v3 | 1 | cent10to20 | 8 | 1 | pT4to6 | 9 | low_stats
v3 | 1 | cent10to20 | 8 | 1 | pT4to6 | 10 | low_stats
v3 | 1 | cent10to20 | 8 | 1 | pT4to6 | 11 | low_stats
v3 | 1 | cent10to20 | 8 | 1 | pT4to6 | 12 | low_stats
v3 | 1 | cent10to20 | 8 | 1 | pT4to6 | 13 | low_stats
v3 | 1 | cent10to20 | 8 | 1 | pT4to6 | 14 | low_stats
v3 | 1 | cent10to20 | 8 | 1 | pT4to6 | 15 | low_stats
v3 | 1 | cent10to20 | 8 | 1 | pT4to6 | 16 | low_stats
v3 | 1 | cent10to20 | 8 | 1 | pT4to6 | 17 | low_stats
v3 | 1 | cent10to20 | 8 | 1 | pT4to6 | 19 | low_stats
v3 | 1 | cent10to20 | 8 | 1 | pT4to6 | 25 | low_stats
v3 | 1 | cent10to20 | 8 | 1 | pT4to6 | 27 | neg_yield | MID | sigma=-10
v3 | 1 | cent10to20 | 8 | 1 | pT4to6 | 28 | low_sigma | MID | sigma=0.370753
v3 | 1 | cent10to20 | 8 | 1 | pT4to6 | 29 | neg_yield | MID | sigma=-10
v3 | 1 | cent10to20 | 8 | 1 | pT4to6 | 30 | neg_yield | MID | sigma=-10
v3 | 1 | cent10to20 | 8 | 1 | pT4to6 | 31 | low_stats
v3 | 1 | cent10to20 | 8 | 1 | pT4to6 | 32 | low_stats
v3 | 1 | cent10to20 | 8 | 1 | pT4to6 | 33 | low_stats
v3 | 1 | cent10to20 | 8 | 1 | pT4to6 | 34 | low_stats
v3 | 1 | cent10to20 | 8 | 1 | pT4to6 | 35 | low_stats
v3 | 1 | cent10to20 | 8 | 1 | pT4to6 | 36 | low_stats
v3 | 1 | cent10to20 | 8 | 1 | pT4to6 | 37 | low_stats
v3 | 1 | cent10to20 | 8 | 1 | pT4to6 | 38 | low_stats
v3 | 1 | cent10to20 | 8 | 1 | pT4to6 | 39 | low_stats
v3 | 1 | cent10to20 | 8 | 1 | pT4to6 | 40 | low_stats
v3 | 1 | cent10to20 | 8 | 1 | pT4to6 | 41 | low_stats
v3 | 1 | cent10to20 | 8 | 1 | pT4to6 | 42 | low_stats
v3 | 1 | cent10to20 | 8 | 1 | pT4to6 | 43 | low_stats
v3 | 1 | cent10to20 | 8 | 1 | pT4to6 | 44 | low_stats
v3 | 1 | cent10to20 | 8 | 1 | pT4to6 | 45 | low_stats
v3 | 1 | cent10to20 | 8 | 1 | pT4to6 | 46 | low_stats
v3 | 1 | cent10to20 | 8 | 1 | pT4to6 | 47 | low_stats
v3 | 1 | cent10to20 | 9 | 1 | pT4to6 | 0 | low_stats
v3 | 1 | cent10to20 | 9 | 1 | pT4to6 | 1 | low_stats
v3 | 1 | cent10to20 | 9 | 1 | pT4to6 | 2 | low_stats
v3 | 1 | cent10to20 | 9 | 1 | pT4to6 | 3 | low_stats
v3 | 1 | cent10to20 | 9 | 1 | pT4to6 | 4 | low_stats
v3 | 1 | cent10to20 | 9 | 1 | pT4to6 | 5 | low_stats
v3 | 1 | cent10to20 | 9 | 1 | pT4to6 | 6 | low_stats
v3 | 1 | cent10to20 | 9 | 1 | pT4to6 | 7 | low_stats
v3 | 1 | cent10to20 | 9 | 1 | pT4to6 | 8 | low_stats
v3 | 1 | cent10to20 | 9 | 1 | pT4to6 | 9 | low_stats
v3 | 1 | cent10to20 | 9 | 1 | pT4to6 | 10 | low_stats
v3 | 1 | cent10to20 | 9 | 1 | pT4to6 | 11 | low_stats
v3 | 1 | cent10to20 | 9 | 1 | pT4to6 | 12 | low_stats
v3 | 1 | cent10to20 | 9 | 1 | pT4to6 | 13 | low_stats
v3 | 1 | cent10to20 | 9 | 1 | pT4to6 | 14 | low_stats
v3 | 1 | cent10to20 | 9 | 1 | pT4to6 | 15 | low_stats
v3 | 1 | cent10to20 | 9 | 1 | pT4to6 | 16 | low_stats
v3 | 1 | cent10to20 | 9 | 1 | pT4to6 | 17 | low_stats
v3 | 1 | cent10to20 | 9 | 1 | pT4to6 | 18 | low_stats
v3 | 1 | cent10to20 | 9 | 1 | pT4to6 | 19 | low_stats
v3 | 1 | cent10to20 | 9 | 1 | pT4to6 | 20 | low_stats
v3 | 1 | cent10to20 | 9 | 1 | pT4to6 | 21 | low_stats
v3 | 1 | cent10to20 | 9 | 1 | pT4to6 | 22 | low_stats
v3 | 1 | cent10to20 | 9 | 1 | pT4to6 | 23 | low_stats
v3 | 1 | cent10to20 | 9 | 1 | pT4to6 | 24 | low_stats
v3 | 1 | cent10to20 | 9 | 1 | pT4to6 | 26 | low_stats
v3 | 1 | cent10to20 | 9 | 1 | pT4to6 | 27 | low_stats
v3 | 1 | cent10to20 | 9 | 1 | pT4to6 | 28 | low_stats
v3 | 1 | cent10to20 | 9 | 1 | pT4to6 | 29 | low_stats
v3 | 1 | cent10to20 | 9 | 1 | pT4to6 | 30 | low_stats
v3 | 1 | cent10to20 | 9 | 1 | pT4to6 | 31 | low_stats
v3 | 1 | cent10to20 | 9 | 1 | pT4to6 | 32 | low_stats
v3 | 1 | cent10to20 | 9 | 1 | pT4to6 | 33 | low_stats
v3 | 1 | cent10to20 | 9 | 1 | pT4to6 | 34 | low_stats
v3 | 1 | cent10to20 | 9 | 1 | pT4to6 | 35 | low_stats
v3 | 1 | cent10to20 | 9 | 1 | pT4to6 | 36 | low_stats
v3 | 1 | cent10to20 | 9 | 1 | pT4to6 | 37 | low_stats
v3 | 1 | cent10to20 | 9 | 1 | pT4to6 | 38 | low_stats
v3 | 1 | cent10to20 | 9 | 1 | pT4to6 | 39 | low_stats
v3 | 1 | cent10to20 | 9 | 1 | pT4to6 | 40 | low_stats
v3 | 1 | cent10to20 | 9 | 1 | pT4to6 | 41 | low_stats
v3 | 1 | cent10to20 | 9 | 1 | pT4to6 | 42 | low_stats
v3 | 1 | cent10to20 | 9 | 1 | pT4to6 | 43 | low_stats
v3 | 1 | cent10to20 | 9 | 1 | pT4to6 | 44 | low_stats
v3 | 1 | cent10to20 | 9 | 1 | pT4to6 | 45 | low_stats
v3 | 1 | cent10to20 | 9 | 1 | pT4to6 | 46 | low_stats
v3 | 1 | cent10to20 | 9 | 1 | pT4to6 | 47 | low_stats
v3 | 1 | cent10to20 | 10 | 1 | pT4to6 | 0 | low_stats
v3 | 1 | cent10to20 | 10 | 1 | pT4to6 | 1 | low_stats
v3 | 1 | cent10to20 | 10 | 1 | pT4to6 | 2 | low_stats
v3 | 1 | cent10to20 | 10 | 1 | pT4to6 | 3 | low_stats
v3 | 1 | cent10to20 | 10 | 1 | pT4to6 | 4 | low_stats
v3 | 1 | cent10to20 | 10 | 1 | pT4to6 | 5 | low_stats
v3 | 1 | cent10to20 | 10 | 1 | pT4to6 | 6 | low_stats
v3 | 1 | cent10to20 | 10 | 1 | pT4to6 | 7 | low_stats
v3 | 1 | cent10to20 | 10 | 1 | pT4to6 | 8 | low_stats
v3 | 1 | cent10to20 | 10 | 1 | pT4to6 | 9 | low_stats
v3 | 1 | cent10to20 | 10 | 1 | pT4to6 | 10 | low_stats
v3 | 1 | cent10to20 | 10 | 1 | pT4to6 | 11 | low_stats
v3 | 1 | cent10to20 | 10 | 1 | pT4to6 | 12 | low_stats
v3 | 1 | cent10to20 | 10 | 1 | pT4to6 | 13 | low_stats
v3 | 1 | cent10to20 | 10 | 1 | pT4to6 | 14 | low_stats
v3 | 1 | cent10to20 | 10 | 1 | pT4to6 | 15 | low_stats
v3 | 1 | cent10to20 | 10 | 1 | pT4to6 | 16 | low_stats
v3 | 1 | cent10to20 | 10 | 1 | pT4to6 | 17 | low_stats
v3 | 1 | cent10to20 | 10 | 1 | pT4to6 | 18 | low_stats
v3 | 1 | cent10to20 | 10 | 1 | pT4to6 | 19 | low_stats
v3 | 1 | cent10to20 | 10 | 1 | pT4to6 | 20 | low_stats
v3 | 1 | cent10to20 | 10 | 1 | pT4to6 | 21 | low_stats
v3 | 1 | cent10to20 | 10 | 1 | pT4to6 | 22 | low_stats
v3 | 1 | cent10to20 | 10 | 1 | pT4to6 | 23 | low_stats
v3 | 1 | cent10to20 | 10 | 1 | pT4to6 | 24 | low_stats
v3 | 1 | cent10to20 | 10 | 1 | pT4to6 | 25 | low_stats
v3 | 1 | cent10to20 | 10 | 1 | pT4to6 | 26 | low_stats
v3 | 1 | cent10to20 | 10 | 1 | pT4to6 | 27 | low_sigma | MID | sigma=0.534164
v3 | 1 | cent10to20 | 10 | 1 | pT4to6 | 28 | low_stats
v3 | 1 | cent10to20 | 10 | 1 | pT4to6 | 29 | low_stats
v3 | 1 | cent10to20 | 10 | 1 | pT4to6 | 30 | low_stats
v3 | 1 | cent10to20 | 10 | 1 | pT4to6 | 31 | low_stats
v3 | 1 | cent10to20 | 10 | 1 | pT4to6 | 32 | low_stats
v3 | 1 | cent10to20 | 10 | 1 | pT4to6 | 33 | low_stats
v3 | 1 | cent10to20 | 10 | 1 | pT4to6 | 34 | low_stats
v3 | 1 | cent10to20 | 10 | 1 | pT4to6 | 35 | low_stats
v3 | 1 | cent10to20 | 10 | 1 | pT4to6 | 36 | low_stats
v3 | 1 | cent10to20 | 10 | 1 | pT4to6 | 37 | low_stats
v3 | 1 | cent10to20 | 10 | 1 | pT4to6 | 38 | low_stats
v3 | 1 | cent10to20 | 10 | 1 | pT4to6 | 39 | low_stats
v3 | 1 | cent10to20 | 10 | 1 | pT4to6 | 40 | low_stats
v3 | 1 | cent10to20 | 10 | 1 | pT4to6 | 41 | low_stats
v3 | 1 | cent10to20 | 10 | 1 | pT4to6 | 42 | low_stats
v3 | 1 | cent10to20 | 10 | 1 | pT4to6 | 43 | low_stats
v3 | 1 | cent10to20 | 10 | 1 | pT4to6 | 44 | low_stats
v3 | 1 | cent10to20 | 10 | 1 | pT4to6 | 45 | low_stats
v3 | 1 | cent10to20 | 10 | 1 | pT4to6 | 46 | low_stats
v3 | 1 | cent10to20 | 10 | 1 | pT4to6 | 47 | low_stats
v3 | 1 | cent10to20 | 11 | 1 | pT4to6 | 0 | low_stats
v3 | 1 | cent10to20 | 11 | 1 | pT4to6 | 1 | low_stats
v3 | 1 | cent10to20 | 11 | 1 | pT4to6 | 2 | low_stats
v3 | 1 | cent10to20 | 11 | 1 | pT4to6 | 3 | low_stats
v3 | 1 | cent10to20 | 11 | 1 | pT4to6 | 4 | low_stats
v3 | 1 | cent10to20 | 11 | 1 | pT4to6 | 5 | low_stats
v3 | 1 | cent10to20 | 11 | 1 | pT4to6 | 6 | low_stats
v3 | 1 | cent10to20 | 11 | 1 | pT4to6 | 7 | low_stats
v3 | 1 | cent10to20 | 11 | 1 | pT4to6 | 8 | low_stats
v3 | 1 | cent10to20 | 11 | 1 | pT4to6 | 9 | low_stats
v3 | 1 | cent10to20 | 11 | 1 | pT4to6 | 10 | low_stats
v3 | 1 | cent10to20 | 11 | 1 | pT4to6 | 11 | low_stats
v3 | 1 | cent10to20 | 11 | 1 | pT4to6 | 12 | low_stats
v3 | 1 | cent10to20 | 11 | 1 | pT4to6 | 13 | low_stats
v3 | 1 | cent10to20 | 11 | 1 | pT4to6 | 14 | low_stats
v3 | 1 | cent10to20 | 11 | 1 | pT4to6 | 15 | low_stats
v3 | 1 | cent10to20 | 11 | 1 | pT4to6 | 16 | low_stats
v3 | 1 | cent10to20 | 11 | 1 | pT4to6 | 17 | low_stats
v3 | 1 | cent10to20 | 11 | 1 | pT4to6 | 18 | low_stats
v3 | 1 | cent10to20 | 11 | 1 | pT4to6 | 19 | low_stats
v3 | 1 | cent10to20 | 11 | 1 | pT4to6 | 20 | low_stats
v3 | 1 | cent10to20 | 11 | 1 | pT4to6 | 21 | low_stats
v3 | 1 | cent10to20 | 11 | 1 | pT4to6 | 22 | low_stats
v3 | 1 | cent10to20 | 11 | 1 | pT4to6 | 23 | low_stats
v3 | 1 | cent10to20 | 11 | 1 | pT4to6 | 24 | low_stats
v3 | 1 | cent10to20 | 11 | 1 | pT4to6 | 25 | low_stats
v3 | 1 | cent10to20 | 11 | 1 | pT4to6 | 26 | low_stats
v3 | 1 | cent10to20 | 11 | 1 | pT4to6 | 27 | low_stats
v3 | 1 | cent10to20 | 11 | 1 | pT4to6 | 29 | low_stats
v3 | 1 | cent10to20 | 11 | 1 | pT4to6 | 30 | low_stats
v3 | 1 | cent10to20 | 11 | 1 | pT4to6 | 31 | low_stats
v3 | 1 | cent10to20 | 11 | 1 | pT4to6 | 32 | low_stats
v3 | 1 | cent10to20 | 11 | 1 | pT4to6 | 33 | low_stats
v3 | 1 | cent10to20 | 11 | 1 | pT4to6 | 34 | low_stats
v3 | 1 | cent10to20 | 11 | 1 | pT4to6 | 35 | low_stats
v3 | 1 | cent10to20 | 11 | 1 | pT4to6 | 36 | low_stats
v3 | 1 | cent10to20 | 11 | 1 | pT4to6 | 37 | low_stats
v3 | 1 | cent10to20 | 11 | 1 | pT4to6 | 38 | low_stats
v3 | 1 | cent10to20 | 11 | 1 | pT4to6 | 39 | low_stats
v3 | 1 | cent10to20 | 11 | 1 | pT4to6 | 40 | low_stats
v3 | 1 | cent10to20 | 11 | 1 | pT4to6 | 41 | low_stats
v3 | 1 | cent10to20 | 11 | 1 | pT4to6 | 42 | low_stats
v3 | 1 | cent10to20 | 11 | 1 | pT4to6 | 43 | low_stats
v3 | 1 | cent10to20 | 11 | 1 | pT4to6 | 44 | low_stats
v3 | 1 | cent10to20 | 11 | 1 | pT4to6 | 45 | low_stats
v3 | 1 | cent10to20 | 11 | 1 | pT4to6 | 46 | low_stats
v3 | 1 | cent10to20 | 11 | 1 | pT4to6 | 47 | low_stats
v3 | 1 | cent10to20 | 0 | 2 | pT6to8 | 0 | low_stats
v3 | 1 | cent10to20 | 0 | 2 | pT6to8 | 1 | low_stats
v3 | 1 | cent10to20 | 0 | 2 | pT6to8 | 2 | low_stats
v3 | 1 | cent10to20 | 0 | 2 | pT6to8 | 3 | low_stats
v3 | 1 | cent10to20 | 0 | 2 | pT6to8 | 4 | low_stats
v3 | 1 | cent10to20 | 0 | 2 | pT6to8 | 5 | low_stats
v3 | 1 | cent10to20 | 0 | 2 | pT6to8 | 6 | low_stats
v3 | 1 | cent10to20 | 0 | 2 | pT6to8 | 7 | low_stats
v3 | 1 | cent10to20 | 0 | 2 | pT6to8 | 8 | low_stats
v3 | 1 | cent10to20 | 0 | 2 | pT6to8 | 9 | low_stats
v3 | 1 | cent10to20 | 0 | 2 | pT6to8 | 10 | low_stats
v3 | 1 | cent10to20 | 0 | 2 | pT6to8 | 11 | low_stats
v3 | 1 | cent10to20 | 0 | 2 | pT6to8 | 12 | low_stats
v3 | 1 | cent10to20 | 0 | 2 | pT6to8 | 13 | low_stats
v3 | 1 | cent10to20 | 0 | 2 | pT6to8 | 14 | low_stats
v3 | 1 | cent10to20 | 0 | 2 | pT6to8 | 15 | low_stats
v3 | 1 | cent10to20 | 0 | 2 | pT6to8 | 16 | low_stats
v3 | 1 | cent10to20 | 0 | 2 | pT6to8 | 17 | low_stats
v3 | 1 | cent10to20 | 0 | 2 | pT6to8 | 18 | low_stats
v3 | 1 | cent10to20 | 0 | 2 | pT6to8 | 19 | low_stats
v3 | 1 | cent10to20 | 0 | 2 | pT6to8 | 20 | low_stats
v3 | 1 | cent10to20 | 0 | 2 | pT6to8 | 21 | low_stats
v3 | 1 | cent10to20 | 0 | 2 | pT6to8 | 22 | low_stats
v3 | 1 | cent10to20 | 0 | 2 | pT6to8 | 23 | low_stats
v3 | 1 | cent10to20 | 0 | 2 | pT6to8 | 24 | low_stats
v3 | 1 | cent10to20 | 0 | 2 | pT6to8 | 25 | low_stats
v3 | 1 | cent10to20 | 0 | 2 | pT6to8 | 26 | low_stats
v3 | 1 | cent10to20 | 0 | 2 | pT6to8 | 27 | low_stats
v3 | 1 | cent10to20 | 0 | 2 | pT6to8 | 28 | low_stats
v3 | 1 | cent10to20 | 0 | 2 | pT6to8 | 29 | low_stats
v3 | 1 | cent10to20 | 0 | 2 | pT6to8 | 30 | low_stats
v3 | 1 | cent10to20 | 0 | 2 | pT6to8 | 31 | low_stats
v3 | 1 | cent10to20 | 0 | 2 | pT6to8 | 32 | low_stats
v3 | 1 | cent10to20 | 0 | 2 | pT6to8 | 33 | low_stats
v3 | 1 | cent10to20 | 0 | 2 | pT6to8 | 34 | low_stats
v3 | 1 | cent10to20 | 0 | 2 | pT6to8 | 35 | low_stats
v3 | 1 | cent10to20 | 0 | 2 | pT6to8 | 36 | low_stats
v3 | 1 | cent10to20 | 0 | 2 | pT6to8 | 37 | low_stats
v3 | 1 | cent10to20 | 0 | 2 | pT6to8 | 38 | low_stats
v3 | 1 | cent10to20 | 0 | 2 | pT6to8 | 39 | low_stats
v3 | 1 | cent10to20 | 0 | 2 | pT6to8 | 40 | low_stats
v3 | 1 | cent10to20 | 0 | 2 | pT6to8 | 41 | low_stats
v3 | 1 | cent10to20 | 0 | 2 | pT6to8 | 42 | low_stats
v3 | 1 | cent10to20 | 0 | 2 | pT6to8 | 43 | low_stats
v3 | 1 | cent10to20 | 0 | 2 | pT6to8 | 44 | low_stats
v3 | 1 | cent10to20 | 0 | 2 | pT6to8 | 45 | low_stats
v3 | 1 | cent10to20 | 0 | 2 | pT6to8 | 46 | low_stats
v3 | 1 | cent10to20 | 0 | 2 | pT6to8 | 47 | low_stats
v3 | 1 | cent10to20 | 1 | 2 | pT6to8 | 0 | low_stats
v3 | 1 | cent10to20 | 1 | 2 | pT6to8 | 1 | low_stats
v3 | 1 | cent10to20 | 1 | 2 | pT6to8 | 2 | low_stats
v3 | 1 | cent10to20 | 1 | 2 | pT6to8 | 3 | low_stats
v3 | 1 | cent10to20 | 1 | 2 | pT6to8 | 4 | low_stats
v3 | 1 | cent10to20 | 1 | 2 | pT6to8 | 5 | low_stats
v3 | 1 | cent10to20 | 1 | 2 | pT6to8 | 6 | low_stats
v3 | 1 | cent10to20 | 1 | 2 | pT6to8 | 7 | low_stats
v3 | 1 | cent10to20 | 1 | 2 | pT6to8 | 8 | low_stats
v3 | 1 | cent10to20 | 1 | 2 | pT6to8 | 9 | low_stats
v3 | 1 | cent10to20 | 1 | 2 | pT6to8 | 10 | low_stats
v3 | 1 | cent10to20 | 1 | 2 | pT6to8 | 11 | low_stats
v3 | 1 | cent10to20 | 1 | 2 | pT6to8 | 12 | low_stats
v3 | 1 | cent10to20 | 1 | 2 | pT6to8 | 13 | low_stats
v3 | 1 | cent10to20 | 1 | 2 | pT6to8 | 14 | low_stats
v3 | 1 | cent10to20 | 1 | 2 | pT6to8 | 15 | low_stats
v3 | 1 | cent10to20 | 1 | 2 | pT6to8 | 16 | low_stats
v3 | 1 | cent10to20 | 1 | 2 | pT6to8 | 17 | low_stats
v3 | 1 | cent10to20 | 1 | 2 | pT6to8 | 18 | low_stats
v3 | 1 | cent10to20 | 1 | 2 | pT6to8 | 19 | low_stats
v3 | 1 | cent10to20 | 1 | 2 | pT6to8 | 20 | low_stats
v3 | 1 | cent10to20 | 1 | 2 | pT6to8 | 21 | low_stats
v3 | 1 | cent10to20 | 1 | 2 | pT6to8 | 22 | low_stats
v3 | 1 | cent10to20 | 1 | 2 | pT6to8 | 23 | low_stats
v3 | 1 | cent10to20 | 1 | 2 | pT6to8 | 24 | low_stats
v3 | 1 | cent10to20 | 1 | 2 | pT6to8 | 25 | low_stats
v3 | 1 | cent10to20 | 1 | 2 | pT6to8 | 26 | low_stats
v3 | 1 | cent10to20 | 1 | 2 | pT6to8 | 27 | low_stats
v3 | 1 | cent10to20 | 1 | 2 | pT6to8 | 28 | low_stats
v3 | 1 | cent10to20 | 1 | 2 | pT6to8 | 29 | low_stats
v3 | 1 | cent10to20 | 1 | 2 | pT6to8 | 30 | low_stats
v3 | 1 | cent10to20 | 1 | 2 | pT6to8 | 31 | low_stats
v3 | 1 | cent10to20 | 1 | 2 | pT6to8 | 32 | low_stats
v3 | 1 | cent10to20 | 1 | 2 | pT6to8 | 33 | low_stats
v3 | 1 | cent10to20 | 1 | 2 | pT6to8 | 34 | low_stats
v3 | 1 | cent10to20 | 1 | 2 | pT6to8 | 35 | low_stats
v3 | 1 | cent10to20 | 1 | 2 | pT6to8 | 36 | low_stats
v3 | 1 | cent10to20 | 1 | 2 | pT6to8 | 37 | low_stats
v3 | 1 | cent10to20 | 1 | 2 | pT6to8 | 38 | low_stats
v3 | 1 | cent10to20 | 1 | 2 | pT6to8 | 39 | low_stats
v3 | 1 | cent10to20 | 1 | 2 | pT6to8 | 40 | low_stats
v3 | 1 | cent10to20 | 1 | 2 | pT6to8 | 41 | low_stats
v3 | 1 | cent10to20 | 1 | 2 | pT6to8 | 42 | low_stats
v3 | 1 | cent10to20 | 1 | 2 | pT6to8 | 43 | low_stats
v3 | 1 | cent10to20 | 1 | 2 | pT6to8 | 44 | low_stats
v3 | 1 | cent10to20 | 1 | 2 | pT6to8 | 45 | low_stats
v3 | 1 | cent10to20 | 1 | 2 | pT6to8 | 46 | low_stats
v3 | 1 | cent10to20 | 1 | 2 | pT6to8 | 47 | low_stats
v3 | 1 | cent10to20 | 2 | 2 | pT6to8 | 0 | low_stats
v3 | 1 | cent10to20 | 2 | 2 | pT6to8 | 1 | low_stats
v3 | 1 | cent10to20 | 2 | 2 | pT6to8 | 2 | low_stats
v3 | 1 | cent10to20 | 2 | 2 | pT6to8 | 3 | low_stats
v3 | 1 | cent10to20 | 2 | 2 | pT6to8 | 4 | low_stats
v3 | 1 | cent10to20 | 2 | 2 | pT6to8 | 5 | low_stats
v3 | 1 | cent10to20 | 2 | 2 | pT6to8 | 6 | low_stats
v3 | 1 | cent10to20 | 2 | 2 | pT6to8 | 7 | low_stats
v3 | 1 | cent10to20 | 2 | 2 | pT6to8 | 8 | low_stats
v3 | 1 | cent10to20 | 2 | 2 | pT6to8 | 9 | low_stats
v3 | 1 | cent10to20 | 2 | 2 | pT6to8 | 10 | low_stats
v3 | 1 | cent10to20 | 2 | 2 | pT6to8 | 11 | low_stats
v3 | 1 | cent10to20 | 2 | 2 | pT6to8 | 12 | low_stats
v3 | 1 | cent10to20 | 2 | 2 | pT6to8 | 13 | low_stats
v3 | 1 | cent10to20 | 2 | 2 | pT6to8 | 14 | low_stats
v3 | 1 | cent10to20 | 2 | 2 | pT6to8 | 15 | low_stats
v3 | 1 | cent10to20 | 2 | 2 | pT6to8 | 16 | low_stats
v3 | 1 | cent10to20 | 2 | 2 | pT6to8 | 17 | low_stats
v3 | 1 | cent10to20 | 2 | 2 | pT6to8 | 18 | low_stats
v3 | 1 | cent10to20 | 2 | 2 | pT6to8 | 19 | low_stats
v3 | 1 | cent10to20 | 2 | 2 | pT6to8 | 20 | low_stats
v3 | 1 | cent10to20 | 2 | 2 | pT6to8 | 21 | low_stats
v3 | 1 | cent10to20 | 2 | 2 | pT6to8 | 22 | low_stats
v3 | 1 | cent10to20 | 2 | 2 | pT6to8 | 23 | low_stats
v3 | 1 | cent10to20 | 2 | 2 | pT6to8 | 24 | low_stats
v3 | 1 | cent10to20 | 2 | 2 | pT6to8 | 25 | low_stats
v3 | 1 | cent10to20 | 2 | 2 | pT6to8 | 26 | low_stats
v3 | 1 | cent10to20 | 2 | 2 | pT6to8 | 27 | low_stats
v3 | 1 | cent10to20 | 2 | 2 | pT6to8 | 28 | low_stats
v3 | 1 | cent10to20 | 2 | 2 | pT6to8 | 29 | low_stats
v3 | 1 | cent10to20 | 2 | 2 | pT6to8 | 30 | low_stats
v3 | 1 | cent10to20 | 2 | 2 | pT6to8 | 31 | low_stats
v3 | 1 | cent10to20 | 2 | 2 | pT6to8 | 32 | low_stats
v3 | 1 | cent10to20 | 2 | 2 | pT6to8 | 33 | low_stats
v3 | 1 | cent10to20 | 2 | 2 | pT6to8 | 34 | low_stats
v3 | 1 | cent10to20 | 2 | 2 | pT6to8 | 35 | low_stats
v3 | 1 | cent10to20 | 2 | 2 | pT6to8 | 36 | low_stats
v3 | 1 | cent10to20 | 2 | 2 | pT6to8 | 37 | low_stats
v3 | 1 | cent10to20 | 2 | 2 | pT6to8 | 38 | low_stats
v3 | 1 | cent10to20 | 2 | 2 | pT6to8 | 39 | low_stats
v3 | 1 | cent10to20 | 2 | 2 | pT6to8 | 40 | low_stats
v3 | 1 | cent10to20 | 2 | 2 | pT6to8 | 41 | low_stats
v3 | 1 | cent10to20 | 2 | 2 | pT6to8 | 42 | low_stats
v3 | 1 | cent10to20 | 2 | 2 | pT6to8 | 43 | low_stats
v3 | 1 | cent10to20 | 2 | 2 | pT6to8 | 44 | low_stats
v3 | 1 | cent10to20 | 2 | 2 | pT6to8 | 45 | low_stats
v3 | 1 | cent10to20 | 2 | 2 | pT6to8 | 46 | low_stats
v3 | 1 | cent10to20 | 2 | 2 | pT6to8 | 47 | low_stats
v3 | 1 | cent10to20 | 3 | 2 | pT6to8 | 0 | low_stats
v3 | 1 | cent10to20 | 3 | 2 | pT6to8 | 1 | low_stats
v3 | 1 | cent10to20 | 3 | 2 | pT6to8 | 2 | low_stats
v3 | 1 | cent10to20 | 3 | 2 | pT6to8 | 3 | low_stats
v3 | 1 | cent10to20 | 3 | 2 | pT6to8 | 4 | low_stats
v3 | 1 | cent10to20 | 3 | 2 | pT6to8 | 5 | low_stats
v3 | 1 | cent10to20 | 3 | 2 | pT6to8 | 6 | low_stats
v3 | 1 | cent10to20 | 3 | 2 | pT6to8 | 7 | low_stats
v3 | 1 | cent10to20 | 3 | 2 | pT6to8 | 8 | low_stats
v3 | 1 | cent10to20 | 3 | 2 | pT6to8 | 9 | low_stats
v3 | 1 | cent10to20 | 3 | 2 | pT6to8 | 10 | low_stats
v3 | 1 | cent10to20 | 3 | 2 | pT6to8 | 11 | low_stats
v3 | 1 | cent10to20 | 3 | 2 | pT6to8 | 12 | low_stats
v3 | 1 | cent10to20 | 3 | 2 | pT6to8 | 13 | low_stats
v3 | 1 | cent10to20 | 3 | 2 | pT6to8 | 14 | low_stats
v3 | 1 | cent10to20 | 3 | 2 | pT6to8 | 15 | low_stats
v3 | 1 | cent10to20 | 3 | 2 | pT6to8 | 16 | low_stats
v3 | 1 | cent10to20 | 3 | 2 | pT6to8 | 17 | low_stats
v3 | 1 | cent10to20 | 3 | 2 | pT6to8 | 18 | low_stats
v3 | 1 | cent10to20 | 3 | 2 | pT6to8 | 19 | low_stats
v3 | 1 | cent10to20 | 3 | 2 | pT6to8 | 20 | low_stats
v3 | 1 | cent10to20 | 3 | 2 | pT6to8 | 21 | low_stats
v3 | 1 | cent10to20 | 3 | 2 | pT6to8 | 22 | low_stats
v3 | 1 | cent10to20 | 3 | 2 | pT6to8 | 23 | low_stats
v3 | 1 | cent10to20 | 3 | 2 | pT6to8 | 24 | low_stats
v3 | 1 | cent10to20 | 3 | 2 | pT6to8 | 25 | low_stats
v3 | 1 | cent10to20 | 3 | 2 | pT6to8 | 26 | low_stats
v3 | 1 | cent10to20 | 3 | 2 | pT6to8 | 27 | low_stats
v3 | 1 | cent10to20 | 3 | 2 | pT6to8 | 28 | low_stats
v3 | 1 | cent10to20 | 3 | 2 | pT6to8 | 29 | low_stats
v3 | 1 | cent10to20 | 3 | 2 | pT6to8 | 30 | low_stats
v3 | 1 | cent10to20 | 3 | 2 | pT6to8 | 31 | low_stats
v3 | 1 | cent10to20 | 3 | 2 | pT6to8 | 32 | low_stats
v3 | 1 | cent10to20 | 3 | 2 | pT6to8 | 33 | low_stats
v3 | 1 | cent10to20 | 3 | 2 | pT6to8 | 34 | low_stats
v3 | 1 | cent10to20 | 3 | 2 | pT6to8 | 35 | low_stats
v3 | 1 | cent10to20 | 3 | 2 | pT6to8 | 36 | low_stats
v3 | 1 | cent10to20 | 3 | 2 | pT6to8 | 37 | low_stats
v3 | 1 | cent10to20 | 3 | 2 | pT6to8 | 38 | low_stats
v3 | 1 | cent10to20 | 3 | 2 | pT6to8 | 39 | low_stats
v3 | 1 | cent10to20 | 3 | 2 | pT6to8 | 40 | low_stats
v3 | 1 | cent10to20 | 3 | 2 | pT6to8 | 41 | low_stats
v3 | 1 | cent10to20 | 3 | 2 | pT6to8 | 42 | low_stats
v3 | 1 | cent10to20 | 3 | 2 | pT6to8 | 43 | low_stats
v3 | 1 | cent10to20 | 3 | 2 | pT6to8 | 44 | low_stats
v3 | 1 | cent10to20 | 3 | 2 | pT6to8 | 45 | low_stats
v3 | 1 | cent10to20 | 3 | 2 | pT6to8 | 46 | low_stats
v3 | 1 | cent10to20 | 3 | 2 | pT6to8 | 47 | low_stats
v3 | 1 | cent10to20 | 4 | 2 | pT6to8 | 0 | low_stats
v3 | 1 | cent10to20 | 4 | 2 | pT6to8 | 1 | low_stats
v3 | 1 | cent10to20 | 4 | 2 | pT6to8 | 2 | low_stats
v3 | 1 | cent10to20 | 4 | 2 | pT6to8 | 3 | low_stats
v3 | 1 | cent10to20 | 4 | 2 | pT6to8 | 4 | low_stats
v3 | 1 | cent10to20 | 4 | 2 | pT6to8 | 5 | low_stats
v3 | 1 | cent10to20 | 4 | 2 | pT6to8 | 6 | low_stats
v3 | 1 | cent10to20 | 4 | 2 | pT6to8 | 7 | low_stats
v3 | 1 | cent10to20 | 4 | 2 | pT6to8 | 8 | low_stats
v3 | 1 | cent10to20 | 4 | 2 | pT6to8 | 9 | low_stats
v3 | 1 | cent10to20 | 4 | 2 | pT6to8 | 10 | low_stats
v3 | 1 | cent10to20 | 4 | 2 | pT6to8 | 11 | low_stats
v3 | 1 | cent10to20 | 4 | 2 | pT6to8 | 12 | low_stats
v3 | 1 | cent10to20 | 4 | 2 | pT6to8 | 13 | low_stats
v3 | 1 | cent10to20 | 4 | 2 | pT6to8 | 14 | low_stats
v3 | 1 | cent10to20 | 4 | 2 | pT6to8 | 15 | low_stats
v3 | 1 | cent10to20 | 4 | 2 | pT6to8 | 16 | low_stats
v3 | 1 | cent10to20 | 4 | 2 | pT6to8 | 17 | low_stats
v3 | 1 | cent10to20 | 4 | 2 | pT6to8 | 18 | low_stats
v3 | 1 | cent10to20 | 4 | 2 | pT6to8 | 19 | low_stats
v3 | 1 | cent10to20 | 4 | 2 | pT6to8 | 20 | low_stats
v3 | 1 | cent10to20 | 4 | 2 | pT6to8 | 21 | low_stats
v3 | 1 | cent10to20 | 4 | 2 | pT6to8 | 23 | low_stats
v3 | 1 | cent10to20 | 4 | 2 | pT6to8 | 24 | low_stats
v3 | 1 | cent10to20 | 4 | 2 | pT6to8 | 25 | low_stats
v3 | 1 | cent10to20 | 4 | 2 | pT6to8 | 26 | low_stats
v3 | 1 | cent10to20 | 4 | 2 | pT6to8 | 27 | low_stats
v3 | 1 | cent10to20 | 4 | 2 | pT6to8 | 28 | low_stats
v3 | 1 | cent10to20 | 4 | 2 | pT6to8 | 29 | low_stats
v3 | 1 | cent10to20 | 4 | 2 | pT6to8 | 30 | low_stats
v3 | 1 | cent10to20 | 4 | 2 | pT6to8 | 31 | low_stats
v3 | 1 | cent10to20 | 4 | 2 | pT6to8 | 32 | low_stats
v3 | 1 | cent10to20 | 4 | 2 | pT6to8 | 33 | low_stats
v3 | 1 | cent10to20 | 4 | 2 | pT6to8 | 34 | low_stats
v3 | 1 | cent10to20 | 4 | 2 | pT6to8 | 35 | low_stats
v3 | 1 | cent10to20 | 4 | 2 | pT6to8 | 36 | low_stats
v3 | 1 | cent10to20 | 4 | 2 | pT6to8 | 37 | low_stats
v3 | 1 | cent10to20 | 4 | 2 | pT6to8 | 38 | low_stats
v3 | 1 | cent10to20 | 4 | 2 | pT6to8 | 39 | low_stats
v3 | 1 | cent10to20 | 4 | 2 | pT6to8 | 40 | low_stats
v3 | 1 | cent10to20 | 4 | 2 | pT6to8 | 41 | low_stats
v3 | 1 | cent10to20 | 4 | 2 | pT6to8 | 42 | low_stats
v3 | 1 | cent10to20 | 4 | 2 | pT6to8 | 43 | low_stats
v3 | 1 | cent10to20 | 4 | 2 | pT6to8 | 44 | low_stats
v3 | 1 | cent10to20 | 4 | 2 | pT6to8 | 45 | low_stats
v3 | 1 | cent10to20 | 4 | 2 | pT6to8 | 46 | low_stats
v3 | 1 | cent10to20 | 4 | 2 | pT6to8 | 47 | low_stats
v3 | 1 | cent10to20 | 5 | 2 | pT6to8 | 0 | low_stats
v3 | 1 | cent10to20 | 5 | 2 | pT6to8 | 1 | low_stats
v3 | 1 | cent10to20 | 5 | 2 | pT6to8 | 2 | low_stats
v3 | 1 | cent10to20 | 5 | 2 | pT6to8 | 3 | low_stats
v3 | 1 | cent10to20 | 5 | 2 | pT6to8 | 4 | low_stats
v3 | 1 | cent10to20 | 5 | 2 | pT6to8 | 5 | low_stats
v3 | 1 | cent10to20 | 5 | 2 | pT6to8 | 6 | low_stats
v3 | 1 | cent10to20 | 5 | 2 | pT6to8 | 7 | low_stats
v3 | 1 | cent10to20 | 5 | 2 | pT6to8 | 8 | low_stats
v3 | 1 | cent10to20 | 5 | 2 | pT6to8 | 9 | low_stats
v3 | 1 | cent10to20 | 5 | 2 | pT6to8 | 10 | low_stats
v3 | 1 | cent10to20 | 5 | 2 | pT6to8 | 11 | low_stats
v3 | 1 | cent10to20 | 5 | 2 | pT6to8 | 12 | low_stats
v3 | 1 | cent10to20 | 5 | 2 | pT6to8 | 13 | low_stats
v3 | 1 | cent10to20 | 5 | 2 | pT6to8 | 14 | low_stats
v3 | 1 | cent10to20 | 5 | 2 | pT6to8 | 15 | low_stats
v3 | 1 | cent10to20 | 5 | 2 | pT6to8 | 16 | low_stats
v3 | 1 | cent10to20 | 5 | 2 | pT6to8 | 17 | low_stats
v3 | 1 | cent10to20 | 5 | 2 | pT6to8 | 18 | low_stats
v3 | 1 | cent10to20 | 5 | 2 | pT6to8 | 19 | low_stats
v3 | 1 | cent10to20 | 5 | 2 | pT6to8 | 20 | low_stats
v3 | 1 | cent10to20 | 5 | 2 | pT6to8 | 21 | low_stats
v3 | 1 | cent10to20 | 5 | 2 | pT6to8 | 22 | low_stats
v3 | 1 | cent10to20 | 5 | 2 | pT6to8 | 23 | low_stats
v3 | 1 | cent10to20 | 5 | 2 | pT6to8 | 24 | low_stats
v3 | 1 | cent10to20 | 5 | 2 | pT6to8 | 25 | low_stats
v3 | 1 | cent10to20 | 5 | 2 | pT6to8 | 26 | low_stats
v3 | 1 | cent10to20 | 5 | 2 | pT6to8 | 27 | low_stats
v3 | 1 | cent10to20 | 5 | 2 | pT6to8 | 28 | low_stats
v3 | 1 | cent10to20 | 5 | 2 | pT6to8 | 29 | low_stats
v3 | 1 | cent10to20 | 5 | 2 | pT6to8 | 30 | low_stats
v3 | 1 | cent10to20 | 5 | 2 | pT6to8 | 31 | low_stats
v3 | 1 | cent10to20 | 5 | 2 | pT6to8 | 32 | low_stats
v3 | 1 | cent10to20 | 5 | 2 | pT6to8 | 33 | low_stats
v3 | 1 | cent10to20 | 5 | 2 | pT6to8 | 34 | low_stats
v3 | 1 | cent10to20 | 5 | 2 | pT6to8 | 35 | low_stats
v3 | 1 | cent10to20 | 5 | 2 | pT6to8 | 36 | low_stats
v3 | 1 | cent10to20 | 5 | 2 | pT6to8 | 37 | low_stats
v3 | 1 | cent10to20 | 5 | 2 | pT6to8 | 38 | low_stats
v3 | 1 | cent10to20 | 5 | 2 | pT6to8 | 39 | low_stats
v3 | 1 | cent10to20 | 5 | 2 | pT6to8 | 40 | low_stats
v3 | 1 | cent10to20 | 5 | 2 | pT6to8 | 41 | low_stats
v3 | 1 | cent10to20 | 5 | 2 | pT6to8 | 42 | low_stats
v3 | 1 | cent10to20 | 5 | 2 | pT6to8 | 43 | low_stats
v3 | 1 | cent10to20 | 5 | 2 | pT6to8 | 44 | low_stats
v3 | 1 | cent10to20 | 5 | 2 | pT6to8 | 45 | low_stats
v3 | 1 | cent10to20 | 5 | 2 | pT6to8 | 46 | low_stats
v3 | 1 | cent10to20 | 5 | 2 | pT6to8 | 47 | low_stats
v3 | 1 | cent10to20 | 6 | 2 | pT6to8 | 0 | low_stats
v3 | 1 | cent10to20 | 6 | 2 | pT6to8 | 1 | low_stats
v3 | 1 | cent10to20 | 6 | 2 | pT6to8 | 2 | low_stats
v3 | 1 | cent10to20 | 6 | 2 | pT6to8 | 3 | low_stats
v3 | 1 | cent10to20 | 6 | 2 | pT6to8 | 4 | low_stats
v3 | 1 | cent10to20 | 6 | 2 | pT6to8 | 5 | low_stats
v3 | 1 | cent10to20 | 6 | 2 | pT6to8 | 6 | low_stats
v3 | 1 | cent10to20 | 6 | 2 | pT6to8 | 7 | low_stats
v3 | 1 | cent10to20 | 6 | 2 | pT6to8 | 8 | low_stats
v3 | 1 | cent10to20 | 6 | 2 | pT6to8 | 9 | low_stats
v3 | 1 | cent10to20 | 6 | 2 | pT6to8 | 10 | low_stats
v3 | 1 | cent10to20 | 6 | 2 | pT6to8 | 11 | low_stats
v3 | 1 | cent10to20 | 6 | 2 | pT6to8 | 12 | low_stats
v3 | 1 | cent10to20 | 6 | 2 | pT6to8 | 13 | low_stats
v3 | 1 | cent10to20 | 6 | 2 | pT6to8 | 14 | low_stats
v3 | 1 | cent10to20 | 6 | 2 | pT6to8 | 15 | low_stats
v3 | 1 | cent10to20 | 6 | 2 | pT6to8 | 16 | low_stats
v3 | 1 | cent10to20 | 6 | 2 | pT6to8 | 17 | low_stats
v3 | 1 | cent10to20 | 6 | 2 | pT6to8 | 18 | low_stats
v3 | 1 | cent10to20 | 6 | 2 | pT6to8 | 19 | low_stats
v3 | 1 | cent10to20 | 6 | 2 | pT6to8 | 20 | low_stats
v3 | 1 | cent10to20 | 6 | 2 | pT6to8 | 21 | low_stats
v3 | 1 | cent10to20 | 6 | 2 | pT6to8 | 22 | low_stats
v3 | 1 | cent10to20 | 6 | 2 | pT6to8 | 23 | low_stats
v3 | 1 | cent10to20 | 6 | 2 | pT6to8 | 24 | low_stats
v3 | 1 | cent10to20 | 6 | 2 | pT6to8 | 25 | low_stats
v3 | 1 | cent10to20 | 6 | 2 | pT6to8 | 26 | low_stats
v3 | 1 | cent10to20 | 6 | 2 | pT6to8 | 27 | low_stats
v3 | 1 | cent10to20 | 6 | 2 | pT6to8 | 28 | low_stats
v3 | 1 | cent10to20 | 6 | 2 | pT6to8 | 29 | low_stats
v3 | 1 | cent10to20 | 6 | 2 | pT6to8 | 30 | low_stats
v3 | 1 | cent10to20 | 6 | 2 | pT6to8 | 31 | low_stats
v3 | 1 | cent10to20 | 6 | 2 | pT6to8 | 32 | low_stats
v3 | 1 | cent10to20 | 6 | 2 | pT6to8 | 33 | low_stats
v3 | 1 | cent10to20 | 6 | 2 | pT6to8 | 34 | low_stats
v3 | 1 | cent10to20 | 6 | 2 | pT6to8 | 35 | low_stats
v3 | 1 | cent10to20 | 6 | 2 | pT6to8 | 36 | low_stats
v3 | 1 | cent10to20 | 6 | 2 | pT6to8 | 37 | low_stats
v3 | 1 | cent10to20 | 6 | 2 | pT6to8 | 38 | low_stats
v3 | 1 | cent10to20 | 6 | 2 | pT6to8 | 39 | low_stats
v3 | 1 | cent10to20 | 6 | 2 | pT6to8 | 40 | low_stats
v3 | 1 | cent10to20 | 6 | 2 | pT6to8 | 41 | low_stats
v3 | 1 | cent10to20 | 6 | 2 | pT6to8 | 42 | low_stats
v3 | 1 | cent10to20 | 6 | 2 | pT6to8 | 43 | low_stats
v3 | 1 | cent10to20 | 6 | 2 | pT6to8 | 44 | low_stats
v3 | 1 | cent10to20 | 6 | 2 | pT6to8 | 45 | low_stats
v3 | 1 | cent10to20 | 6 | 2 | pT6to8 | 46 | low_stats
v3 | 1 | cent10to20 | 6 | 2 | pT6to8 | 47 | low_stats
v3 | 1 | cent10to20 | 7 | 2 | pT6to8 | 0 | low_stats
v3 | 1 | cent10to20 | 7 | 2 | pT6to8 | 1 | low_stats
v3 | 1 | cent10to20 | 7 | 2 | pT6to8 | 2 | low_stats
v3 | 1 | cent10to20 | 7 | 2 | pT6to8 | 3 | low_stats
v3 | 1 | cent10to20 | 7 | 2 | pT6to8 | 4 | low_stats
v3 | 1 | cent10to20 | 7 | 2 | pT6to8 | 5 | low_stats
v3 | 1 | cent10to20 | 7 | 2 | pT6to8 | 6 | low_stats
v3 | 1 | cent10to20 | 7 | 2 | pT6to8 | 7 | low_stats
v3 | 1 | cent10to20 | 7 | 2 | pT6to8 | 8 | low_stats
v3 | 1 | cent10to20 | 7 | 2 | pT6to8 | 9 | low_stats
v3 | 1 | cent10to20 | 7 | 2 | pT6to8 | 10 | low_stats
v3 | 1 | cent10to20 | 7 | 2 | pT6to8 | 11 | low_stats
v3 | 1 | cent10to20 | 7 | 2 | pT6to8 | 12 | low_stats
v3 | 1 | cent10to20 | 7 | 2 | pT6to8 | 13 | low_stats
v3 | 1 | cent10to20 | 7 | 2 | pT6to8 | 14 | low_stats
v3 | 1 | cent10to20 | 7 | 2 | pT6to8 | 15 | low_stats
v3 | 1 | cent10to20 | 7 | 2 | pT6to8 | 16 | low_stats
v3 | 1 | cent10to20 | 7 | 2 | pT6to8 | 17 | low_stats
v3 | 1 | cent10to20 | 7 | 2 | pT6to8 | 18 | low_stats
v3 | 1 | cent10to20 | 7 | 2 | pT6to8 | 19 | low_stats
v3 | 1 | cent10to20 | 7 | 2 | pT6to8 | 20 | low_stats
v3 | 1 | cent10to20 | 7 | 2 | pT6to8 | 21 | low_stats
v3 | 1 | cent10to20 | 7 | 2 | pT6to8 | 22 | low_stats
v3 | 1 | cent10to20 | 7 | 2 | pT6to8 | 23 | low_stats
v3 | 1 | cent10to20 | 7 | 2 | pT6to8 | 24 | low_stats
v3 | 1 | cent10to20 | 7 | 2 | pT6to8 | 25 | low_stats
v3 | 1 | cent10to20 | 7 | 2 | pT6to8 | 26 | low_stats
v3 | 1 | cent10to20 | 7 | 2 | pT6to8 | 27 | low_stats
v3 | 1 | cent10to20 | 7 | 2 | pT6to8 | 28 | low_stats
v3 | 1 | cent10to20 | 7 | 2 | pT6to8 | 29 | low_stats
v3 | 1 | cent10to20 | 7 | 2 | pT6to8 | 30 | low_stats
v3 | 1 | cent10to20 | 7 | 2 | pT6to8 | 31 | low_stats
v3 | 1 | cent10to20 | 7 | 2 | pT6to8 | 32 | low_stats
v3 | 1 | cent10to20 | 7 | 2 | pT6to8 | 33 | low_stats
v3 | 1 | cent10to20 | 7 | 2 | pT6to8 | 34 | low_stats
v3 | 1 | cent10to20 | 7 | 2 | pT6to8 | 35 | low_stats
v3 | 1 | cent10to20 | 7 | 2 | pT6to8 | 36 | low_stats
v3 | 1 | cent10to20 | 7 | 2 | pT6to8 | 37 | low_stats
v3 | 1 | cent10to20 | 7 | 2 | pT6to8 | 38 | low_stats
v3 | 1 | cent10to20 | 7 | 2 | pT6to8 | 39 | low_stats
v3 | 1 | cent10to20 | 7 | 2 | pT6to8 | 40 | low_stats
v3 | 1 | cent10to20 | 7 | 2 | pT6to8 | 41 | low_stats
v3 | 1 | cent10to20 | 7 | 2 | pT6to8 | 42 | low_stats
v3 | 1 | cent10to20 | 7 | 2 | pT6to8 | 43 | low_stats
v3 | 1 | cent10to20 | 7 | 2 | pT6to8 | 44 | low_stats
v3 | 1 | cent10to20 | 7 | 2 | pT6to8 | 45 | low_stats
v3 | 1 | cent10to20 | 7 | 2 | pT6to8 | 46 | low_stats
v3 | 1 | cent10to20 | 7 | 2 | pT6to8 | 47 | low_stats
v3 | 1 | cent10to20 | 8 | 2 | pT6to8 | 0 | low_stats
v3 | 1 | cent10to20 | 8 | 2 | pT6to8 | 1 | low_stats
v3 | 1 | cent10to20 | 8 | 2 | pT6to8 | 2 | low_stats
v3 | 1 | cent10to20 | 8 | 2 | pT6to8 | 3 | low_stats
v3 | 1 | cent10to20 | 8 | 2 | pT6to8 | 4 | low_stats
v3 | 1 | cent10to20 | 8 | 2 | pT6to8 | 5 | low_stats
v3 | 1 | cent10to20 | 8 | 2 | pT6to8 | 6 | low_stats
v3 | 1 | cent10to20 | 8 | 2 | pT6to8 | 7 | low_stats
v3 | 1 | cent10to20 | 8 | 2 | pT6to8 | 8 | low_stats
v3 | 1 | cent10to20 | 8 | 2 | pT6to8 | 9 | low_stats
v3 | 1 | cent10to20 | 8 | 2 | pT6to8 | 10 | low_stats
v3 | 1 | cent10to20 | 8 | 2 | pT6to8 | 11 | low_stats
v3 | 1 | cent10to20 | 8 | 2 | pT6to8 | 12 | low_stats
v3 | 1 | cent10to20 | 8 | 2 | pT6to8 | 13 | low_stats
v3 | 1 | cent10to20 | 8 | 2 | pT6to8 | 14 | low_stats
v3 | 1 | cent10to20 | 8 | 2 | pT6to8 | 15 | low_stats
v3 | 1 | cent10to20 | 8 | 2 | pT6to8 | 16 | low_stats
v3 | 1 | cent10to20 | 8 | 2 | pT6to8 | 17 | low_stats
v3 | 1 | cent10to20 | 8 | 2 | pT6to8 | 18 | low_stats
v3 | 1 | cent10to20 | 8 | 2 | pT6to8 | 19 | low_stats
v3 | 1 | cent10to20 | 8 | 2 | pT6to8 | 20 | low_stats
v3 | 1 | cent10to20 | 8 | 2 | pT6to8 | 21 | low_stats
v3 | 1 | cent10to20 | 8 | 2 | pT6to8 | 22 | low_stats
v3 | 1 | cent10to20 | 8 | 2 | pT6to8 | 23 | low_stats
v3 | 1 | cent10to20 | 8 | 2 | pT6to8 | 24 | low_stats
v3 | 1 | cent10to20 | 8 | 2 | pT6to8 | 25 | low_stats
v3 | 1 | cent10to20 | 8 | 2 | pT6to8 | 26 | low_stats
v3 | 1 | cent10to20 | 8 | 2 | pT6to8 | 27 | low_stats
v3 | 1 | cent10to20 | 8 | 2 | pT6to8 | 28 | low_stats
v3 | 1 | cent10to20 | 8 | 2 | pT6to8 | 29 | low_stats
v3 | 1 | cent10to20 | 8 | 2 | pT6to8 | 30 | low_stats
v3 | 1 | cent10to20 | 8 | 2 | pT6to8 | 31 | low_stats
v3 | 1 | cent10to20 | 8 | 2 | pT6to8 | 32 | low_stats
v3 | 1 | cent10to20 | 8 | 2 | pT6to8 | 33 | low_stats
v3 | 1 | cent10to20 | 8 | 2 | pT6to8 | 34 | low_stats
v3 | 1 | cent10to20 | 8 | 2 | pT6to8 | 35 | low_stats
v3 | 1 | cent10to20 | 8 | 2 | pT6to8 | 36 | low_stats
v3 | 1 | cent10to20 | 8 | 2 | pT6to8 | 37 | low_stats
v3 | 1 | cent10to20 | 8 | 2 | pT6to8 | 38 | low_stats
v3 | 1 | cent10to20 | 8 | 2 | pT6to8 | 39 | low_stats
v3 | 1 | cent10to20 | 8 | 2 | pT6to8 | 40 | low_stats
v3 | 1 | cent10to20 | 8 | 2 | pT6to8 | 41 | low_stats
v3 | 1 | cent10to20 | 8 | 2 | pT6to8 | 42 | low_stats
v3 | 1 | cent10to20 | 8 | 2 | pT6to8 | 43 | low_stats
v3 | 1 | cent10to20 | 8 | 2 | pT6to8 | 44 | low_stats
v3 | 1 | cent10to20 | 8 | 2 | pT6to8 | 45 | low_stats
v3 | 1 | cent10to20 | 8 | 2 | pT6to8 | 46 | low_stats
v3 | 1 | cent10to20 | 8 | 2 | pT6to8 | 47 | low_stats
v3 | 1 | cent10to20 | 9 | 2 | pT6to8 | 0 | low_stats
v3 | 1 | cent10to20 | 9 | 2 | pT6to8 | 1 | low_stats
v3 | 1 | cent10to20 | 9 | 2 | pT6to8 | 2 | low_stats
v3 | 1 | cent10to20 | 9 | 2 | pT6to8 | 3 | low_stats
v3 | 1 | cent10to20 | 9 | 2 | pT6to8 | 4 | low_stats
v3 | 1 | cent10to20 | 9 | 2 | pT6to8 | 5 | low_stats
v3 | 1 | cent10to20 | 9 | 2 | pT6to8 | 6 | low_stats
v3 | 1 | cent10to20 | 9 | 2 | pT6to8 | 7 | low_stats
v3 | 1 | cent10to20 | 9 | 2 | pT6to8 | 8 | low_stats
v3 | 1 | cent10to20 | 9 | 2 | pT6to8 | 9 | low_stats
v3 | 1 | cent10to20 | 9 | 2 | pT6to8 | 10 | low_stats
v3 | 1 | cent10to20 | 9 | 2 | pT6to8 | 11 | low_stats
v3 | 1 | cent10to20 | 9 | 2 | pT6to8 | 12 | low_stats
v3 | 1 | cent10to20 | 9 | 2 | pT6to8 | 13 | low_stats
v3 | 1 | cent10to20 | 9 | 2 | pT6to8 | 14 | low_stats
v3 | 1 | cent10to20 | 9 | 2 | pT6to8 | 15 | low_stats
v3 | 1 | cent10to20 | 9 | 2 | pT6to8 | 16 | low_stats
v3 | 1 | cent10to20 | 9 | 2 | pT6to8 | 17 | low_stats
v3 | 1 | cent10to20 | 9 | 2 | pT6to8 | 18 | low_stats
v3 | 1 | cent10to20 | 9 | 2 | pT6to8 | 19 | low_stats
v3 | 1 | cent10to20 | 9 | 2 | pT6to8 | 20 | low_stats
v3 | 1 | cent10to20 | 9 | 2 | pT6to8 | 21 | low_stats
v3 | 1 | cent10to20 | 9 | 2 | pT6to8 | 22 | low_stats
v3 | 1 | cent10to20 | 9 | 2 | pT6to8 | 23 | low_stats
v3 | 1 | cent10to20 | 9 | 2 | pT6to8 | 24 | low_stats
v3 | 1 | cent10to20 | 9 | 2 | pT6to8 | 25 | low_stats
v3 | 1 | cent10to20 | 9 | 2 | pT6to8 | 26 | low_stats
v3 | 1 | cent10to20 | 9 | 2 | pT6to8 | 27 | low_stats
v3 | 1 | cent10to20 | 9 | 2 | pT6to8 | 28 | low_stats
v3 | 1 | cent10to20 | 9 | 2 | pT6to8 | 29 | low_stats
v3 | 1 | cent10to20 | 9 | 2 | pT6to8 | 30 | low_stats
v3 | 1 | cent10to20 | 9 | 2 | pT6to8 | 31 | low_stats
v3 | 1 | cent10to20 | 9 | 2 | pT6to8 | 32 | low_stats
v3 | 1 | cent10to20 | 9 | 2 | pT6to8 | 33 | low_stats
v3 | 1 | cent10to20 | 9 | 2 | pT6to8 | 34 | low_stats
v3 | 1 | cent10to20 | 9 | 2 | pT6to8 | 35 | low_stats
v3 | 1 | cent10to20 | 9 | 2 | pT6to8 | 36 | low_stats
v3 | 1 | cent10to20 | 9 | 2 | pT6to8 | 37 | low_stats
v3 | 1 | cent10to20 | 9 | 2 | pT6to8 | 38 | low_stats
v3 | 1 | cent10to20 | 9 | 2 | pT6to8 | 39 | low_stats
v3 | 1 | cent10to20 | 9 | 2 | pT6to8 | 40 | low_stats
v3 | 1 | cent10to20 | 9 | 2 | pT6to8 | 41 | low_stats
v3 | 1 | cent10to20 | 9 | 2 | pT6to8 | 42 | low_stats
v3 | 1 | cent10to20 | 9 | 2 | pT6to8 | 43 | low_stats
v3 | 1 | cent10to20 | 9 | 2 | pT6to8 | 44 | low_stats
v3 | 1 | cent10to20 | 9 | 2 | pT6to8 | 45 | low_stats
v3 | 1 | cent10to20 | 9 | 2 | pT6to8 | 46 | low_stats
v3 | 1 | cent10to20 | 9 | 2 | pT6to8 | 47 | low_stats
v3 | 1 | cent10to20 | 10 | 2 | pT6to8 | 0 | low_stats
v3 | 1 | cent10to20 | 10 | 2 | pT6to8 | 1 | low_stats
v3 | 1 | cent10to20 | 10 | 2 | pT6to8 | 2 | low_stats
v3 | 1 | cent10to20 | 10 | 2 | pT6to8 | 3 | low_stats
v3 | 1 | cent10to20 | 10 | 2 | pT6to8 | 4 | low_stats
v3 | 1 | cent10to20 | 10 | 2 | pT6to8 | 5 | low_stats
v3 | 1 | cent10to20 | 10 | 2 | pT6to8 | 6 | low_stats
v3 | 1 | cent10to20 | 10 | 2 | pT6to8 | 7 | low_stats
v3 | 1 | cent10to20 | 10 | 2 | pT6to8 | 8 | low_stats
v3 | 1 | cent10to20 | 10 | 2 | pT6to8 | 9 | low_stats
v3 | 1 | cent10to20 | 10 | 2 | pT6to8 | 10 | low_stats
v3 | 1 | cent10to20 | 10 | 2 | pT6to8 | 11 | low_stats
v3 | 1 | cent10to20 | 10 | 2 | pT6to8 | 12 | low_stats
v3 | 1 | cent10to20 | 10 | 2 | pT6to8 | 13 | low_stats
v3 | 1 | cent10to20 | 10 | 2 | pT6to8 | 14 | low_stats
v3 | 1 | cent10to20 | 10 | 2 | pT6to8 | 15 | low_stats
v3 | 1 | cent10to20 | 10 | 2 | pT6to8 | 16 | low_stats
v3 | 1 | cent10to20 | 10 | 2 | pT6to8 | 17 | low_stats
v3 | 1 | cent10to20 | 10 | 2 | pT6to8 | 18 | low_stats
v3 | 1 | cent10to20 | 10 | 2 | pT6to8 | 19 | low_stats
v3 | 1 | cent10to20 | 10 | 2 | pT6to8 | 20 | low_stats
v3 | 1 | cent10to20 | 10 | 2 | pT6to8 | 21 | low_stats
v3 | 1 | cent10to20 | 10 | 2 | pT6to8 | 22 | low_stats
v3 | 1 | cent10to20 | 10 | 2 | pT6to8 | 23 | low_stats
v3 | 1 | cent10to20 | 10 | 2 | pT6to8 | 24 | low_stats
v3 | 1 | cent10to20 | 10 | 2 | pT6to8 | 25 | low_stats
v3 | 1 | cent10to20 | 10 | 2 | pT6to8 | 26 | low_stats
v3 | 1 | cent10to20 | 10 | 2 | pT6to8 | 27 | low_stats
v3 | 1 | cent10to20 | 10 | 2 | pT6to8 | 28 | low_stats
v3 | 1 | cent10to20 | 10 | 2 | pT6to8 | 29 | low_stats
v3 | 1 | cent10to20 | 10 | 2 | pT6to8 | 30 | low_stats
v3 | 1 | cent10to20 | 10 | 2 | pT6to8 | 31 | low_stats
v3 | 1 | cent10to20 | 10 | 2 | pT6to8 | 32 | low_stats
v3 | 1 | cent10to20 | 10 | 2 | pT6to8 | 33 | low_stats
v3 | 1 | cent10to20 | 10 | 2 | pT6to8 | 34 | low_stats
v3 | 1 | cent10to20 | 10 | 2 | pT6to8 | 35 | low_stats
v3 | 1 | cent10to20 | 10 | 2 | pT6to8 | 36 | low_stats
v3 | 1 | cent10to20 | 10 | 2 | pT6to8 | 37 | low_stats
v3 | 1 | cent10to20 | 10 | 2 | pT6to8 | 38 | low_stats
v3 | 1 | cent10to20 | 10 | 2 | pT6to8 | 39 | low_stats
v3 | 1 | cent10to20 | 10 | 2 | pT6to8 | 40 | low_stats
v3 | 1 | cent10to20 | 10 | 2 | pT6to8 | 41 | low_stats
v3 | 1 | cent10to20 | 10 | 2 | pT6to8 | 42 | low_stats
v3 | 1 | cent10to20 | 10 | 2 | pT6to8 | 43 | low_stats
v3 | 1 | cent10to20 | 10 | 2 | pT6to8 | 44 | low_stats
v3 | 1 | cent10to20 | 10 | 2 | pT6to8 | 45 | low_stats
v3 | 1 | cent10to20 | 10 | 2 | pT6to8 | 46 | low_stats
v3 | 1 | cent10to20 | 10 | 2 | pT6to8 | 47 | low_stats
v3 | 1 | cent10to20 | 11 | 2 | pT6to8 | 0 | low_stats
v3 | 1 | cent10to20 | 11 | 2 | pT6to8 | 1 | low_stats
v3 | 1 | cent10to20 | 11 | 2 | pT6to8 | 2 | low_stats
v3 | 1 | cent10to20 | 11 | 2 | pT6to8 | 3 | low_stats
v3 | 1 | cent10to20 | 11 | 2 | pT6to8 | 4 | low_stats
v3 | 1 | cent10to20 | 11 | 2 | pT6to8 | 5 | low_stats
v3 | 1 | cent10to20 | 11 | 2 | pT6to8 | 6 | low_stats
v3 | 1 | cent10to20 | 11 | 2 | pT6to8 | 7 | low_stats
v3 | 1 | cent10to20 | 11 | 2 | pT6to8 | 8 | low_stats
v3 | 1 | cent10to20 | 11 | 2 | pT6to8 | 9 | low_stats
v3 | 1 | cent10to20 | 11 | 2 | pT6to8 | 10 | low_stats
v3 | 1 | cent10to20 | 11 | 2 | pT6to8 | 11 | low_stats
v3 | 1 | cent10to20 | 11 | 2 | pT6to8 | 12 | low_stats
v3 | 1 | cent10to20 | 11 | 2 | pT6to8 | 13 | low_stats
v3 | 1 | cent10to20 | 11 | 2 | pT6to8 | 14 | low_stats
v3 | 1 | cent10to20 | 11 | 2 | pT6to8 | 15 | low_stats
v3 | 1 | cent10to20 | 11 | 2 | pT6to8 | 16 | low_stats
v3 | 1 | cent10to20 | 11 | 2 | pT6to8 | 17 | low_stats
v3 | 1 | cent10to20 | 11 | 2 | pT6to8 | 18 | low_stats
v3 | 1 | cent10to20 | 11 | 2 | pT6to8 | 19 | low_stats
v3 | 1 | cent10to20 | 11 | 2 | pT6to8 | 20 | low_stats
v3 | 1 | cent10to20 | 11 | 2 | pT6to8 | 21 | low_stats
v3 | 1 | cent10to20 | 11 | 2 | pT6to8 | 22 | low_stats
v3 | 1 | cent10to20 | 11 | 2 | pT6to8 | 23 | low_stats
v3 | 1 | cent10to20 | 11 | 2 | pT6to8 | 24 | low_stats
v3 | 1 | cent10to20 | 11 | 2 | pT6to8 | 25 | low_stats
v3 | 1 | cent10to20 | 11 | 2 | pT6to8 | 26 | low_stats
v3 | 1 | cent10to20 | 11 | 2 | pT6to8 | 27 | low_stats
v3 | 1 | cent10to20 | 11 | 2 | pT6to8 | 28 | low_stats
v3 | 1 | cent10to20 | 11 | 2 | pT6to8 | 29 | low_stats
v3 | 1 | cent10to20 | 11 | 2 | pT6to8 | 30 | low_stats
v3 | 1 | cent10to20 | 11 | 2 | pT6to8 | 31 | low_stats
v3 | 1 | cent10to20 | 11 | 2 | pT6to8 | 32 | low_stats
v3 | 1 | cent10to20 | 11 | 2 | pT6to8 | 33 | low_stats
v3 | 1 | cent10to20 | 11 | 2 | pT6to8 | 34 | low_stats
v3 | 1 | cent10to20 | 11 | 2 | pT6to8 | 35 | low_stats
v3 | 1 | cent10to20 | 11 | 2 | pT6to8 | 36 | low_stats
v3 | 1 | cent10to20 | 11 | 2 | pT6to8 | 37 | low_stats
v3 | 1 | cent10to20 | 11 | 2 | pT6to8 | 38 | low_stats
v3 | 1 | cent10to20 | 11 | 2 | pT6to8 | 39 | low_stats
v3 | 1 | cent10to20 | 11 | 2 | pT6to8 | 40 | low_stats
v3 | 1 | cent10to20 | 11 | 2 | pT6to8 | 41 | low_stats
v3 | 1 | cent10to20 | 11 | 2 | pT6to8 | 42 | low_stats
v3 | 1 | cent10to20 | 11 | 2 | pT6to8 | 43 | low_stats
v3 | 1 | cent10to20 | 11 | 2 | pT6to8 | 44 | low_stats
v3 | 1 | cent10to20 | 11 | 2 | pT6to8 | 45 | low_stats
v3 | 1 | cent10to20 | 11 | 2 | pT6to8 | 46 | low_stats
v3 | 1 | cent10to20 | 11 | 2 | pT6to8 | 47 | low_stats
v3 | 1 | cent10to20 | 0 | 3 | pT8to10 | 0 | low_stats
v3 | 1 | cent10to20 | 0 | 3 | pT8to10 | 1 | low_stats
v3 | 1 | cent10to20 | 0 | 3 | pT8to10 | 2 | low_stats
v3 | 1 | cent10to20 | 0 | 3 | pT8to10 | 3 | low_stats
v3 | 1 | cent10to20 | 0 | 3 | pT8to10 | 4 | low_stats
v3 | 1 | cent10to20 | 0 | 3 | pT8to10 | 5 | low_stats
v3 | 1 | cent10to20 | 0 | 3 | pT8to10 | 6 | low_stats
v3 | 1 | cent10to20 | 0 | 3 | pT8to10 | 7 | low_stats
v3 | 1 | cent10to20 | 0 | 3 | pT8to10 | 8 | low_stats
v3 | 1 | cent10to20 | 0 | 3 | pT8to10 | 9 | low_stats
v3 | 1 | cent10to20 | 0 | 3 | pT8to10 | 10 | low_stats
v3 | 1 | cent10to20 | 0 | 3 | pT8to10 | 11 | low_stats
v3 | 1 | cent10to20 | 0 | 3 | pT8to10 | 12 | low_stats
v3 | 1 | cent10to20 | 0 | 3 | pT8to10 | 13 | low_stats
v3 | 1 | cent10to20 | 0 | 3 | pT8to10 | 14 | low_stats
v3 | 1 | cent10to20 | 0 | 3 | pT8to10 | 15 | low_stats
v3 | 1 | cent10to20 | 0 | 3 | pT8to10 | 16 | low_stats
v3 | 1 | cent10to20 | 0 | 3 | pT8to10 | 17 | low_stats
v3 | 1 | cent10to20 | 0 | 3 | pT8to10 | 18 | low_stats
v3 | 1 | cent10to20 | 0 | 3 | pT8to10 | 19 | low_stats
v3 | 1 | cent10to20 | 0 | 3 | pT8to10 | 20 | low_stats
v3 | 1 | cent10to20 | 0 | 3 | pT8to10 | 21 | low_stats
v3 | 1 | cent10to20 | 0 | 3 | pT8to10 | 22 | low_stats
v3 | 1 | cent10to20 | 0 | 3 | pT8to10 | 23 | low_stats
v3 | 1 | cent10to20 | 0 | 3 | pT8to10 | 24 | low_stats
v3 | 1 | cent10to20 | 0 | 3 | pT8to10 | 25 | low_stats
v3 | 1 | cent10to20 | 0 | 3 | pT8to10 | 26 | low_stats
v3 | 1 | cent10to20 | 0 | 3 | pT8to10 | 27 | low_stats
v3 | 1 | cent10to20 | 0 | 3 | pT8to10 | 28 | low_stats
v3 | 1 | cent10to20 | 0 | 3 | pT8to10 | 29 | low_stats
v3 | 1 | cent10to20 | 0 | 3 | pT8to10 | 30 | low_stats
v3 | 1 | cent10to20 | 0 | 3 | pT8to10 | 31 | low_stats
v3 | 1 | cent10to20 | 0 | 3 | pT8to10 | 32 | low_stats
v3 | 1 | cent10to20 | 0 | 3 | pT8to10 | 33 | low_stats
v3 | 1 | cent10to20 | 0 | 3 | pT8to10 | 34 | low_stats
v3 | 1 | cent10to20 | 0 | 3 | pT8to10 | 35 | low_stats
v3 | 1 | cent10to20 | 0 | 3 | pT8to10 | 36 | low_stats
v3 | 1 | cent10to20 | 0 | 3 | pT8to10 | 37 | low_stats
v3 | 1 | cent10to20 | 0 | 3 | pT8to10 | 38 | low_stats
v3 | 1 | cent10to20 | 0 | 3 | pT8to10 | 39 | low_stats
v3 | 1 | cent10to20 | 0 | 3 | pT8to10 | 40 | low_stats
v3 | 1 | cent10to20 | 0 | 3 | pT8to10 | 41 | low_stats
v3 | 1 | cent10to20 | 0 | 3 | pT8to10 | 42 | low_stats
v3 | 1 | cent10to20 | 0 | 3 | pT8to10 | 43 | low_stats
v3 | 1 | cent10to20 | 0 | 3 | pT8to10 | 44 | low_stats
v3 | 1 | cent10to20 | 0 | 3 | pT8to10 | 45 | low_stats
v3 | 1 | cent10to20 | 0 | 3 | pT8to10 | 46 | low_stats
v3 | 1 | cent10to20 | 0 | 3 | pT8to10 | 47 | low_stats
v3 | 1 | cent10to20 | 1 | 3 | pT8to10 | 0 | low_stats
v3 | 1 | cent10to20 | 1 | 3 | pT8to10 | 1 | low_stats
v3 | 1 | cent10to20 | 1 | 3 | pT8to10 | 2 | low_stats
v3 | 1 | cent10to20 | 1 | 3 | pT8to10 | 3 | low_stats
v3 | 1 | cent10to20 | 1 | 3 | pT8to10 | 4 | low_stats
v3 | 1 | cent10to20 | 1 | 3 | pT8to10 | 5 | low_stats
v3 | 1 | cent10to20 | 1 | 3 | pT8to10 | 6 | low_stats
v3 | 1 | cent10to20 | 1 | 3 | pT8to10 | 7 | low_stats
v3 | 1 | cent10to20 | 1 | 3 | pT8to10 | 8 | low_stats
v3 | 1 | cent10to20 | 1 | 3 | pT8to10 | 9 | low_stats
v3 | 1 | cent10to20 | 1 | 3 | pT8to10 | 10 | low_stats
v3 | 1 | cent10to20 | 1 | 3 | pT8to10 | 11 | low_stats
v3 | 1 | cent10to20 | 1 | 3 | pT8to10 | 12 | low_stats
v3 | 1 | cent10to20 | 1 | 3 | pT8to10 | 13 | low_stats
v3 | 1 | cent10to20 | 1 | 3 | pT8to10 | 14 | low_stats
v3 | 1 | cent10to20 | 1 | 3 | pT8to10 | 15 | low_stats
v3 | 1 | cent10to20 | 1 | 3 | pT8to10 | 16 | low_stats
v3 | 1 | cent10to20 | 1 | 3 | pT8to10 | 17 | low_stats
v3 | 1 | cent10to20 | 1 | 3 | pT8to10 | 18 | low_stats
v3 | 1 | cent10to20 | 1 | 3 | pT8to10 | 19 | low_stats
v3 | 1 | cent10to20 | 1 | 3 | pT8to10 | 20 | low_stats
v3 | 1 | cent10to20 | 1 | 3 | pT8to10 | 21 | low_stats
v3 | 1 | cent10to20 | 1 | 3 | pT8to10 | 22 | low_stats
v3 | 1 | cent10to20 | 1 | 3 | pT8to10 | 23 | low_stats
v3 | 1 | cent10to20 | 1 | 3 | pT8to10 | 24 | low_stats
v3 | 1 | cent10to20 | 1 | 3 | pT8to10 | 25 | low_stats
v3 | 1 | cent10to20 | 1 | 3 | pT8to10 | 26 | low_stats
v3 | 1 | cent10to20 | 1 | 3 | pT8to10 | 27 | low_stats
v3 | 1 | cent10to20 | 1 | 3 | pT8to10 | 28 | low_stats
v3 | 1 | cent10to20 | 1 | 3 | pT8to10 | 29 | low_stats
v3 | 1 | cent10to20 | 1 | 3 | pT8to10 | 30 | low_stats
v3 | 1 | cent10to20 | 1 | 3 | pT8to10 | 31 | low_stats
v3 | 1 | cent10to20 | 1 | 3 | pT8to10 | 32 | low_stats
v3 | 1 | cent10to20 | 1 | 3 | pT8to10 | 33 | low_stats
v3 | 1 | cent10to20 | 1 | 3 | pT8to10 | 34 | low_stats
v3 | 1 | cent10to20 | 1 | 3 | pT8to10 | 35 | low_stats
v3 | 1 | cent10to20 | 1 | 3 | pT8to10 | 36 | low_stats
v3 | 1 | cent10to20 | 1 | 3 | pT8to10 | 37 | low_stats
v3 | 1 | cent10to20 | 1 | 3 | pT8to10 | 38 | low_stats
v3 | 1 | cent10to20 | 1 | 3 | pT8to10 | 39 | low_stats
v3 | 1 | cent10to20 | 1 | 3 | pT8to10 | 40 | low_stats
v3 | 1 | cent10to20 | 1 | 3 | pT8to10 | 41 | low_stats
v3 | 1 | cent10to20 | 1 | 3 | pT8to10 | 42 | low_stats
v3 | 1 | cent10to20 | 1 | 3 | pT8to10 | 43 | low_stats
v3 | 1 | cent10to20 | 1 | 3 | pT8to10 | 44 | low_stats
v3 | 1 | cent10to20 | 1 | 3 | pT8to10 | 45 | low_stats
v3 | 1 | cent10to20 | 1 | 3 | pT8to10 | 46 | low_stats
v3 | 1 | cent10to20 | 1 | 3 | pT8to10 | 47 | low_stats
v3 | 1 | cent10to20 | 2 | 3 | pT8to10 | 0 | low_stats
v3 | 1 | cent10to20 | 2 | 3 | pT8to10 | 1 | low_stats
v3 | 1 | cent10to20 | 2 | 3 | pT8to10 | 2 | low_stats
v3 | 1 | cent10to20 | 2 | 3 | pT8to10 | 3 | low_stats
v3 | 1 | cent10to20 | 2 | 3 | pT8to10 | 4 | low_stats
v3 | 1 | cent10to20 | 2 | 3 | pT8to10 | 5 | low_stats
v3 | 1 | cent10to20 | 2 | 3 | pT8to10 | 6 | low_stats
v3 | 1 | cent10to20 | 2 | 3 | pT8to10 | 7 | low_stats
v3 | 1 | cent10to20 | 2 | 3 | pT8to10 | 8 | low_stats
v3 | 1 | cent10to20 | 2 | 3 | pT8to10 | 9 | low_stats
v3 | 1 | cent10to20 | 2 | 3 | pT8to10 | 10 | low_stats
v3 | 1 | cent10to20 | 2 | 3 | pT8to10 | 11 | low_stats
v3 | 1 | cent10to20 | 2 | 3 | pT8to10 | 12 | low_stats
v3 | 1 | cent10to20 | 2 | 3 | pT8to10 | 13 | low_stats
v3 | 1 | cent10to20 | 2 | 3 | pT8to10 | 14 | low_stats
v3 | 1 | cent10to20 | 2 | 3 | pT8to10 | 15 | low_stats
v3 | 1 | cent10to20 | 2 | 3 | pT8to10 | 16 | low_stats
v3 | 1 | cent10to20 | 2 | 3 | pT8to10 | 17 | low_stats
v3 | 1 | cent10to20 | 2 | 3 | pT8to10 | 18 | low_stats
v3 | 1 | cent10to20 | 2 | 3 | pT8to10 | 19 | low_stats
v3 | 1 | cent10to20 | 2 | 3 | pT8to10 | 20 | low_stats
v3 | 1 | cent10to20 | 2 | 3 | pT8to10 | 21 | low_stats
v3 | 1 | cent10to20 | 2 | 3 | pT8to10 | 22 | low_stats
v3 | 1 | cent10to20 | 2 | 3 | pT8to10 | 23 | low_stats
v3 | 1 | cent10to20 | 2 | 3 | pT8to10 | 24 | low_stats
v3 | 1 | cent10to20 | 2 | 3 | pT8to10 | 25 | low_stats
v3 | 1 | cent10to20 | 2 | 3 | pT8to10 | 26 | low_stats
v3 | 1 | cent10to20 | 2 | 3 | pT8to10 | 27 | low_stats
v3 | 1 | cent10to20 | 2 | 3 | pT8to10 | 28 | low_stats
v3 | 1 | cent10to20 | 2 | 3 | pT8to10 | 29 | low_stats
v3 | 1 | cent10to20 | 2 | 3 | pT8to10 | 30 | low_stats
v3 | 1 | cent10to20 | 2 | 3 | pT8to10 | 31 | low_stats
v3 | 1 | cent10to20 | 2 | 3 | pT8to10 | 32 | low_stats
v3 | 1 | cent10to20 | 2 | 3 | pT8to10 | 33 | low_stats
v3 | 1 | cent10to20 | 2 | 3 | pT8to10 | 34 | low_stats
v3 | 1 | cent10to20 | 2 | 3 | pT8to10 | 35 | low_stats
v3 | 1 | cent10to20 | 2 | 3 | pT8to10 | 36 | low_stats
v3 | 1 | cent10to20 | 2 | 3 | pT8to10 | 37 | low_stats
v3 | 1 | cent10to20 | 2 | 3 | pT8to10 | 38 | low_stats
v3 | 1 | cent10to20 | 2 | 3 | pT8to10 | 39 | low_stats
v3 | 1 | cent10to20 | 2 | 3 | pT8to10 | 40 | low_stats
v3 | 1 | cent10to20 | 2 | 3 | pT8to10 | 41 | low_stats
v3 | 1 | cent10to20 | 2 | 3 | pT8to10 | 42 | low_stats
v3 | 1 | cent10to20 | 2 | 3 | pT8to10 | 43 | low_stats
v3 | 1 | cent10to20 | 2 | 3 | pT8to10 | 44 | low_stats
v3 | 1 | cent10to20 | 2 | 3 | pT8to10 | 45 | low_stats
v3 | 1 | cent10to20 | 2 | 3 | pT8to10 | 46 | low_stats
v3 | 1 | cent10to20 | 2 | 3 | pT8to10 | 47 | low_stats
v3 | 1 | cent10to20 | 3 | 3 | pT8to10 | 0 | low_stats
v3 | 1 | cent10to20 | 3 | 3 | pT8to10 | 1 | low_stats
v3 | 1 | cent10to20 | 3 | 3 | pT8to10 | 2 | low_stats
v3 | 1 | cent10to20 | 3 | 3 | pT8to10 | 3 | low_stats
v3 | 1 | cent10to20 | 3 | 3 | pT8to10 | 4 | low_stats
v3 | 1 | cent10to20 | 3 | 3 | pT8to10 | 5 | low_stats
v3 | 1 | cent10to20 | 3 | 3 | pT8to10 | 6 | low_stats
v3 | 1 | cent10to20 | 3 | 3 | pT8to10 | 7 | low_stats
v3 | 1 | cent10to20 | 3 | 3 | pT8to10 | 8 | low_stats
v3 | 1 | cent10to20 | 3 | 3 | pT8to10 | 9 | low_stats
v3 | 1 | cent10to20 | 3 | 3 | pT8to10 | 10 | low_stats
v3 | 1 | cent10to20 | 3 | 3 | pT8to10 | 11 | low_stats
v3 | 1 | cent10to20 | 3 | 3 | pT8to10 | 12 | low_stats
v3 | 1 | cent10to20 | 3 | 3 | pT8to10 | 13 | low_stats
v3 | 1 | cent10to20 | 3 | 3 | pT8to10 | 14 | low_stats
v3 | 1 | cent10to20 | 3 | 3 | pT8to10 | 15 | low_stats
v3 | 1 | cent10to20 | 3 | 3 | pT8to10 | 16 | low_stats
v3 | 1 | cent10to20 | 3 | 3 | pT8to10 | 17 | low_stats
v3 | 1 | cent10to20 | 3 | 3 | pT8to10 | 18 | low_stats
v3 | 1 | cent10to20 | 3 | 3 | pT8to10 | 19 | low_stats
v3 | 1 | cent10to20 | 3 | 3 | pT8to10 | 20 | low_stats
v3 | 1 | cent10to20 | 3 | 3 | pT8to10 | 21 | low_stats
v3 | 1 | cent10to20 | 3 | 3 | pT8to10 | 22 | low_stats
v3 | 1 | cent10to20 | 3 | 3 | pT8to10 | 23 | low_stats
v3 | 1 | cent10to20 | 3 | 3 | pT8to10 | 24 | low_stats
v3 | 1 | cent10to20 | 3 | 3 | pT8to10 | 25 | low_stats
v3 | 1 | cent10to20 | 3 | 3 | pT8to10 | 26 | low_stats
v3 | 1 | cent10to20 | 3 | 3 | pT8to10 | 27 | low_stats
v3 | 1 | cent10to20 | 3 | 3 | pT8to10 | 28 | low_stats
v3 | 1 | cent10to20 | 3 | 3 | pT8to10 | 29 | low_stats
v3 | 1 | cent10to20 | 3 | 3 | pT8to10 | 30 | low_stats
v3 | 1 | cent10to20 | 3 | 3 | pT8to10 | 31 | low_stats
v3 | 1 | cent10to20 | 3 | 3 | pT8to10 | 32 | low_stats
v3 | 1 | cent10to20 | 3 | 3 | pT8to10 | 33 | low_stats
v3 | 1 | cent10to20 | 3 | 3 | pT8to10 | 34 | low_stats
v3 | 1 | cent10to20 | 3 | 3 | pT8to10 | 35 | low_stats
v3 | 1 | cent10to20 | 3 | 3 | pT8to10 | 36 | low_stats
v3 | 1 | cent10to20 | 3 | 3 | pT8to10 | 37 | low_stats
v3 | 1 | cent10to20 | 3 | 3 | pT8to10 | 38 | low_stats
v3 | 1 | cent10to20 | 3 | 3 | pT8to10 | 39 | low_stats
v3 | 1 | cent10to20 | 3 | 3 | pT8to10 | 40 | low_stats
v3 | 1 | cent10to20 | 3 | 3 | pT8to10 | 41 | low_stats
v3 | 1 | cent10to20 | 3 | 3 | pT8to10 | 42 | low_stats
v3 | 1 | cent10to20 | 3 | 3 | pT8to10 | 43 | low_stats
v3 | 1 | cent10to20 | 3 | 3 | pT8to10 | 44 | low_stats
v3 | 1 | cent10to20 | 3 | 3 | pT8to10 | 45 | low_stats
v3 | 1 | cent10to20 | 3 | 3 | pT8to10 | 46 | low_stats
v3 | 1 | cent10to20 | 3 | 3 | pT8to10 | 47 | low_stats
v3 | 1 | cent10to20 | 4 | 3 | pT8to10 | 0 | low_stats
v3 | 1 | cent10to20 | 4 | 3 | pT8to10 | 1 | low_stats
v3 | 1 | cent10to20 | 4 | 3 | pT8to10 | 2 | low_stats
v3 | 1 | cent10to20 | 4 | 3 | pT8to10 | 3 | low_stats
v3 | 1 | cent10to20 | 4 | 3 | pT8to10 | 4 | low_stats
v3 | 1 | cent10to20 | 4 | 3 | pT8to10 | 5 | low_stats
v3 | 1 | cent10to20 | 4 | 3 | pT8to10 | 6 | low_stats
v3 | 1 | cent10to20 | 4 | 3 | pT8to10 | 7 | low_stats
v3 | 1 | cent10to20 | 4 | 3 | pT8to10 | 8 | low_stats
v3 | 1 | cent10to20 | 4 | 3 | pT8to10 | 9 | low_stats
v3 | 1 | cent10to20 | 4 | 3 | pT8to10 | 10 | low_stats
v3 | 1 | cent10to20 | 4 | 3 | pT8to10 | 11 | low_stats
v3 | 1 | cent10to20 | 4 | 3 | pT8to10 | 12 | low_stats
v3 | 1 | cent10to20 | 4 | 3 | pT8to10 | 13 | low_stats
v3 | 1 | cent10to20 | 4 | 3 | pT8to10 | 14 | low_stats
v3 | 1 | cent10to20 | 4 | 3 | pT8to10 | 15 | low_stats
v3 | 1 | cent10to20 | 4 | 3 | pT8to10 | 16 | low_stats
v3 | 1 | cent10to20 | 4 | 3 | pT8to10 | 17 | low_stats
v3 | 1 | cent10to20 | 4 | 3 | pT8to10 | 18 | low_stats
v3 | 1 | cent10to20 | 4 | 3 | pT8to10 | 19 | low_stats
v3 | 1 | cent10to20 | 4 | 3 | pT8to10 | 20 | low_stats
v3 | 1 | cent10to20 | 4 | 3 | pT8to10 | 21 | low_stats
v3 | 1 | cent10to20 | 4 | 3 | pT8to10 | 22 | low_stats
v3 | 1 | cent10to20 | 4 | 3 | pT8to10 | 23 | low_stats
v3 | 1 | cent10to20 | 4 | 3 | pT8to10 | 24 | low_stats
v3 | 1 | cent10to20 | 4 | 3 | pT8to10 | 25 | low_stats
v3 | 1 | cent10to20 | 4 | 3 | pT8to10 | 26 | low_stats
v3 | 1 | cent10to20 | 4 | 3 | pT8to10 | 27 | low_stats
v3 | 1 | cent10to20 | 4 | 3 | pT8to10 | 28 | low_stats
v3 | 1 | cent10to20 | 4 | 3 | pT8to10 | 29 | low_stats
v3 | 1 | cent10to20 | 4 | 3 | pT8to10 | 30 | low_stats
v3 | 1 | cent10to20 | 4 | 3 | pT8to10 | 31 | low_stats
v3 | 1 | cent10to20 | 4 | 3 | pT8to10 | 32 | low_stats
v3 | 1 | cent10to20 | 4 | 3 | pT8to10 | 33 | low_stats
v3 | 1 | cent10to20 | 4 | 3 | pT8to10 | 34 | low_stats
v3 | 1 | cent10to20 | 4 | 3 | pT8to10 | 35 | low_stats
v3 | 1 | cent10to20 | 4 | 3 | pT8to10 | 36 | low_stats
v3 | 1 | cent10to20 | 4 | 3 | pT8to10 | 37 | low_stats
v3 | 1 | cent10to20 | 4 | 3 | pT8to10 | 38 | low_stats
v3 | 1 | cent10to20 | 4 | 3 | pT8to10 | 39 | low_stats
v3 | 1 | cent10to20 | 4 | 3 | pT8to10 | 40 | low_stats
v3 | 1 | cent10to20 | 4 | 3 | pT8to10 | 41 | low_stats
v3 | 1 | cent10to20 | 4 | 3 | pT8to10 | 42 | low_stats
v3 | 1 | cent10to20 | 4 | 3 | pT8to10 | 43 | low_stats
v3 | 1 | cent10to20 | 4 | 3 | pT8to10 | 44 | low_stats
v3 | 1 | cent10to20 | 4 | 3 | pT8to10 | 45 | low_stats
v3 | 1 | cent10to20 | 4 | 3 | pT8to10 | 46 | low_stats
v3 | 1 | cent10to20 | 4 | 3 | pT8to10 | 47 | low_stats
v3 | 1 | cent10to20 | 5 | 3 | pT8to10 | 0 | low_stats
v3 | 1 | cent10to20 | 5 | 3 | pT8to10 | 1 | low_stats
v3 | 1 | cent10to20 | 5 | 3 | pT8to10 | 2 | low_stats
v3 | 1 | cent10to20 | 5 | 3 | pT8to10 | 3 | low_stats
v3 | 1 | cent10to20 | 5 | 3 | pT8to10 | 4 | low_stats
v3 | 1 | cent10to20 | 5 | 3 | pT8to10 | 5 | low_stats
v3 | 1 | cent10to20 | 5 | 3 | pT8to10 | 6 | low_stats
v3 | 1 | cent10to20 | 5 | 3 | pT8to10 | 7 | low_stats
v3 | 1 | cent10to20 | 5 | 3 | pT8to10 | 8 | low_stats
v3 | 1 | cent10to20 | 5 | 3 | pT8to10 | 9 | low_stats
v3 | 1 | cent10to20 | 5 | 3 | pT8to10 | 10 | low_stats
v3 | 1 | cent10to20 | 5 | 3 | pT8to10 | 11 | low_stats
v3 | 1 | cent10to20 | 5 | 3 | pT8to10 | 12 | low_stats
v3 | 1 | cent10to20 | 5 | 3 | pT8to10 | 13 | low_stats
v3 | 1 | cent10to20 | 5 | 3 | pT8to10 | 14 | low_stats
v3 | 1 | cent10to20 | 5 | 3 | pT8to10 | 15 | low_stats
v3 | 1 | cent10to20 | 5 | 3 | pT8to10 | 16 | low_stats
v3 | 1 | cent10to20 | 5 | 3 | pT8to10 | 17 | low_stats
v3 | 1 | cent10to20 | 5 | 3 | pT8to10 | 18 | low_stats
v3 | 1 | cent10to20 | 5 | 3 | pT8to10 | 19 | low_stats
v3 | 1 | cent10to20 | 5 | 3 | pT8to10 | 20 | low_stats
v3 | 1 | cent10to20 | 5 | 3 | pT8to10 | 21 | low_stats
v3 | 1 | cent10to20 | 5 | 3 | pT8to10 | 22 | low_stats
v3 | 1 | cent10to20 | 5 | 3 | pT8to10 | 23 | low_stats
v3 | 1 | cent10to20 | 5 | 3 | pT8to10 | 24 | low_stats
v3 | 1 | cent10to20 | 5 | 3 | pT8to10 | 25 | low_stats
v3 | 1 | cent10to20 | 5 | 3 | pT8to10 | 26 | low_stats
v3 | 1 | cent10to20 | 5 | 3 | pT8to10 | 27 | low_stats
v3 | 1 | cent10to20 | 5 | 3 | pT8to10 | 28 | low_stats
v3 | 1 | cent10to20 | 5 | 3 | pT8to10 | 29 | low_stats
v3 | 1 | cent10to20 | 5 | 3 | pT8to10 | 30 | low_stats
v3 | 1 | cent10to20 | 5 | 3 | pT8to10 | 31 | low_stats
v3 | 1 | cent10to20 | 5 | 3 | pT8to10 | 32 | low_stats
v3 | 1 | cent10to20 | 5 | 3 | pT8to10 | 33 | low_stats
v3 | 1 | cent10to20 | 5 | 3 | pT8to10 | 34 | low_stats
v3 | 1 | cent10to20 | 5 | 3 | pT8to10 | 35 | low_stats
v3 | 1 | cent10to20 | 5 | 3 | pT8to10 | 36 | low_stats
v3 | 1 | cent10to20 | 5 | 3 | pT8to10 | 37 | low_stats
v3 | 1 | cent10to20 | 5 | 3 | pT8to10 | 38 | low_stats
v3 | 1 | cent10to20 | 5 | 3 | pT8to10 | 39 | low_stats
v3 | 1 | cent10to20 | 5 | 3 | pT8to10 | 40 | low_stats
v3 | 1 | cent10to20 | 5 | 3 | pT8to10 | 41 | low_stats
v3 | 1 | cent10to20 | 5 | 3 | pT8to10 | 42 | low_stats
v3 | 1 | cent10to20 | 5 | 3 | pT8to10 | 43 | low_stats
v3 | 1 | cent10to20 | 5 | 3 | pT8to10 | 44 | low_stats
v3 | 1 | cent10to20 | 5 | 3 | pT8to10 | 45 | low_stats
v3 | 1 | cent10to20 | 5 | 3 | pT8to10 | 46 | low_stats
v3 | 1 | cent10to20 | 5 | 3 | pT8to10 | 47 | low_stats
v3 | 1 | cent10to20 | 6 | 3 | pT8to10 | 0 | low_stats
v3 | 1 | cent10to20 | 6 | 3 | pT8to10 | 1 | low_stats
v3 | 1 | cent10to20 | 6 | 3 | pT8to10 | 2 | low_stats
v3 | 1 | cent10to20 | 6 | 3 | pT8to10 | 3 | low_stats
v3 | 1 | cent10to20 | 6 | 3 | pT8to10 | 4 | low_stats
v3 | 1 | cent10to20 | 6 | 3 | pT8to10 | 5 | low_stats
v3 | 1 | cent10to20 | 6 | 3 | pT8to10 | 6 | low_stats
v3 | 1 | cent10to20 | 6 | 3 | pT8to10 | 7 | low_stats
v3 | 1 | cent10to20 | 6 | 3 | pT8to10 | 8 | low_stats
v3 | 1 | cent10to20 | 6 | 3 | pT8to10 | 9 | low_stats
v3 | 1 | cent10to20 | 6 | 3 | pT8to10 | 10 | low_stats
v3 | 1 | cent10to20 | 6 | 3 | pT8to10 | 11 | low_stats
v3 | 1 | cent10to20 | 6 | 3 | pT8to10 | 12 | low_stats
v3 | 1 | cent10to20 | 6 | 3 | pT8to10 | 13 | low_stats
v3 | 1 | cent10to20 | 6 | 3 | pT8to10 | 14 | low_stats
v3 | 1 | cent10to20 | 6 | 3 | pT8to10 | 15 | low_stats
v3 | 1 | cent10to20 | 6 | 3 | pT8to10 | 16 | low_stats
v3 | 1 | cent10to20 | 6 | 3 | pT8to10 | 17 | low_stats
v3 | 1 | cent10to20 | 6 | 3 | pT8to10 | 18 | low_stats
v3 | 1 | cent10to20 | 6 | 3 | pT8to10 | 19 | low_stats
v3 | 1 | cent10to20 | 6 | 3 | pT8to10 | 20 | low_stats
v3 | 1 | cent10to20 | 6 | 3 | pT8to10 | 21 | low_stats
v3 | 1 | cent10to20 | 6 | 3 | pT8to10 | 22 | low_stats
v3 | 1 | cent10to20 | 6 | 3 | pT8to10 | 23 | low_stats
v3 | 1 | cent10to20 | 6 | 3 | pT8to10 | 24 | low_stats
v3 | 1 | cent10to20 | 6 | 3 | pT8to10 | 25 | low_stats
v3 | 1 | cent10to20 | 6 | 3 | pT8to10 | 26 | low_stats
v3 | 1 | cent10to20 | 6 | 3 | pT8to10 | 27 | low_stats
v3 | 1 | cent10to20 | 6 | 3 | pT8to10 | 28 | low_stats
v3 | 1 | cent10to20 | 6 | 3 | pT8to10 | 29 | low_stats
v3 | 1 | cent10to20 | 6 | 3 | pT8to10 | 30 | low_stats
v3 | 1 | cent10to20 | 6 | 3 | pT8to10 | 31 | low_stats
v3 | 1 | cent10to20 | 6 | 3 | pT8to10 | 32 | low_stats
v3 | 1 | cent10to20 | 6 | 3 | pT8to10 | 33 | low_stats
v3 | 1 | cent10to20 | 6 | 3 | pT8to10 | 34 | low_stats
v3 | 1 | cent10to20 | 6 | 3 | pT8to10 | 35 | low_stats
v3 | 1 | cent10to20 | 6 | 3 | pT8to10 | 36 | low_stats
v3 | 1 | cent10to20 | 6 | 3 | pT8to10 | 37 | low_stats
v3 | 1 | cent10to20 | 6 | 3 | pT8to10 | 38 | low_stats
v3 | 1 | cent10to20 | 6 | 3 | pT8to10 | 39 | low_stats
v3 | 1 | cent10to20 | 6 | 3 | pT8to10 | 40 | low_stats
v3 | 1 | cent10to20 | 6 | 3 | pT8to10 | 41 | low_stats
v3 | 1 | cent10to20 | 6 | 3 | pT8to10 | 42 | low_stats
v3 | 1 | cent10to20 | 6 | 3 | pT8to10 | 43 | low_stats
v3 | 1 | cent10to20 | 6 | 3 | pT8to10 | 44 | low_stats
v3 | 1 | cent10to20 | 6 | 3 | pT8to10 | 45 | low_stats
v3 | 1 | cent10to20 | 6 | 3 | pT8to10 | 46 | low_stats
v3 | 1 | cent10to20 | 6 | 3 | pT8to10 | 47 | low_stats
v3 | 1 | cent10to20 | 7 | 3 | pT8to10 | 0 | low_stats
v3 | 1 | cent10to20 | 7 | 3 | pT8to10 | 1 | low_stats
v3 | 1 | cent10to20 | 7 | 3 | pT8to10 | 2 | low_stats
v3 | 1 | cent10to20 | 7 | 3 | pT8to10 | 3 | low_stats
v3 | 1 | cent10to20 | 7 | 3 | pT8to10 | 4 | low_stats
v3 | 1 | cent10to20 | 7 | 3 | pT8to10 | 5 | low_stats
v3 | 1 | cent10to20 | 7 | 3 | pT8to10 | 6 | low_stats
v3 | 1 | cent10to20 | 7 | 3 | pT8to10 | 7 | low_stats
v3 | 1 | cent10to20 | 7 | 3 | pT8to10 | 8 | low_stats
v3 | 1 | cent10to20 | 7 | 3 | pT8to10 | 9 | low_stats
v3 | 1 | cent10to20 | 7 | 3 | pT8to10 | 10 | low_stats
v3 | 1 | cent10to20 | 7 | 3 | pT8to10 | 11 | low_stats
v3 | 1 | cent10to20 | 7 | 3 | pT8to10 | 12 | low_stats
v3 | 1 | cent10to20 | 7 | 3 | pT8to10 | 13 | low_stats
v3 | 1 | cent10to20 | 7 | 3 | pT8to10 | 14 | low_stats
v3 | 1 | cent10to20 | 7 | 3 | pT8to10 | 15 | low_stats
v3 | 1 | cent10to20 | 7 | 3 | pT8to10 | 16 | low_stats
v3 | 1 | cent10to20 | 7 | 3 | pT8to10 | 17 | low_stats
v3 | 1 | cent10to20 | 7 | 3 | pT8to10 | 18 | low_stats
v3 | 1 | cent10to20 | 7 | 3 | pT8to10 | 19 | low_stats
v3 | 1 | cent10to20 | 7 | 3 | pT8to10 | 20 | low_stats
v3 | 1 | cent10to20 | 7 | 3 | pT8to10 | 21 | low_stats
v3 | 1 | cent10to20 | 7 | 3 | pT8to10 | 22 | low_stats
v3 | 1 | cent10to20 | 7 | 3 | pT8to10 | 23 | low_stats
v3 | 1 | cent10to20 | 7 | 3 | pT8to10 | 24 | low_stats
v3 | 1 | cent10to20 | 7 | 3 | pT8to10 | 25 | low_stats
v3 | 1 | cent10to20 | 7 | 3 | pT8to10 | 26 | low_stats
v3 | 1 | cent10to20 | 7 | 3 | pT8to10 | 27 | low_stats
v3 | 1 | cent10to20 | 7 | 3 | pT8to10 | 28 | low_stats
v3 | 1 | cent10to20 | 7 | 3 | pT8to10 | 29 | low_stats
v3 | 1 | cent10to20 | 7 | 3 | pT8to10 | 30 | low_stats
v3 | 1 | cent10to20 | 7 | 3 | pT8to10 | 31 | low_stats
v3 | 1 | cent10to20 | 7 | 3 | pT8to10 | 32 | low_stats
v3 | 1 | cent10to20 | 7 | 3 | pT8to10 | 33 | low_stats
v3 | 1 | cent10to20 | 7 | 3 | pT8to10 | 34 | low_stats
v3 | 1 | cent10to20 | 7 | 3 | pT8to10 | 35 | low_stats
v3 | 1 | cent10to20 | 7 | 3 | pT8to10 | 36 | low_stats
v3 | 1 | cent10to20 | 7 | 3 | pT8to10 | 37 | low_stats
v3 | 1 | cent10to20 | 7 | 3 | pT8to10 | 38 | low_stats
v3 | 1 | cent10to20 | 7 | 3 | pT8to10 | 39 | low_stats
v3 | 1 | cent10to20 | 7 | 3 | pT8to10 | 40 | low_stats
v3 | 1 | cent10to20 | 7 | 3 | pT8to10 | 41 | low_stats
v3 | 1 | cent10to20 | 7 | 3 | pT8to10 | 42 | low_stats
v3 | 1 | cent10to20 | 7 | 3 | pT8to10 | 43 | low_stats
v3 | 1 | cent10to20 | 7 | 3 | pT8to10 | 44 | low_stats
v3 | 1 | cent10to20 | 7 | 3 | pT8to10 | 45 | low_stats
v3 | 1 | cent10to20 | 7 | 3 | pT8to10 | 46 | low_stats
v3 | 1 | cent10to20 | 7 | 3 | pT8to10 | 47 | low_stats
v3 | 1 | cent10to20 | 8 | 3 | pT8to10 | 0 | low_stats
v3 | 1 | cent10to20 | 8 | 3 | pT8to10 | 1 | low_stats
v3 | 1 | cent10to20 | 8 | 3 | pT8to10 | 2 | low_stats
v3 | 1 | cent10to20 | 8 | 3 | pT8to10 | 3 | low_stats
v3 | 1 | cent10to20 | 8 | 3 | pT8to10 | 4 | low_stats
v3 | 1 | cent10to20 | 8 | 3 | pT8to10 | 5 | low_stats
v3 | 1 | cent10to20 | 8 | 3 | pT8to10 | 6 | low_stats
v3 | 1 | cent10to20 | 8 | 3 | pT8to10 | 7 | low_stats
v3 | 1 | cent10to20 | 8 | 3 | pT8to10 | 8 | low_stats
v3 | 1 | cent10to20 | 8 | 3 | pT8to10 | 9 | low_stats
v3 | 1 | cent10to20 | 8 | 3 | pT8to10 | 10 | low_stats
v3 | 1 | cent10to20 | 8 | 3 | pT8to10 | 11 | low_stats
v3 | 1 | cent10to20 | 8 | 3 | pT8to10 | 12 | low_stats
v3 | 1 | cent10to20 | 8 | 3 | pT8to10 | 13 | low_stats
v3 | 1 | cent10to20 | 8 | 3 | pT8to10 | 14 | low_stats
v3 | 1 | cent10to20 | 8 | 3 | pT8to10 | 15 | low_stats
v3 | 1 | cent10to20 | 8 | 3 | pT8to10 | 16 | low_stats
v3 | 1 | cent10to20 | 8 | 3 | pT8to10 | 17 | low_stats
v3 | 1 | cent10to20 | 8 | 3 | pT8to10 | 18 | low_stats
v3 | 1 | cent10to20 | 8 | 3 | pT8to10 | 19 | low_stats
v3 | 1 | cent10to20 | 8 | 3 | pT8to10 | 20 | low_stats
v3 | 1 | cent10to20 | 8 | 3 | pT8to10 | 21 | low_stats
v3 | 1 | cent10to20 | 8 | 3 | pT8to10 | 22 | low_stats
v3 | 1 | cent10to20 | 8 | 3 | pT8to10 | 23 | low_stats
v3 | 1 | cent10to20 | 8 | 3 | pT8to10 | 24 | low_stats
v3 | 1 | cent10to20 | 8 | 3 | pT8to10 | 25 | low_stats
v3 | 1 | cent10to20 | 8 | 3 | pT8to10 | 26 | low_stats
v3 | 1 | cent10to20 | 8 | 3 | pT8to10 | 27 | low_stats
v3 | 1 | cent10to20 | 8 | 3 | pT8to10 | 28 | low_stats
v3 | 1 | cent10to20 | 8 | 3 | pT8to10 | 29 | low_stats
v3 | 1 | cent10to20 | 8 | 3 | pT8to10 | 30 | low_stats
v3 | 1 | cent10to20 | 8 | 3 | pT8to10 | 31 | low_stats
v3 | 1 | cent10to20 | 8 | 3 | pT8to10 | 32 | low_stats
v3 | 1 | cent10to20 | 8 | 3 | pT8to10 | 33 | low_stats
v3 | 1 | cent10to20 | 8 | 3 | pT8to10 | 34 | low_stats
v3 | 1 | cent10to20 | 8 | 3 | pT8to10 | 35 | low_stats
v3 | 1 | cent10to20 | 8 | 3 | pT8to10 | 36 | low_stats
v3 | 1 | cent10to20 | 8 | 3 | pT8to10 | 37 | low_stats
v3 | 1 | cent10to20 | 8 | 3 | pT8to10 | 38 | low_stats
v3 | 1 | cent10to20 | 8 | 3 | pT8to10 | 39 | low_stats
v3 | 1 | cent10to20 | 8 | 3 | pT8to10 | 40 | low_stats
v3 | 1 | cent10to20 | 8 | 3 | pT8to10 | 41 | low_stats
v3 | 1 | cent10to20 | 8 | 3 | pT8to10 | 42 | low_stats
v3 | 1 | cent10to20 | 8 | 3 | pT8to10 | 43 | low_stats
v3 | 1 | cent10to20 | 8 | 3 | pT8to10 | 44 | low_stats
v3 | 1 | cent10to20 | 8 | 3 | pT8to10 | 45 | low_stats
v3 | 1 | cent10to20 | 8 | 3 | pT8to10 | 46 | low_stats
v3 | 1 | cent10to20 | 8 | 3 | pT8to10 | 47 | low_stats
v3 | 1 | cent10to20 | 9 | 3 | pT8to10 | 0 | low_stats
v3 | 1 | cent10to20 | 9 | 3 | pT8to10 | 1 | low_stats
v3 | 1 | cent10to20 | 9 | 3 | pT8to10 | 2 | low_stats
v3 | 1 | cent10to20 | 9 | 3 | pT8to10 | 3 | low_stats
v3 | 1 | cent10to20 | 9 | 3 | pT8to10 | 4 | low_stats
v3 | 1 | cent10to20 | 9 | 3 | pT8to10 | 5 | low_stats
v3 | 1 | cent10to20 | 9 | 3 | pT8to10 | 6 | low_stats
v3 | 1 | cent10to20 | 9 | 3 | pT8to10 | 7 | low_stats
v3 | 1 | cent10to20 | 9 | 3 | pT8to10 | 8 | low_stats
v3 | 1 | cent10to20 | 9 | 3 | pT8to10 | 9 | low_stats
v3 | 1 | cent10to20 | 9 | 3 | pT8to10 | 10 | low_stats
v3 | 1 | cent10to20 | 9 | 3 | pT8to10 | 11 | low_stats
v3 | 1 | cent10to20 | 9 | 3 | pT8to10 | 12 | low_stats
v3 | 1 | cent10to20 | 9 | 3 | pT8to10 | 13 | low_stats
v3 | 1 | cent10to20 | 9 | 3 | pT8to10 | 14 | low_stats
v3 | 1 | cent10to20 | 9 | 3 | pT8to10 | 15 | low_stats
v3 | 1 | cent10to20 | 9 | 3 | pT8to10 | 16 | low_stats
v3 | 1 | cent10to20 | 9 | 3 | pT8to10 | 17 | low_stats
v3 | 1 | cent10to20 | 9 | 3 | pT8to10 | 18 | low_stats
v3 | 1 | cent10to20 | 9 | 3 | pT8to10 | 19 | low_stats
v3 | 1 | cent10to20 | 9 | 3 | pT8to10 | 20 | low_stats
v3 | 1 | cent10to20 | 9 | 3 | pT8to10 | 21 | low_stats
v3 | 1 | cent10to20 | 9 | 3 | pT8to10 | 22 | low_stats
v3 | 1 | cent10to20 | 9 | 3 | pT8to10 | 23 | low_stats
v3 | 1 | cent10to20 | 9 | 3 | pT8to10 | 24 | low_stats
v3 | 1 | cent10to20 | 9 | 3 | pT8to10 | 25 | low_stats
v3 | 1 | cent10to20 | 9 | 3 | pT8to10 | 26 | low_stats
v3 | 1 | cent10to20 | 9 | 3 | pT8to10 | 27 | low_stats
v3 | 1 | cent10to20 | 9 | 3 | pT8to10 | 28 | low_stats
v3 | 1 | cent10to20 | 9 | 3 | pT8to10 | 29 | low_stats
v3 | 1 | cent10to20 | 9 | 3 | pT8to10 | 30 | low_stats
v3 | 1 | cent10to20 | 9 | 3 | pT8to10 | 31 | low_stats
v3 | 1 | cent10to20 | 9 | 3 | pT8to10 | 32 | low_stats
v3 | 1 | cent10to20 | 9 | 3 | pT8to10 | 33 | low_stats
v3 | 1 | cent10to20 | 9 | 3 | pT8to10 | 34 | low_stats
v3 | 1 | cent10to20 | 9 | 3 | pT8to10 | 35 | low_stats
v3 | 1 | cent10to20 | 9 | 3 | pT8to10 | 36 | low_stats
v3 | 1 | cent10to20 | 9 | 3 | pT8to10 | 37 | low_stats
v3 | 1 | cent10to20 | 9 | 3 | pT8to10 | 38 | low_stats
v3 | 1 | cent10to20 | 9 | 3 | pT8to10 | 39 | low_stats
v3 | 1 | cent10to20 | 9 | 3 | pT8to10 | 40 | low_stats
v3 | 1 | cent10to20 | 9 | 3 | pT8to10 | 41 | low_stats
v3 | 1 | cent10to20 | 9 | 3 | pT8to10 | 42 | low_stats
v3 | 1 | cent10to20 | 9 | 3 | pT8to10 | 43 | low_stats
v3 | 1 | cent10to20 | 9 | 3 | pT8to10 | 44 | low_stats
v3 | 1 | cent10to20 | 9 | 3 | pT8to10 | 45 | low_stats
v3 | 1 | cent10to20 | 9 | 3 | pT8to10 | 46 | low_stats
v3 | 1 | cent10to20 | 9 | 3 | pT8to10 | 47 | low_stats
v3 | 1 | cent10to20 | 10 | 3 | pT8to10 | 0 | low_stats
v3 | 1 | cent10to20 | 10 | 3 | pT8to10 | 1 | low_stats
v3 | 1 | cent10to20 | 10 | 3 | pT8to10 | 2 | low_stats
v3 | 1 | cent10to20 | 10 | 3 | pT8to10 | 3 | low_stats
v3 | 1 | cent10to20 | 10 | 3 | pT8to10 | 4 | low_stats
v3 | 1 | cent10to20 | 10 | 3 | pT8to10 | 5 | low_stats
v3 | 1 | cent10to20 | 10 | 3 | pT8to10 | 6 | low_stats
v3 | 1 | cent10to20 | 10 | 3 | pT8to10 | 7 | low_stats
v3 | 1 | cent10to20 | 10 | 3 | pT8to10 | 8 | low_stats
v3 | 1 | cent10to20 | 10 | 3 | pT8to10 | 9 | low_stats
v3 | 1 | cent10to20 | 10 | 3 | pT8to10 | 10 | low_stats
v3 | 1 | cent10to20 | 10 | 3 | pT8to10 | 11 | low_stats
v3 | 1 | cent10to20 | 10 | 3 | pT8to10 | 12 | low_stats
v3 | 1 | cent10to20 | 10 | 3 | pT8to10 | 13 | low_stats
v3 | 1 | cent10to20 | 10 | 3 | pT8to10 | 14 | low_stats
v3 | 1 | cent10to20 | 10 | 3 | pT8to10 | 15 | low_stats
v3 | 1 | cent10to20 | 10 | 3 | pT8to10 | 16 | low_stats
v3 | 1 | cent10to20 | 10 | 3 | pT8to10 | 17 | low_stats
v3 | 1 | cent10to20 | 10 | 3 | pT8to10 | 18 | low_stats
v3 | 1 | cent10to20 | 10 | 3 | pT8to10 | 19 | low_stats
v3 | 1 | cent10to20 | 10 | 3 | pT8to10 | 20 | low_stats
v3 | 1 | cent10to20 | 10 | 3 | pT8to10 | 21 | low_stats
v3 | 1 | cent10to20 | 10 | 3 | pT8to10 | 22 | low_stats
v3 | 1 | cent10to20 | 10 | 3 | pT8to10 | 23 | low_stats
v3 | 1 | cent10to20 | 10 | 3 | pT8to10 | 24 | low_stats
v3 | 1 | cent10to20 | 10 | 3 | pT8to10 | 25 | low_stats
v3 | 1 | cent10to20 | 10 | 3 | pT8to10 | 26 | low_stats
v3 | 1 | cent10to20 | 10 | 3 | pT8to10 | 27 | low_stats
v3 | 1 | cent10to20 | 10 | 3 | pT8to10 | 28 | low_stats
v3 | 1 | cent10to20 | 10 | 3 | pT8to10 | 29 | low_stats
v3 | 1 | cent10to20 | 10 | 3 | pT8to10 | 30 | low_stats
v3 | 1 | cent10to20 | 10 | 3 | pT8to10 | 31 | low_stats
v3 | 1 | cent10to20 | 10 | 3 | pT8to10 | 32 | low_stats
v3 | 1 | cent10to20 | 10 | 3 | pT8to10 | 33 | low_stats
v3 | 1 | cent10to20 | 10 | 3 | pT8to10 | 34 | low_stats
v3 | 1 | cent10to20 | 10 | 3 | pT8to10 | 35 | low_stats
v3 | 1 | cent10to20 | 10 | 3 | pT8to10 | 36 | low_stats
v3 | 1 | cent10to20 | 10 | 3 | pT8to10 | 37 | low_stats
v3 | 1 | cent10to20 | 10 | 3 | pT8to10 | 38 | low_stats
v3 | 1 | cent10to20 | 10 | 3 | pT8to10 | 39 | low_stats
v3 | 1 | cent10to20 | 10 | 3 | pT8to10 | 40 | low_stats
v3 | 1 | cent10to20 | 10 | 3 | pT8to10 | 41 | low_stats
v3 | 1 | cent10to20 | 10 | 3 | pT8to10 | 42 | low_stats
v3 | 1 | cent10to20 | 10 | 3 | pT8to10 | 43 | low_stats
v3 | 1 | cent10to20 | 10 | 3 | pT8to10 | 44 | low_stats
v3 | 1 | cent10to20 | 10 | 3 | pT8to10 | 45 | low_stats
v3 | 1 | cent10to20 | 10 | 3 | pT8to10 | 46 | low_stats
v3 | 1 | cent10to20 | 10 | 3 | pT8to10 | 47 | low_stats
v3 | 1 | cent10to20 | 11 | 3 | pT8to10 | 0 | low_stats
v3 | 1 | cent10to20 | 11 | 3 | pT8to10 | 1 | low_stats
v3 | 1 | cent10to20 | 11 | 3 | pT8to10 | 2 | low_stats
v3 | 1 | cent10to20 | 11 | 3 | pT8to10 | 3 | low_stats
v3 | 1 | cent10to20 | 11 | 3 | pT8to10 | 4 | low_stats
v3 | 1 | cent10to20 | 11 | 3 | pT8to10 | 5 | low_stats
v3 | 1 | cent10to20 | 11 | 3 | pT8to10 | 6 | low_stats
v3 | 1 | cent10to20 | 11 | 3 | pT8to10 | 7 | low_stats
v3 | 1 | cent10to20 | 11 | 3 | pT8to10 | 8 | low_stats
v3 | 1 | cent10to20 | 11 | 3 | pT8to10 | 9 | low_stats
v3 | 1 | cent10to20 | 11 | 3 | pT8to10 | 10 | low_stats
v3 | 1 | cent10to20 | 11 | 3 | pT8to10 | 11 | low_stats
v3 | 1 | cent10to20 | 11 | 3 | pT8to10 | 12 | low_stats
v3 | 1 | cent10to20 | 11 | 3 | pT8to10 | 13 | low_stats
v3 | 1 | cent10to20 | 11 | 3 | pT8to10 | 14 | low_stats
v3 | 1 | cent10to20 | 11 | 3 | pT8to10 | 15 | low_stats
v3 | 1 | cent10to20 | 11 | 3 | pT8to10 | 16 | low_stats
v3 | 1 | cent10to20 | 11 | 3 | pT8to10 | 17 | low_stats
v3 | 1 | cent10to20 | 11 | 3 | pT8to10 | 18 | low_stats
v3 | 1 | cent10to20 | 11 | 3 | pT8to10 | 19 | low_stats
v3 | 1 | cent10to20 | 11 | 3 | pT8to10 | 20 | low_stats
v3 | 1 | cent10to20 | 11 | 3 | pT8to10 | 21 | low_stats
v3 | 1 | cent10to20 | 11 | 3 | pT8to10 | 22 | low_stats
v3 | 1 | cent10to20 | 11 | 3 | pT8to10 | 23 | low_stats
v3 | 1 | cent10to20 | 11 | 3 | pT8to10 | 24 | low_stats
v3 | 1 | cent10to20 | 11 | 3 | pT8to10 | 25 | low_stats
v3 | 1 | cent10to20 | 11 | 3 | pT8to10 | 26 | low_stats
v3 | 1 | cent10to20 | 11 | 3 | pT8to10 | 27 | low_stats
v3 | 1 | cent10to20 | 11 | 3 | pT8to10 | 28 | low_stats
v3 | 1 | cent10to20 | 11 | 3 | pT8to10 | 29 | low_stats
v3 | 1 | cent10to20 | 11 | 3 | pT8to10 | 30 | low_stats
v3 | 1 | cent10to20 | 11 | 3 | pT8to10 | 31 | low_stats
v3 | 1 | cent10to20 | 11 | 3 | pT8to10 | 32 | low_stats
v3 | 1 | cent10to20 | 11 | 3 | pT8to10 | 33 | low_stats
v3 | 1 | cent10to20 | 11 | 3 | pT8to10 | 34 | low_stats
v3 | 1 | cent10to20 | 11 | 3 | pT8to10 | 35 | low_stats
v3 | 1 | cent10to20 | 11 | 3 | pT8to10 | 36 | low_stats
v3 | 1 | cent10to20 | 11 | 3 | pT8to10 | 37 | low_stats
v3 | 1 | cent10to20 | 11 | 3 | pT8to10 | 38 | low_stats
v3 | 1 | cent10to20 | 11 | 3 | pT8to10 | 39 | low_stats
v3 | 1 | cent10to20 | 11 | 3 | pT8to10 | 40 | low_stats
v3 | 1 | cent10to20 | 11 | 3 | pT8to10 | 41 | low_stats
v3 | 1 | cent10to20 | 11 | 3 | pT8to10 | 42 | low_stats
v3 | 1 | cent10to20 | 11 | 3 | pT8to10 | 43 | low_stats
v3 | 1 | cent10to20 | 11 | 3 | pT8to10 | 44 | low_stats
v3 | 1 | cent10to20 | 11 | 3 | pT8to10 | 45 | low_stats
v3 | 1 | cent10to20 | 11 | 3 | pT8to10 | 46 | low_stats
v3 | 1 | cent10to20 | 11 | 3 | pT8to10 | 47 | low_stats
v3 | 1 | cent10to20 | 0 | 4 | pT10to20 | 0 | low_stats
v3 | 1 | cent10to20 | 0 | 4 | pT10to20 | 1 | low_stats
v3 | 1 | cent10to20 | 0 | 4 | pT10to20 | 2 | low_stats
v3 | 1 | cent10to20 | 0 | 4 | pT10to20 | 3 | low_stats
v3 | 1 | cent10to20 | 0 | 4 | pT10to20 | 4 | low_stats
v3 | 1 | cent10to20 | 0 | 4 | pT10to20 | 5 | low_stats
v3 | 1 | cent10to20 | 0 | 4 | pT10to20 | 6 | low_stats
v3 | 1 | cent10to20 | 0 | 4 | pT10to20 | 7 | low_stats
v3 | 1 | cent10to20 | 0 | 4 | pT10to20 | 8 | low_stats
v3 | 1 | cent10to20 | 0 | 4 | pT10to20 | 9 | low_stats
v3 | 1 | cent10to20 | 0 | 4 | pT10to20 | 10 | low_stats
v3 | 1 | cent10to20 | 0 | 4 | pT10to20 | 11 | low_stats
v3 | 1 | cent10to20 | 0 | 4 | pT10to20 | 12 | low_stats
v3 | 1 | cent10to20 | 0 | 4 | pT10to20 | 13 | low_stats
v3 | 1 | cent10to20 | 0 | 4 | pT10to20 | 14 | low_stats
v3 | 1 | cent10to20 | 0 | 4 | pT10to20 | 15 | low_stats
v3 | 1 | cent10to20 | 0 | 4 | pT10to20 | 16 | low_stats
v3 | 1 | cent10to20 | 0 | 4 | pT10to20 | 17 | low_stats
v3 | 1 | cent10to20 | 0 | 4 | pT10to20 | 18 | low_stats
v3 | 1 | cent10to20 | 0 | 4 | pT10to20 | 19 | low_stats
v3 | 1 | cent10to20 | 0 | 4 | pT10to20 | 20 | low_stats
v3 | 1 | cent10to20 | 0 | 4 | pT10to20 | 21 | low_stats
v3 | 1 | cent10to20 | 0 | 4 | pT10to20 | 22 | low_stats
v3 | 1 | cent10to20 | 0 | 4 | pT10to20 | 23 | low_stats
v3 | 1 | cent10to20 | 0 | 4 | pT10to20 | 24 | low_stats
v3 | 1 | cent10to20 | 0 | 4 | pT10to20 | 25 | low_stats
v3 | 1 | cent10to20 | 0 | 4 | pT10to20 | 26 | low_stats
v3 | 1 | cent10to20 | 0 | 4 | pT10to20 | 27 | low_stats
v3 | 1 | cent10to20 | 0 | 4 | pT10to20 | 28 | low_stats
v3 | 1 | cent10to20 | 0 | 4 | pT10to20 | 29 | low_stats
v3 | 1 | cent10to20 | 0 | 4 | pT10to20 | 30 | low_stats
v3 | 1 | cent10to20 | 0 | 4 | pT10to20 | 31 | low_stats
v3 | 1 | cent10to20 | 0 | 4 | pT10to20 | 32 | low_stats
v3 | 1 | cent10to20 | 0 | 4 | pT10to20 | 33 | low_stats
v3 | 1 | cent10to20 | 0 | 4 | pT10to20 | 34 | low_stats
v3 | 1 | cent10to20 | 0 | 4 | pT10to20 | 35 | low_stats
v3 | 1 | cent10to20 | 0 | 4 | pT10to20 | 36 | low_stats
v3 | 1 | cent10to20 | 0 | 4 | pT10to20 | 37 | low_stats
v3 | 1 | cent10to20 | 0 | 4 | pT10to20 | 38 | low_stats
v3 | 1 | cent10to20 | 0 | 4 | pT10to20 | 39 | low_stats
v3 | 1 | cent10to20 | 0 | 4 | pT10to20 | 40 | low_stats
v3 | 1 | cent10to20 | 0 | 4 | pT10to20 | 41 | low_stats
v3 | 1 | cent10to20 | 0 | 4 | pT10to20 | 42 | low_stats
v3 | 1 | cent10to20 | 0 | 4 | pT10to20 | 43 | low_stats
v3 | 1 | cent10to20 | 0 | 4 | pT10to20 | 44 | low_stats
v3 | 1 | cent10to20 | 0 | 4 | pT10to20 | 45 | low_stats
v3 | 1 | cent10to20 | 0 | 4 | pT10to20 | 46 | low_stats
v3 | 1 | cent10to20 | 0 | 4 | pT10to20 | 47 | low_stats
v3 | 1 | cent10to20 | 1 | 4 | pT10to20 | 0 | low_stats
v3 | 1 | cent10to20 | 1 | 4 | pT10to20 | 1 | low_stats
v3 | 1 | cent10to20 | 1 | 4 | pT10to20 | 2 | low_stats
v3 | 1 | cent10to20 | 1 | 4 | pT10to20 | 3 | low_stats
v3 | 1 | cent10to20 | 1 | 4 | pT10to20 | 4 | low_stats
v3 | 1 | cent10to20 | 1 | 4 | pT10to20 | 5 | low_stats
v3 | 1 | cent10to20 | 1 | 4 | pT10to20 | 6 | low_stats
v3 | 1 | cent10to20 | 1 | 4 | pT10to20 | 7 | low_stats
v3 | 1 | cent10to20 | 1 | 4 | pT10to20 | 8 | low_stats
v3 | 1 | cent10to20 | 1 | 4 | pT10to20 | 9 | low_stats
v3 | 1 | cent10to20 | 1 | 4 | pT10to20 | 10 | low_stats
v3 | 1 | cent10to20 | 1 | 4 | pT10to20 | 11 | low_stats
v3 | 1 | cent10to20 | 1 | 4 | pT10to20 | 12 | low_stats
v3 | 1 | cent10to20 | 1 | 4 | pT10to20 | 13 | low_stats
v3 | 1 | cent10to20 | 1 | 4 | pT10to20 | 14 | low_stats
v3 | 1 | cent10to20 | 1 | 4 | pT10to20 | 15 | low_stats
v3 | 1 | cent10to20 | 1 | 4 | pT10to20 | 16 | low_stats
v3 | 1 | cent10to20 | 1 | 4 | pT10to20 | 17 | low_stats
v3 | 1 | cent10to20 | 1 | 4 | pT10to20 | 18 | low_stats
v3 | 1 | cent10to20 | 1 | 4 | pT10to20 | 19 | low_stats
v3 | 1 | cent10to20 | 1 | 4 | pT10to20 | 20 | low_stats
v3 | 1 | cent10to20 | 1 | 4 | pT10to20 | 21 | low_stats
v3 | 1 | cent10to20 | 1 | 4 | pT10to20 | 22 | low_stats
v3 | 1 | cent10to20 | 1 | 4 | pT10to20 | 23 | low_stats
v3 | 1 | cent10to20 | 1 | 4 | pT10to20 | 24 | low_stats
v3 | 1 | cent10to20 | 1 | 4 | pT10to20 | 25 | low_stats
v3 | 1 | cent10to20 | 1 | 4 | pT10to20 | 26 | low_stats
v3 | 1 | cent10to20 | 1 | 4 | pT10to20 | 27 | low_stats
v3 | 1 | cent10to20 | 1 | 4 | pT10to20 | 28 | low_stats
v3 | 1 | cent10to20 | 1 | 4 | pT10to20 | 29 | low_stats
v3 | 1 | cent10to20 | 1 | 4 | pT10to20 | 30 | low_stats
v3 | 1 | cent10to20 | 1 | 4 | pT10to20 | 31 | low_stats
v3 | 1 | cent10to20 | 1 | 4 | pT10to20 | 32 | low_stats
v3 | 1 | cent10to20 | 1 | 4 | pT10to20 | 33 | low_stats
v3 | 1 | cent10to20 | 1 | 4 | pT10to20 | 34 | low_stats
v3 | 1 | cent10to20 | 1 | 4 | pT10to20 | 35 | low_stats
v3 | 1 | cent10to20 | 1 | 4 | pT10to20 | 36 | low_stats
v3 | 1 | cent10to20 | 1 | 4 | pT10to20 | 37 | low_stats
v3 | 1 | cent10to20 | 1 | 4 | pT10to20 | 38 | low_stats
v3 | 1 | cent10to20 | 1 | 4 | pT10to20 | 39 | low_stats
v3 | 1 | cent10to20 | 1 | 4 | pT10to20 | 40 | low_stats
v3 | 1 | cent10to20 | 1 | 4 | pT10to20 | 41 | low_stats
v3 | 1 | cent10to20 | 1 | 4 | pT10to20 | 42 | low_stats
v3 | 1 | cent10to20 | 1 | 4 | pT10to20 | 43 | low_stats
v3 | 1 | cent10to20 | 1 | 4 | pT10to20 | 44 | low_stats
v3 | 1 | cent10to20 | 1 | 4 | pT10to20 | 45 | low_stats
v3 | 1 | cent10to20 | 1 | 4 | pT10to20 | 46 | low_stats
v3 | 1 | cent10to20 | 1 | 4 | pT10to20 | 47 | low_stats
v3 | 1 | cent10to20 | 2 | 4 | pT10to20 | 0 | low_stats
v3 | 1 | cent10to20 | 2 | 4 | pT10to20 | 1 | low_stats
v3 | 1 | cent10to20 | 2 | 4 | pT10to20 | 2 | low_stats
v3 | 1 | cent10to20 | 2 | 4 | pT10to20 | 3 | low_stats
v3 | 1 | cent10to20 | 2 | 4 | pT10to20 | 4 | low_stats
v3 | 1 | cent10to20 | 2 | 4 | pT10to20 | 5 | low_stats
v3 | 1 | cent10to20 | 2 | 4 | pT10to20 | 6 | low_stats
v3 | 1 | cent10to20 | 2 | 4 | pT10to20 | 7 | low_stats
v3 | 1 | cent10to20 | 2 | 4 | pT10to20 | 8 | low_stats
v3 | 1 | cent10to20 | 2 | 4 | pT10to20 | 9 | low_stats
v3 | 1 | cent10to20 | 2 | 4 | pT10to20 | 10 | low_stats
v3 | 1 | cent10to20 | 2 | 4 | pT10to20 | 11 | low_stats
v3 | 1 | cent10to20 | 2 | 4 | pT10to20 | 12 | low_stats
v3 | 1 | cent10to20 | 2 | 4 | pT10to20 | 13 | low_stats
v3 | 1 | cent10to20 | 2 | 4 | pT10to20 | 14 | low_stats
v3 | 1 | cent10to20 | 2 | 4 | pT10to20 | 15 | low_stats
v3 | 1 | cent10to20 | 2 | 4 | pT10to20 | 16 | low_stats
v3 | 1 | cent10to20 | 2 | 4 | pT10to20 | 17 | low_stats
v3 | 1 | cent10to20 | 2 | 4 | pT10to20 | 18 | low_stats
v3 | 1 | cent10to20 | 2 | 4 | pT10to20 | 19 | low_stats
v3 | 1 | cent10to20 | 2 | 4 | pT10to20 | 20 | low_stats
v3 | 1 | cent10to20 | 2 | 4 | pT10to20 | 21 | low_stats
v3 | 1 | cent10to20 | 2 | 4 | pT10to20 | 22 | low_stats
v3 | 1 | cent10to20 | 2 | 4 | pT10to20 | 23 | low_stats
v3 | 1 | cent10to20 | 2 | 4 | pT10to20 | 24 | low_stats
v3 | 1 | cent10to20 | 2 | 4 | pT10to20 | 25 | low_stats
v3 | 1 | cent10to20 | 2 | 4 | pT10to20 | 26 | low_stats
v3 | 1 | cent10to20 | 2 | 4 | pT10to20 | 27 | low_stats
v3 | 1 | cent10to20 | 2 | 4 | pT10to20 | 28 | low_stats
v3 | 1 | cent10to20 | 2 | 4 | pT10to20 | 29 | low_stats
v3 | 1 | cent10to20 | 2 | 4 | pT10to20 | 30 | low_stats
v3 | 1 | cent10to20 | 2 | 4 | pT10to20 | 31 | low_stats
v3 | 1 | cent10to20 | 2 | 4 | pT10to20 | 32 | low_stats
v3 | 1 | cent10to20 | 2 | 4 | pT10to20 | 33 | low_stats
v3 | 1 | cent10to20 | 2 | 4 | pT10to20 | 34 | low_stats
v3 | 1 | cent10to20 | 2 | 4 | pT10to20 | 35 | low_stats
v3 | 1 | cent10to20 | 2 | 4 | pT10to20 | 36 | low_stats
v3 | 1 | cent10to20 | 2 | 4 | pT10to20 | 37 | low_stats
v3 | 1 | cent10to20 | 2 | 4 | pT10to20 | 38 | low_stats
v3 | 1 | cent10to20 | 2 | 4 | pT10to20 | 39 | low_stats
v3 | 1 | cent10to20 | 2 | 4 | pT10to20 | 40 | low_stats
v3 | 1 | cent10to20 | 2 | 4 | pT10to20 | 41 | low_stats
v3 | 1 | cent10to20 | 2 | 4 | pT10to20 | 42 | low_stats
v3 | 1 | cent10to20 | 2 | 4 | pT10to20 | 43 | low_stats
v3 | 1 | cent10to20 | 2 | 4 | pT10to20 | 44 | low_stats
v3 | 1 | cent10to20 | 2 | 4 | pT10to20 | 45 | low_stats
v3 | 1 | cent10to20 | 2 | 4 | pT10to20 | 46 | low_stats
v3 | 1 | cent10to20 | 2 | 4 | pT10to20 | 47 | low_stats
v3 | 1 | cent10to20 | 3 | 4 | pT10to20 | 0 | low_stats
v3 | 1 | cent10to20 | 3 | 4 | pT10to20 | 1 | low_stats
v3 | 1 | cent10to20 | 3 | 4 | pT10to20 | 2 | low_stats
v3 | 1 | cent10to20 | 3 | 4 | pT10to20 | 3 | low_stats
v3 | 1 | cent10to20 | 3 | 4 | pT10to20 | 4 | low_stats
v3 | 1 | cent10to20 | 3 | 4 | pT10to20 | 5 | low_stats
v3 | 1 | cent10to20 | 3 | 4 | pT10to20 | 6 | low_stats
v3 | 1 | cent10to20 | 3 | 4 | pT10to20 | 7 | low_stats
v3 | 1 | cent10to20 | 3 | 4 | pT10to20 | 8 | low_stats
v3 | 1 | cent10to20 | 3 | 4 | pT10to20 | 9 | low_stats
v3 | 1 | cent10to20 | 3 | 4 | pT10to20 | 10 | low_stats
v3 | 1 | cent10to20 | 3 | 4 | pT10to20 | 11 | low_stats
v3 | 1 | cent10to20 | 3 | 4 | pT10to20 | 12 | low_stats
v3 | 1 | cent10to20 | 3 | 4 | pT10to20 | 13 | low_stats
v3 | 1 | cent10to20 | 3 | 4 | pT10to20 | 14 | low_stats
v3 | 1 | cent10to20 | 3 | 4 | pT10to20 | 15 | low_stats
v3 | 1 | cent10to20 | 3 | 4 | pT10to20 | 16 | low_stats
v3 | 1 | cent10to20 | 3 | 4 | pT10to20 | 17 | low_stats
v3 | 1 | cent10to20 | 3 | 4 | pT10to20 | 18 | low_stats
v3 | 1 | cent10to20 | 3 | 4 | pT10to20 | 19 | low_stats
v3 | 1 | cent10to20 | 3 | 4 | pT10to20 | 20 | low_stats
v3 | 1 | cent10to20 | 3 | 4 | pT10to20 | 21 | low_stats
v3 | 1 | cent10to20 | 3 | 4 | pT10to20 | 22 | low_stats
v3 | 1 | cent10to20 | 3 | 4 | pT10to20 | 23 | low_stats
v3 | 1 | cent10to20 | 3 | 4 | pT10to20 | 24 | low_stats
v3 | 1 | cent10to20 | 3 | 4 | pT10to20 | 25 | low_stats
v3 | 1 | cent10to20 | 3 | 4 | pT10to20 | 26 | low_stats
v3 | 1 | cent10to20 | 3 | 4 | pT10to20 | 27 | low_stats
v3 | 1 | cent10to20 | 3 | 4 | pT10to20 | 28 | low_stats
v3 | 1 | cent10to20 | 3 | 4 | pT10to20 | 29 | low_stats
v3 | 1 | cent10to20 | 3 | 4 | pT10to20 | 30 | low_stats
v3 | 1 | cent10to20 | 3 | 4 | pT10to20 | 31 | low_stats
v3 | 1 | cent10to20 | 3 | 4 | pT10to20 | 32 | low_stats
v3 | 1 | cent10to20 | 3 | 4 | pT10to20 | 33 | low_stats
v3 | 1 | cent10to20 | 3 | 4 | pT10to20 | 34 | low_stats
v3 | 1 | cent10to20 | 3 | 4 | pT10to20 | 35 | low_stats
v3 | 1 | cent10to20 | 3 | 4 | pT10to20 | 36 | low_stats
v3 | 1 | cent10to20 | 3 | 4 | pT10to20 | 37 | low_stats
v3 | 1 | cent10to20 | 3 | 4 | pT10to20 | 38 | low_stats
v3 | 1 | cent10to20 | 3 | 4 | pT10to20 | 39 | low_stats
v3 | 1 | cent10to20 | 3 | 4 | pT10to20 | 40 | low_stats
v3 | 1 | cent10to20 | 3 | 4 | pT10to20 | 41 | low_stats
v3 | 1 | cent10to20 | 3 | 4 | pT10to20 | 42 | low_stats
v3 | 1 | cent10to20 | 3 | 4 | pT10to20 | 43 | low_stats
v3 | 1 | cent10to20 | 3 | 4 | pT10to20 | 44 | low_stats
v3 | 1 | cent10to20 | 3 | 4 | pT10to20 | 45 | low_stats
v3 | 1 | cent10to20 | 3 | 4 | pT10to20 | 46 | low_stats
v3 | 1 | cent10to20 | 3 | 4 | pT10to20 | 47 | low_stats
v3 | 1 | cent10to20 | 4 | 4 | pT10to20 | 0 | low_stats
v3 | 1 | cent10to20 | 4 | 4 | pT10to20 | 1 | low_stats
v3 | 1 | cent10to20 | 4 | 4 | pT10to20 | 2 | low_stats
v3 | 1 | cent10to20 | 4 | 4 | pT10to20 | 3 | low_stats
v3 | 1 | cent10to20 | 4 | 4 | pT10to20 | 4 | low_stats
v3 | 1 | cent10to20 | 4 | 4 | pT10to20 | 5 | low_stats
v3 | 1 | cent10to20 | 4 | 4 | pT10to20 | 6 | low_stats
v3 | 1 | cent10to20 | 4 | 4 | pT10to20 | 7 | low_stats
v3 | 1 | cent10to20 | 4 | 4 | pT10to20 | 8 | low_stats
v3 | 1 | cent10to20 | 4 | 4 | pT10to20 | 9 | low_stats
v3 | 1 | cent10to20 | 4 | 4 | pT10to20 | 10 | low_stats
v3 | 1 | cent10to20 | 4 | 4 | pT10to20 | 11 | low_stats
v3 | 1 | cent10to20 | 4 | 4 | pT10to20 | 12 | low_stats
v3 | 1 | cent10to20 | 4 | 4 | pT10to20 | 13 | low_stats
v3 | 1 | cent10to20 | 4 | 4 | pT10to20 | 14 | low_stats
v3 | 1 | cent10to20 | 4 | 4 | pT10to20 | 15 | low_stats
v3 | 1 | cent10to20 | 4 | 4 | pT10to20 | 16 | low_stats
v3 | 1 | cent10to20 | 4 | 4 | pT10to20 | 17 | low_stats
v3 | 1 | cent10to20 | 4 | 4 | pT10to20 | 18 | low_stats
v3 | 1 | cent10to20 | 4 | 4 | pT10to20 | 19 | low_stats
v3 | 1 | cent10to20 | 4 | 4 | pT10to20 | 20 | low_stats
v3 | 1 | cent10to20 | 4 | 4 | pT10to20 | 21 | low_stats
v3 | 1 | cent10to20 | 4 | 4 | pT10to20 | 22 | low_stats
v3 | 1 | cent10to20 | 4 | 4 | pT10to20 | 23 | low_stats
v3 | 1 | cent10to20 | 4 | 4 | pT10to20 | 24 | low_stats
v3 | 1 | cent10to20 | 4 | 4 | pT10to20 | 25 | low_stats
v3 | 1 | cent10to20 | 4 | 4 | pT10to20 | 26 | low_stats
v3 | 1 | cent10to20 | 4 | 4 | pT10to20 | 27 | low_stats
v3 | 1 | cent10to20 | 4 | 4 | pT10to20 | 28 | low_stats
v3 | 1 | cent10to20 | 4 | 4 | pT10to20 | 29 | low_stats
v3 | 1 | cent10to20 | 4 | 4 | pT10to20 | 30 | low_stats
v3 | 1 | cent10to20 | 4 | 4 | pT10to20 | 31 | low_stats
v3 | 1 | cent10to20 | 4 | 4 | pT10to20 | 32 | low_stats
v3 | 1 | cent10to20 | 4 | 4 | pT10to20 | 33 | low_stats
v3 | 1 | cent10to20 | 4 | 4 | pT10to20 | 34 | low_stats
v3 | 1 | cent10to20 | 4 | 4 | pT10to20 | 35 | low_stats
v3 | 1 | cent10to20 | 4 | 4 | pT10to20 | 36 | low_stats
v3 | 1 | cent10to20 | 4 | 4 | pT10to20 | 37 | low_stats
v3 | 1 | cent10to20 | 4 | 4 | pT10to20 | 38 | low_stats
v3 | 1 | cent10to20 | 4 | 4 | pT10to20 | 39 | low_stats
v3 | 1 | cent10to20 | 4 | 4 | pT10to20 | 40 | low_stats
v3 | 1 | cent10to20 | 4 | 4 | pT10to20 | 41 | low_stats
v3 | 1 | cent10to20 | 4 | 4 | pT10to20 | 42 | low_stats
v3 | 1 | cent10to20 | 4 | 4 | pT10to20 | 43 | low_stats
v3 | 1 | cent10to20 | 4 | 4 | pT10to20 | 44 | low_stats
v3 | 1 | cent10to20 | 4 | 4 | pT10to20 | 45 | low_stats
v3 | 1 | cent10to20 | 4 | 4 | pT10to20 | 46 | low_stats
v3 | 1 | cent10to20 | 4 | 4 | pT10to20 | 47 | low_stats
v3 | 1 | cent10to20 | 5 | 4 | pT10to20 | 0 | low_stats
v3 | 1 | cent10to20 | 5 | 4 | pT10to20 | 1 | low_stats
v3 | 1 | cent10to20 | 5 | 4 | pT10to20 | 2 | low_stats
v3 | 1 | cent10to20 | 5 | 4 | pT10to20 | 3 | low_stats
v3 | 1 | cent10to20 | 5 | 4 | pT10to20 | 4 | low_stats
v3 | 1 | cent10to20 | 5 | 4 | pT10to20 | 5 | low_stats
v3 | 1 | cent10to20 | 5 | 4 | pT10to20 | 6 | low_stats
v3 | 1 | cent10to20 | 5 | 4 | pT10to20 | 7 | low_stats
v3 | 1 | cent10to20 | 5 | 4 | pT10to20 | 8 | low_stats
v3 | 1 | cent10to20 | 5 | 4 | pT10to20 | 9 | low_stats
v3 | 1 | cent10to20 | 5 | 4 | pT10to20 | 10 | low_stats
v3 | 1 | cent10to20 | 5 | 4 | pT10to20 | 11 | low_stats
v3 | 1 | cent10to20 | 5 | 4 | pT10to20 | 12 | low_stats
v3 | 1 | cent10to20 | 5 | 4 | pT10to20 | 13 | low_stats
v3 | 1 | cent10to20 | 5 | 4 | pT10to20 | 14 | low_stats
v3 | 1 | cent10to20 | 5 | 4 | pT10to20 | 15 | low_stats
v3 | 1 | cent10to20 | 5 | 4 | pT10to20 | 16 | low_stats
v3 | 1 | cent10to20 | 5 | 4 | pT10to20 | 17 | low_stats
v3 | 1 | cent10to20 | 5 | 4 | pT10to20 | 18 | low_stats
v3 | 1 | cent10to20 | 5 | 4 | pT10to20 | 19 | low_stats
v3 | 1 | cent10to20 | 5 | 4 | pT10to20 | 20 | low_stats
v3 | 1 | cent10to20 | 5 | 4 | pT10to20 | 21 | low_stats
v3 | 1 | cent10to20 | 5 | 4 | pT10to20 | 22 | low_stats
v3 | 1 | cent10to20 | 5 | 4 | pT10to20 | 23 | low_stats
v3 | 1 | cent10to20 | 5 | 4 | pT10to20 | 24 | low_stats
v3 | 1 | cent10to20 | 5 | 4 | pT10to20 | 25 | low_stats
v3 | 1 | cent10to20 | 5 | 4 | pT10to20 | 26 | low_stats
v3 | 1 | cent10to20 | 5 | 4 | pT10to20 | 27 | low_stats
v3 | 1 | cent10to20 | 5 | 4 | pT10to20 | 28 | low_stats
v3 | 1 | cent10to20 | 5 | 4 | pT10to20 | 29 | low_stats
v3 | 1 | cent10to20 | 5 | 4 | pT10to20 | 30 | low_stats
v3 | 1 | cent10to20 | 5 | 4 | pT10to20 | 31 | low_stats
v3 | 1 | cent10to20 | 5 | 4 | pT10to20 | 32 | low_stats
v3 | 1 | cent10to20 | 5 | 4 | pT10to20 | 33 | low_stats
v3 | 1 | cent10to20 | 5 | 4 | pT10to20 | 34 | low_stats
v3 | 1 | cent10to20 | 5 | 4 | pT10to20 | 35 | low_stats
v3 | 1 | cent10to20 | 5 | 4 | pT10to20 | 36 | low_stats
v3 | 1 | cent10to20 | 5 | 4 | pT10to20 | 37 | low_stats
v3 | 1 | cent10to20 | 5 | 4 | pT10to20 | 38 | low_stats
v3 | 1 | cent10to20 | 5 | 4 | pT10to20 | 39 | low_stats
v3 | 1 | cent10to20 | 5 | 4 | pT10to20 | 40 | low_stats
v3 | 1 | cent10to20 | 5 | 4 | pT10to20 | 41 | low_stats
v3 | 1 | cent10to20 | 5 | 4 | pT10to20 | 42 | low_stats
v3 | 1 | cent10to20 | 5 | 4 | pT10to20 | 43 | low_stats
v3 | 1 | cent10to20 | 5 | 4 | pT10to20 | 44 | low_stats
v3 | 1 | cent10to20 | 5 | 4 | pT10to20 | 45 | low_stats
v3 | 1 | cent10to20 | 5 | 4 | pT10to20 | 46 | low_stats
v3 | 1 | cent10to20 | 5 | 4 | pT10to20 | 47 | low_stats
v3 | 1 | cent10to20 | 6 | 4 | pT10to20 | 0 | low_stats
v3 | 1 | cent10to20 | 6 | 4 | pT10to20 | 1 | low_stats
v3 | 1 | cent10to20 | 6 | 4 | pT10to20 | 2 | low_stats
v3 | 1 | cent10to20 | 6 | 4 | pT10to20 | 3 | low_stats
v3 | 1 | cent10to20 | 6 | 4 | pT10to20 | 4 | low_stats
v3 | 1 | cent10to20 | 6 | 4 | pT10to20 | 5 | low_stats
v3 | 1 | cent10to20 | 6 | 4 | pT10to20 | 6 | low_stats
v3 | 1 | cent10to20 | 6 | 4 | pT10to20 | 7 | low_stats
v3 | 1 | cent10to20 | 6 | 4 | pT10to20 | 8 | low_stats
v3 | 1 | cent10to20 | 6 | 4 | pT10to20 | 9 | low_stats
v3 | 1 | cent10to20 | 6 | 4 | pT10to20 | 10 | low_stats
v3 | 1 | cent10to20 | 6 | 4 | pT10to20 | 11 | low_stats
v3 | 1 | cent10to20 | 6 | 4 | pT10to20 | 12 | low_stats
v3 | 1 | cent10to20 | 6 | 4 | pT10to20 | 13 | low_stats
v3 | 1 | cent10to20 | 6 | 4 | pT10to20 | 14 | low_stats
v3 | 1 | cent10to20 | 6 | 4 | pT10to20 | 15 | low_stats
v3 | 1 | cent10to20 | 6 | 4 | pT10to20 | 16 | low_stats
v3 | 1 | cent10to20 | 6 | 4 | pT10to20 | 17 | low_stats
v3 | 1 | cent10to20 | 6 | 4 | pT10to20 | 18 | low_stats
v3 | 1 | cent10to20 | 6 | 4 | pT10to20 | 19 | low_stats
v3 | 1 | cent10to20 | 6 | 4 | pT10to20 | 20 | low_stats
v3 | 1 | cent10to20 | 6 | 4 | pT10to20 | 21 | low_stats
v3 | 1 | cent10to20 | 6 | 4 | pT10to20 | 22 | low_stats
v3 | 1 | cent10to20 | 6 | 4 | pT10to20 | 23 | low_stats
v3 | 1 | cent10to20 | 6 | 4 | pT10to20 | 24 | low_stats
v3 | 1 | cent10to20 | 6 | 4 | pT10to20 | 25 | low_stats
v3 | 1 | cent10to20 | 6 | 4 | pT10to20 | 26 | low_stats
v3 | 1 | cent10to20 | 6 | 4 | pT10to20 | 27 | low_stats
v3 | 1 | cent10to20 | 6 | 4 | pT10to20 | 28 | low_stats
v3 | 1 | cent10to20 | 6 | 4 | pT10to20 | 29 | low_stats
v3 | 1 | cent10to20 | 6 | 4 | pT10to20 | 30 | low_stats
v3 | 1 | cent10to20 | 6 | 4 | pT10to20 | 31 | low_stats
v3 | 1 | cent10to20 | 6 | 4 | pT10to20 | 32 | low_stats
v3 | 1 | cent10to20 | 6 | 4 | pT10to20 | 33 | low_stats
v3 | 1 | cent10to20 | 6 | 4 | pT10to20 | 34 | low_stats
v3 | 1 | cent10to20 | 6 | 4 | pT10to20 | 35 | low_stats
v3 | 1 | cent10to20 | 6 | 4 | pT10to20 | 36 | low_stats
v3 | 1 | cent10to20 | 6 | 4 | pT10to20 | 37 | low_stats
v3 | 1 | cent10to20 | 6 | 4 | pT10to20 | 38 | low_stats
v3 | 1 | cent10to20 | 6 | 4 | pT10to20 | 39 | low_stats
v3 | 1 | cent10to20 | 6 | 4 | pT10to20 | 40 | low_stats
v3 | 1 | cent10to20 | 6 | 4 | pT10to20 | 41 | low_stats
v3 | 1 | cent10to20 | 6 | 4 | pT10to20 | 42 | low_stats
v3 | 1 | cent10to20 | 6 | 4 | pT10to20 | 43 | low_stats
v3 | 1 | cent10to20 | 6 | 4 | pT10to20 | 44 | low_stats
v3 | 1 | cent10to20 | 6 | 4 | pT10to20 | 45 | low_stats
v3 | 1 | cent10to20 | 6 | 4 | pT10to20 | 46 | low_stats
v3 | 1 | cent10to20 | 6 | 4 | pT10to20 | 47 | low_stats
v3 | 1 | cent10to20 | 7 | 4 | pT10to20 | 0 | low_stats
v3 | 1 | cent10to20 | 7 | 4 | pT10to20 | 1 | low_stats
v3 | 1 | cent10to20 | 7 | 4 | pT10to20 | 2 | low_stats
v3 | 1 | cent10to20 | 7 | 4 | pT10to20 | 3 | low_stats
v3 | 1 | cent10to20 | 7 | 4 | pT10to20 | 4 | low_stats
v3 | 1 | cent10to20 | 7 | 4 | pT10to20 | 5 | low_stats
v3 | 1 | cent10to20 | 7 | 4 | pT10to20 | 6 | low_stats
v3 | 1 | cent10to20 | 7 | 4 | pT10to20 | 7 | low_stats
v3 | 1 | cent10to20 | 7 | 4 | pT10to20 | 8 | low_stats
v3 | 1 | cent10to20 | 7 | 4 | pT10to20 | 9 | low_stats
v3 | 1 | cent10to20 | 7 | 4 | pT10to20 | 10 | low_stats
v3 | 1 | cent10to20 | 7 | 4 | pT10to20 | 11 | low_stats
v3 | 1 | cent10to20 | 7 | 4 | pT10to20 | 12 | low_stats
v3 | 1 | cent10to20 | 7 | 4 | pT10to20 | 13 | low_stats
v3 | 1 | cent10to20 | 7 | 4 | pT10to20 | 14 | low_stats
v3 | 1 | cent10to20 | 7 | 4 | pT10to20 | 15 | low_stats
v3 | 1 | cent10to20 | 7 | 4 | pT10to20 | 16 | low_stats
v3 | 1 | cent10to20 | 7 | 4 | pT10to20 | 17 | low_stats
v3 | 1 | cent10to20 | 7 | 4 | pT10to20 | 18 | low_stats
v3 | 1 | cent10to20 | 7 | 4 | pT10to20 | 19 | low_stats
v3 | 1 | cent10to20 | 7 | 4 | pT10to20 | 20 | low_stats
v3 | 1 | cent10to20 | 7 | 4 | pT10to20 | 21 | low_stats
v3 | 1 | cent10to20 | 7 | 4 | pT10to20 | 22 | low_stats
v3 | 1 | cent10to20 | 7 | 4 | pT10to20 | 23 | low_stats
v3 | 1 | cent10to20 | 7 | 4 | pT10to20 | 24 | low_stats
v3 | 1 | cent10to20 | 7 | 4 | pT10to20 | 25 | low_stats
v3 | 1 | cent10to20 | 7 | 4 | pT10to20 | 26 | low_stats
v3 | 1 | cent10to20 | 7 | 4 | pT10to20 | 27 | low_stats
v3 | 1 | cent10to20 | 7 | 4 | pT10to20 | 28 | low_stats
v3 | 1 | cent10to20 | 7 | 4 | pT10to20 | 29 | low_stats
v3 | 1 | cent10to20 | 7 | 4 | pT10to20 | 30 | low_stats
v3 | 1 | cent10to20 | 7 | 4 | pT10to20 | 31 | low_stats
v3 | 1 | cent10to20 | 7 | 4 | pT10to20 | 32 | low_stats
v3 | 1 | cent10to20 | 7 | 4 | pT10to20 | 33 | low_stats
v3 | 1 | cent10to20 | 7 | 4 | pT10to20 | 34 | low_stats
v3 | 1 | cent10to20 | 7 | 4 | pT10to20 | 35 | low_stats
v3 | 1 | cent10to20 | 7 | 4 | pT10to20 | 36 | low_stats
v3 | 1 | cent10to20 | 7 | 4 | pT10to20 | 37 | low_stats
v3 | 1 | cent10to20 | 7 | 4 | pT10to20 | 38 | low_stats
v3 | 1 | cent10to20 | 7 | 4 | pT10to20 | 39 | low_stats
v3 | 1 | cent10to20 | 7 | 4 | pT10to20 | 40 | low_stats
v3 | 1 | cent10to20 | 7 | 4 | pT10to20 | 41 | low_stats
v3 | 1 | cent10to20 | 7 | 4 | pT10to20 | 42 | low_stats
v3 | 1 | cent10to20 | 7 | 4 | pT10to20 | 43 | low_stats
v3 | 1 | cent10to20 | 7 | 4 | pT10to20 | 44 | low_stats
v3 | 1 | cent10to20 | 7 | 4 | pT10to20 | 45 | low_stats
v3 | 1 | cent10to20 | 7 | 4 | pT10to20 | 46 | low_stats
v3 | 1 | cent10to20 | 7 | 4 | pT10to20 | 47 | low_stats
v3 | 1 | cent10to20 | 8 | 4 | pT10to20 | 0 | low_stats
v3 | 1 | cent10to20 | 8 | 4 | pT10to20 | 1 | low_stats
v3 | 1 | cent10to20 | 8 | 4 | pT10to20 | 2 | low_stats
v3 | 1 | cent10to20 | 8 | 4 | pT10to20 | 3 | low_stats
v3 | 1 | cent10to20 | 8 | 4 | pT10to20 | 4 | low_stats
v3 | 1 | cent10to20 | 8 | 4 | pT10to20 | 5 | low_stats
v3 | 1 | cent10to20 | 8 | 4 | pT10to20 | 6 | low_stats
v3 | 1 | cent10to20 | 8 | 4 | pT10to20 | 7 | low_stats
v3 | 1 | cent10to20 | 8 | 4 | pT10to20 | 8 | low_stats
v3 | 1 | cent10to20 | 8 | 4 | pT10to20 | 9 | low_stats
v3 | 1 | cent10to20 | 8 | 4 | pT10to20 | 10 | low_stats
v3 | 1 | cent10to20 | 8 | 4 | pT10to20 | 11 | low_stats
v3 | 1 | cent10to20 | 8 | 4 | pT10to20 | 12 | low_stats
v3 | 1 | cent10to20 | 8 | 4 | pT10to20 | 13 | low_stats
v3 | 1 | cent10to20 | 8 | 4 | pT10to20 | 14 | low_stats
v3 | 1 | cent10to20 | 8 | 4 | pT10to20 | 15 | low_stats
v3 | 1 | cent10to20 | 8 | 4 | pT10to20 | 16 | low_stats
v3 | 1 | cent10to20 | 8 | 4 | pT10to20 | 17 | low_stats
v3 | 1 | cent10to20 | 8 | 4 | pT10to20 | 18 | low_stats
v3 | 1 | cent10to20 | 8 | 4 | pT10to20 | 19 | low_stats
v3 | 1 | cent10to20 | 8 | 4 | pT10to20 | 20 | low_stats
v3 | 1 | cent10to20 | 8 | 4 | pT10to20 | 21 | low_stats
v3 | 1 | cent10to20 | 8 | 4 | pT10to20 | 22 | low_stats
v3 | 1 | cent10to20 | 8 | 4 | pT10to20 | 23 | low_stats
v3 | 1 | cent10to20 | 8 | 4 | pT10to20 | 24 | low_stats
v3 | 1 | cent10to20 | 8 | 4 | pT10to20 | 25 | low_stats
v3 | 1 | cent10to20 | 8 | 4 | pT10to20 | 26 | low_stats
v3 | 1 | cent10to20 | 8 | 4 | pT10to20 | 27 | low_stats
v3 | 1 | cent10to20 | 8 | 4 | pT10to20 | 28 | low_stats
v3 | 1 | cent10to20 | 8 | 4 | pT10to20 | 29 | low_stats
v3 | 1 | cent10to20 | 8 | 4 | pT10to20 | 30 | low_stats
v3 | 1 | cent10to20 | 8 | 4 | pT10to20 | 31 | low_stats
v3 | 1 | cent10to20 | 8 | 4 | pT10to20 | 32 | low_stats
v3 | 1 | cent10to20 | 8 | 4 | pT10to20 | 33 | low_stats
v3 | 1 | cent10to20 | 8 | 4 | pT10to20 | 34 | low_stats
v3 | 1 | cent10to20 | 8 | 4 | pT10to20 | 35 | low_stats
v3 | 1 | cent10to20 | 8 | 4 | pT10to20 | 36 | low_stats
v3 | 1 | cent10to20 | 8 | 4 | pT10to20 | 37 | low_stats
v3 | 1 | cent10to20 | 8 | 4 | pT10to20 | 38 | low_stats
v3 | 1 | cent10to20 | 8 | 4 | pT10to20 | 39 | low_stats
v3 | 1 | cent10to20 | 8 | 4 | pT10to20 | 40 | low_stats
v3 | 1 | cent10to20 | 8 | 4 | pT10to20 | 41 | low_stats
v3 | 1 | cent10to20 | 8 | 4 | pT10to20 | 42 | low_stats
v3 | 1 | cent10to20 | 8 | 4 | pT10to20 | 43 | low_stats
v3 | 1 | cent10to20 | 8 | 4 | pT10to20 | 44 | low_stats
v3 | 1 | cent10to20 | 8 | 4 | pT10to20 | 45 | low_stats
v3 | 1 | cent10to20 | 8 | 4 | pT10to20 | 46 | low_stats
v3 | 1 | cent10to20 | 8 | 4 | pT10to20 | 47 | low_stats
v3 | 1 | cent10to20 | 9 | 4 | pT10to20 | 0 | low_stats
v3 | 1 | cent10to20 | 9 | 4 | pT10to20 | 1 | low_stats
v3 | 1 | cent10to20 | 9 | 4 | pT10to20 | 2 | low_stats
v3 | 1 | cent10to20 | 9 | 4 | pT10to20 | 3 | low_stats
v3 | 1 | cent10to20 | 9 | 4 | pT10to20 | 4 | low_stats
v3 | 1 | cent10to20 | 9 | 4 | pT10to20 | 5 | low_stats
v3 | 1 | cent10to20 | 9 | 4 | pT10to20 | 6 | low_stats
v3 | 1 | cent10to20 | 9 | 4 | pT10to20 | 7 | low_stats
v3 | 1 | cent10to20 | 9 | 4 | pT10to20 | 8 | low_stats
v3 | 1 | cent10to20 | 9 | 4 | pT10to20 | 9 | low_stats
v3 | 1 | cent10to20 | 9 | 4 | pT10to20 | 10 | low_stats
v3 | 1 | cent10to20 | 9 | 4 | pT10to20 | 11 | low_stats
v3 | 1 | cent10to20 | 9 | 4 | pT10to20 | 12 | low_stats
v3 | 1 | cent10to20 | 9 | 4 | pT10to20 | 13 | low_stats
v3 | 1 | cent10to20 | 9 | 4 | pT10to20 | 14 | low_stats
v3 | 1 | cent10to20 | 9 | 4 | pT10to20 | 15 | low_stats
v3 | 1 | cent10to20 | 9 | 4 | pT10to20 | 16 | low_stats
v3 | 1 | cent10to20 | 9 | 4 | pT10to20 | 17 | low_stats
v3 | 1 | cent10to20 | 9 | 4 | pT10to20 | 18 | low_stats
v3 | 1 | cent10to20 | 9 | 4 | pT10to20 | 19 | low_stats
v3 | 1 | cent10to20 | 9 | 4 | pT10to20 | 20 | low_stats
v3 | 1 | cent10to20 | 9 | 4 | pT10to20 | 21 | low_stats
v3 | 1 | cent10to20 | 9 | 4 | pT10to20 | 22 | low_stats
v3 | 1 | cent10to20 | 9 | 4 | pT10to20 | 23 | low_stats
v3 | 1 | cent10to20 | 9 | 4 | pT10to20 | 24 | low_stats
v3 | 1 | cent10to20 | 9 | 4 | pT10to20 | 25 | low_stats
v3 | 1 | cent10to20 | 9 | 4 | pT10to20 | 26 | low_stats
v3 | 1 | cent10to20 | 9 | 4 | pT10to20 | 27 | low_stats
v3 | 1 | cent10to20 | 9 | 4 | pT10to20 | 28 | low_stats
v3 | 1 | cent10to20 | 9 | 4 | pT10to20 | 29 | low_stats
v3 | 1 | cent10to20 | 9 | 4 | pT10to20 | 30 | low_stats
v3 | 1 | cent10to20 | 9 | 4 | pT10to20 | 31 | low_stats
v3 | 1 | cent10to20 | 9 | 4 | pT10to20 | 32 | low_stats
v3 | 1 | cent10to20 | 9 | 4 | pT10to20 | 33 | low_stats
v3 | 1 | cent10to20 | 9 | 4 | pT10to20 | 34 | low_stats
v3 | 1 | cent10to20 | 9 | 4 | pT10to20 | 35 | low_stats
v3 | 1 | cent10to20 | 9 | 4 | pT10to20 | 36 | low_stats
v3 | 1 | cent10to20 | 9 | 4 | pT10to20 | 37 | low_stats
v3 | 1 | cent10to20 | 9 | 4 | pT10to20 | 38 | low_stats
v3 | 1 | cent10to20 | 9 | 4 | pT10to20 | 39 | low_stats
v3 | 1 | cent10to20 | 9 | 4 | pT10to20 | 40 | low_stats
v3 | 1 | cent10to20 | 9 | 4 | pT10to20 | 41 | low_stats
v3 | 1 | cent10to20 | 9 | 4 | pT10to20 | 42 | low_stats
v3 | 1 | cent10to20 | 9 | 4 | pT10to20 | 43 | low_stats
v3 | 1 | cent10to20 | 9 | 4 | pT10to20 | 44 | low_stats
v3 | 1 | cent10to20 | 9 | 4 | pT10to20 | 45 | low_stats
v3 | 1 | cent10to20 | 9 | 4 | pT10to20 | 46 | low_stats
v3 | 1 | cent10to20 | 9 | 4 | pT10to20 | 47 | low_stats
v3 | 1 | cent10to20 | 10 | 4 | pT10to20 | 0 | low_stats
v3 | 1 | cent10to20 | 10 | 4 | pT10to20 | 1 | low_stats
v3 | 1 | cent10to20 | 10 | 4 | pT10to20 | 2 | low_stats
v3 | 1 | cent10to20 | 10 | 4 | pT10to20 | 3 | low_stats
v3 | 1 | cent10to20 | 10 | 4 | pT10to20 | 4 | low_stats
v3 | 1 | cent10to20 | 10 | 4 | pT10to20 | 5 | low_stats
v3 | 1 | cent10to20 | 10 | 4 | pT10to20 | 6 | low_stats
v3 | 1 | cent10to20 | 10 | 4 | pT10to20 | 7 | low_stats
v3 | 1 | cent10to20 | 10 | 4 | pT10to20 | 8 | low_stats
v3 | 1 | cent10to20 | 10 | 4 | pT10to20 | 9 | low_stats
v3 | 1 | cent10to20 | 10 | 4 | pT10to20 | 10 | low_stats
v3 | 1 | cent10to20 | 10 | 4 | pT10to20 | 11 | low_stats
v3 | 1 | cent10to20 | 10 | 4 | pT10to20 | 12 | low_stats
v3 | 1 | cent10to20 | 10 | 4 | pT10to20 | 13 | low_stats
v3 | 1 | cent10to20 | 10 | 4 | pT10to20 | 14 | low_stats
v3 | 1 | cent10to20 | 10 | 4 | pT10to20 | 15 | low_stats
v3 | 1 | cent10to20 | 10 | 4 | pT10to20 | 16 | low_stats
v3 | 1 | cent10to20 | 10 | 4 | pT10to20 | 17 | low_stats
v3 | 1 | cent10to20 | 10 | 4 | pT10to20 | 18 | low_stats
v3 | 1 | cent10to20 | 10 | 4 | pT10to20 | 19 | low_stats
v3 | 1 | cent10to20 | 10 | 4 | pT10to20 | 20 | low_stats
v3 | 1 | cent10to20 | 10 | 4 | pT10to20 | 21 | low_stats
v3 | 1 | cent10to20 | 10 | 4 | pT10to20 | 22 | low_stats
v3 | 1 | cent10to20 | 10 | 4 | pT10to20 | 23 | low_stats
v3 | 1 | cent10to20 | 10 | 4 | pT10to20 | 24 | low_stats
v3 | 1 | cent10to20 | 10 | 4 | pT10to20 | 25 | low_stats
v3 | 1 | cent10to20 | 10 | 4 | pT10to20 | 26 | low_stats
v3 | 1 | cent10to20 | 10 | 4 | pT10to20 | 27 | low_stats
v3 | 1 | cent10to20 | 10 | 4 | pT10to20 | 28 | low_stats
v3 | 1 | cent10to20 | 10 | 4 | pT10to20 | 29 | low_stats
v3 | 1 | cent10to20 | 10 | 4 | pT10to20 | 30 | low_stats
v3 | 1 | cent10to20 | 10 | 4 | pT10to20 | 31 | low_stats
v3 | 1 | cent10to20 | 10 | 4 | pT10to20 | 32 | low_stats
v3 | 1 | cent10to20 | 10 | 4 | pT10to20 | 33 | low_stats
v3 | 1 | cent10to20 | 10 | 4 | pT10to20 | 34 | low_stats
v3 | 1 | cent10to20 | 10 | 4 | pT10to20 | 35 | low_stats
v3 | 1 | cent10to20 | 10 | 4 | pT10to20 | 36 | low_stats
v3 | 1 | cent10to20 | 10 | 4 | pT10to20 | 37 | low_stats
v3 | 1 | cent10to20 | 10 | 4 | pT10to20 | 38 | low_stats
v3 | 1 | cent10to20 | 10 | 4 | pT10to20 | 39 | low_stats
v3 | 1 | cent10to20 | 10 | 4 | pT10to20 | 40 | low_stats
v3 | 1 | cent10to20 | 10 | 4 | pT10to20 | 41 | low_stats
v3 | 1 | cent10to20 | 10 | 4 | pT10to20 | 42 | low_stats
v3 | 1 | cent10to20 | 10 | 4 | pT10to20 | 43 | low_stats
v3 | 1 | cent10to20 | 10 | 4 | pT10to20 | 44 | low_stats
v3 | 1 | cent10to20 | 10 | 4 | pT10to20 | 45 | low_stats
v3 | 1 | cent10to20 | 10 | 4 | pT10to20 | 46 | low_stats
v3 | 1 | cent10to20 | 10 | 4 | pT10to20 | 47 | low_stats
v3 | 1 | cent10to20 | 11 | 4 | pT10to20 | 0 | low_stats
v3 | 1 | cent10to20 | 11 | 4 | pT10to20 | 1 | low_stats
v3 | 1 | cent10to20 | 11 | 4 | pT10to20 | 2 | low_stats
v3 | 1 | cent10to20 | 11 | 4 | pT10to20 | 3 | low_stats
v3 | 1 | cent10to20 | 11 | 4 | pT10to20 | 4 | low_stats
v3 | 1 | cent10to20 | 11 | 4 | pT10to20 | 5 | low_stats
v3 | 1 | cent10to20 | 11 | 4 | pT10to20 | 6 | low_stats
v3 | 1 | cent10to20 | 11 | 4 | pT10to20 | 7 | low_stats
v3 | 1 | cent10to20 | 11 | 4 | pT10to20 | 8 | low_stats
v3 | 1 | cent10to20 | 11 | 4 | pT10to20 | 9 | low_stats
v3 | 1 | cent10to20 | 11 | 4 | pT10to20 | 10 | low_stats
v3 | 1 | cent10to20 | 11 | 4 | pT10to20 | 11 | low_stats
v3 | 1 | cent10to20 | 11 | 4 | pT10to20 | 12 | low_stats
v3 | 1 | cent10to20 | 11 | 4 | pT10to20 | 13 | low_stats
v3 | 1 | cent10to20 | 11 | 4 | pT10to20 | 14 | low_stats
v3 | 1 | cent10to20 | 11 | 4 | pT10to20 | 15 | low_stats
v3 | 1 | cent10to20 | 11 | 4 | pT10to20 | 16 | low_stats
v3 | 1 | cent10to20 | 11 | 4 | pT10to20 | 17 | low_stats
v3 | 1 | cent10to20 | 11 | 4 | pT10to20 | 18 | low_stats
v3 | 1 | cent10to20 | 11 | 4 | pT10to20 | 19 | low_stats
v3 | 1 | cent10to20 | 11 | 4 | pT10to20 | 20 | low_stats
v3 | 1 | cent10to20 | 11 | 4 | pT10to20 | 21 | low_stats
v3 | 1 | cent10to20 | 11 | 4 | pT10to20 | 22 | low_stats
v3 | 1 | cent10to20 | 11 | 4 | pT10to20 | 23 | low_stats
v3 | 1 | cent10to20 | 11 | 4 | pT10to20 | 24 | low_stats
v3 | 1 | cent10to20 | 11 | 4 | pT10to20 | 25 | low_stats
v3 | 1 | cent10to20 | 11 | 4 | pT10to20 | 26 | low_stats
v3 | 1 | cent10to20 | 11 | 4 | pT10to20 | 27 | low_stats
v3 | 1 | cent10to20 | 11 | 4 | pT10to20 | 28 | low_stats
v3 | 1 | cent10to20 | 11 | 4 | pT10to20 | 29 | low_stats
v3 | 1 | cent10to20 | 11 | 4 | pT10to20 | 30 | low_stats
v3 | 1 | cent10to20 | 11 | 4 | pT10to20 | 31 | low_stats
v3 | 1 | cent10to20 | 11 | 4 | pT10to20 | 32 | low_stats
v3 | 1 | cent10to20 | 11 | 4 | pT10to20 | 33 | low_stats
v3 | 1 | cent10to20 | 11 | 4 | pT10to20 | 34 | low_stats
v3 | 1 | cent10to20 | 11 | 4 | pT10to20 | 35 | low_stats
v3 | 1 | cent10to20 | 11 | 4 | pT10to20 | 36 | low_stats
v3 | 1 | cent10to20 | 11 | 4 | pT10to20 | 37 | low_stats
v3 | 1 | cent10to20 | 11 | 4 | pT10to20 | 38 | low_stats
v3 | 1 | cent10to20 | 11 | 4 | pT10to20 | 39 | low_stats
v3 | 1 | cent10to20 | 11 | 4 | pT10to20 | 40 | low_stats
v3 | 1 | cent10to20 | 11 | 4 | pT10to20 | 41 | low_stats
v3 | 1 | cent10to20 | 11 | 4 | pT10to20 | 42 | low_stats
v3 | 1 | cent10to20 | 11 | 4 | pT10to20 | 43 | low_stats
v3 | 1 | cent10to20 | 11 | 4 | pT10to20 | 44 | low_stats
v3 | 1 | cent10to20 | 11 | 4 | pT10to20 | 45 | low_stats
v3 | 1 | cent10to20 | 11 | 4 | pT10to20 | 46 | low_stats
v3 | 1 | cent10to20 | 11 | 4 | pT10to20 | 47 | low_stats
v3 | 1 | cent10to20 | 0 | 5 | pT20to50 | 0 | low_stats
v3 | 1 | cent10to20 | 0 | 5 | pT20to50 | 1 | low_stats
v3 | 1 | cent10to20 | 0 | 5 | pT20to50 | 2 | low_stats
v3 | 1 | cent10to20 | 0 | 5 | pT20to50 | 3 | low_stats
v3 | 1 | cent10to20 | 0 | 5 | pT20to50 | 4 | low_stats
v3 | 1 | cent10to20 | 0 | 5 | pT20to50 | 5 | low_stats
v3 | 1 | cent10to20 | 0 | 5 | pT20to50 | 6 | low_stats
v3 | 1 | cent10to20 | 0 | 5 | pT20to50 | 7 | low_stats
v3 | 1 | cent10to20 | 0 | 5 | pT20to50 | 8 | low_stats
v3 | 1 | cent10to20 | 0 | 5 | pT20to50 | 9 | low_stats
v3 | 1 | cent10to20 | 0 | 5 | pT20to50 | 10 | low_stats
v3 | 1 | cent10to20 | 0 | 5 | pT20to50 | 11 | low_stats
v3 | 1 | cent10to20 | 0 | 5 | pT20to50 | 12 | low_stats
v3 | 1 | cent10to20 | 0 | 5 | pT20to50 | 13 | low_stats
v3 | 1 | cent10to20 | 0 | 5 | pT20to50 | 14 | low_stats
v3 | 1 | cent10to20 | 0 | 5 | pT20to50 | 15 | low_stats
v3 | 1 | cent10to20 | 0 | 5 | pT20to50 | 16 | low_stats
v3 | 1 | cent10to20 | 0 | 5 | pT20to50 | 17 | low_stats
v3 | 1 | cent10to20 | 0 | 5 | pT20to50 | 18 | low_stats
v3 | 1 | cent10to20 | 0 | 5 | pT20to50 | 19 | low_stats
v3 | 1 | cent10to20 | 0 | 5 | pT20to50 | 20 | low_stats
v3 | 1 | cent10to20 | 0 | 5 | pT20to50 | 21 | low_stats
v3 | 1 | cent10to20 | 0 | 5 | pT20to50 | 22 | low_stats
v3 | 1 | cent10to20 | 0 | 5 | pT20to50 | 23 | low_stats
v3 | 1 | cent10to20 | 0 | 5 | pT20to50 | 24 | low_stats
v3 | 1 | cent10to20 | 0 | 5 | pT20to50 | 25 | low_stats
v3 | 1 | cent10to20 | 0 | 5 | pT20to50 | 26 | low_stats
v3 | 1 | cent10to20 | 0 | 5 | pT20to50 | 27 | low_stats
v3 | 1 | cent10to20 | 0 | 5 | pT20to50 | 28 | low_stats
v3 | 1 | cent10to20 | 0 | 5 | pT20to50 | 29 | low_stats
v3 | 1 | cent10to20 | 0 | 5 | pT20to50 | 30 | low_stats
v3 | 1 | cent10to20 | 0 | 5 | pT20to50 | 31 | low_stats
v3 | 1 | cent10to20 | 0 | 5 | pT20to50 | 32 | low_stats
v3 | 1 | cent10to20 | 0 | 5 | pT20to50 | 33 | low_stats
v3 | 1 | cent10to20 | 0 | 5 | pT20to50 | 34 | low_stats
v3 | 1 | cent10to20 | 0 | 5 | pT20to50 | 35 | low_stats
v3 | 1 | cent10to20 | 0 | 5 | pT20to50 | 36 | low_stats
v3 | 1 | cent10to20 | 0 | 5 | pT20to50 | 37 | low_stats
v3 | 1 | cent10to20 | 0 | 5 | pT20to50 | 38 | low_stats
v3 | 1 | cent10to20 | 0 | 5 | pT20to50 | 39 | low_stats
v3 | 1 | cent10to20 | 0 | 5 | pT20to50 | 40 | low_stats
v3 | 1 | cent10to20 | 0 | 5 | pT20to50 | 41 | low_stats
v3 | 1 | cent10to20 | 0 | 5 | pT20to50 | 42 | low_stats
v3 | 1 | cent10to20 | 0 | 5 | pT20to50 | 43 | low_stats
v3 | 1 | cent10to20 | 0 | 5 | pT20to50 | 44 | low_stats
v3 | 1 | cent10to20 | 0 | 5 | pT20to50 | 45 | low_stats
v3 | 1 | cent10to20 | 0 | 5 | pT20to50 | 46 | low_stats
v3 | 1 | cent10to20 | 0 | 5 | pT20to50 | 47 | low_stats
v3 | 1 | cent10to20 | 1 | 5 | pT20to50 | 0 | low_stats
v3 | 1 | cent10to20 | 1 | 5 | pT20to50 | 1 | low_stats
v3 | 1 | cent10to20 | 1 | 5 | pT20to50 | 2 | low_stats
v3 | 1 | cent10to20 | 1 | 5 | pT20to50 | 3 | low_stats
v3 | 1 | cent10to20 | 1 | 5 | pT20to50 | 4 | low_stats
v3 | 1 | cent10to20 | 1 | 5 | pT20to50 | 5 | low_stats
v3 | 1 | cent10to20 | 1 | 5 | pT20to50 | 6 | low_stats
v3 | 1 | cent10to20 | 1 | 5 | pT20to50 | 7 | low_stats
v3 | 1 | cent10to20 | 1 | 5 | pT20to50 | 8 | low_stats
v3 | 1 | cent10to20 | 1 | 5 | pT20to50 | 9 | low_stats
v3 | 1 | cent10to20 | 1 | 5 | pT20to50 | 10 | low_stats
v3 | 1 | cent10to20 | 1 | 5 | pT20to50 | 11 | low_stats
v3 | 1 | cent10to20 | 1 | 5 | pT20to50 | 12 | low_stats
v3 | 1 | cent10to20 | 1 | 5 | pT20to50 | 13 | low_stats
v3 | 1 | cent10to20 | 1 | 5 | pT20to50 | 14 | low_stats
v3 | 1 | cent10to20 | 1 | 5 | pT20to50 | 15 | low_stats
v3 | 1 | cent10to20 | 1 | 5 | pT20to50 | 16 | low_stats
v3 | 1 | cent10to20 | 1 | 5 | pT20to50 | 17 | low_stats
v3 | 1 | cent10to20 | 1 | 5 | pT20to50 | 18 | low_stats
v3 | 1 | cent10to20 | 1 | 5 | pT20to50 | 19 | low_stats
v3 | 1 | cent10to20 | 1 | 5 | pT20to50 | 20 | low_stats
v3 | 1 | cent10to20 | 1 | 5 | pT20to50 | 21 | low_stats
v3 | 1 | cent10to20 | 1 | 5 | pT20to50 | 22 | low_stats
v3 | 1 | cent10to20 | 1 | 5 | pT20to50 | 23 | low_stats
v3 | 1 | cent10to20 | 1 | 5 | pT20to50 | 24 | low_stats
v3 | 1 | cent10to20 | 1 | 5 | pT20to50 | 25 | low_stats
v3 | 1 | cent10to20 | 1 | 5 | pT20to50 | 26 | low_stats
v3 | 1 | cent10to20 | 1 | 5 | pT20to50 | 27 | low_stats
v3 | 1 | cent10to20 | 1 | 5 | pT20to50 | 28 | low_stats
v3 | 1 | cent10to20 | 1 | 5 | pT20to50 | 29 | low_stats
v3 | 1 | cent10to20 | 1 | 5 | pT20to50 | 30 | low_stats
v3 | 1 | cent10to20 | 1 | 5 | pT20to50 | 31 | low_stats
v3 | 1 | cent10to20 | 1 | 5 | pT20to50 | 32 | low_stats
v3 | 1 | cent10to20 | 1 | 5 | pT20to50 | 33 | low_stats
v3 | 1 | cent10to20 | 1 | 5 | pT20to50 | 34 | low_stats
v3 | 1 | cent10to20 | 1 | 5 | pT20to50 | 35 | low_stats
v3 | 1 | cent10to20 | 1 | 5 | pT20to50 | 36 | low_stats
v3 | 1 | cent10to20 | 1 | 5 | pT20to50 | 37 | low_stats
v3 | 1 | cent10to20 | 1 | 5 | pT20to50 | 38 | low_stats
v3 | 1 | cent10to20 | 1 | 5 | pT20to50 | 39 | low_stats
v3 | 1 | cent10to20 | 1 | 5 | pT20to50 | 40 | low_stats
v3 | 1 | cent10to20 | 1 | 5 | pT20to50 | 41 | low_stats
v3 | 1 | cent10to20 | 1 | 5 | pT20to50 | 42 | low_stats
v3 | 1 | cent10to20 | 1 | 5 | pT20to50 | 43 | low_stats
v3 | 1 | cent10to20 | 1 | 5 | pT20to50 | 44 | low_stats
v3 | 1 | cent10to20 | 1 | 5 | pT20to50 | 45 | low_stats
v3 | 1 | cent10to20 | 1 | 5 | pT20to50 | 46 | low_stats
v3 | 1 | cent10to20 | 1 | 5 | pT20to50 | 47 | low_stats
v3 | 1 | cent10to20 | 2 | 5 | pT20to50 | 0 | low_stats
v3 | 1 | cent10to20 | 2 | 5 | pT20to50 | 1 | low_stats
v3 | 1 | cent10to20 | 2 | 5 | pT20to50 | 2 | low_stats
v3 | 1 | cent10to20 | 2 | 5 | pT20to50 | 3 | low_stats
v3 | 1 | cent10to20 | 2 | 5 | pT20to50 | 4 | low_stats
v3 | 1 | cent10to20 | 2 | 5 | pT20to50 | 5 | low_stats
v3 | 1 | cent10to20 | 2 | 5 | pT20to50 | 6 | low_stats
v3 | 1 | cent10to20 | 2 | 5 | pT20to50 | 7 | low_stats
v3 | 1 | cent10to20 | 2 | 5 | pT20to50 | 8 | low_stats
v3 | 1 | cent10to20 | 2 | 5 | pT20to50 | 9 | low_stats
v3 | 1 | cent10to20 | 2 | 5 | pT20to50 | 10 | low_stats
v3 | 1 | cent10to20 | 2 | 5 | pT20to50 | 11 | low_stats
v3 | 1 | cent10to20 | 2 | 5 | pT20to50 | 12 | low_stats
v3 | 1 | cent10to20 | 2 | 5 | pT20to50 | 13 | low_stats
v3 | 1 | cent10to20 | 2 | 5 | pT20to50 | 14 | low_stats
v3 | 1 | cent10to20 | 2 | 5 | pT20to50 | 15 | low_stats
v3 | 1 | cent10to20 | 2 | 5 | pT20to50 | 16 | low_stats
v3 | 1 | cent10to20 | 2 | 5 | pT20to50 | 17 | low_stats
v3 | 1 | cent10to20 | 2 | 5 | pT20to50 | 18 | low_stats
v3 | 1 | cent10to20 | 2 | 5 | pT20to50 | 19 | low_stats
v3 | 1 | cent10to20 | 2 | 5 | pT20to50 | 20 | low_stats
v3 | 1 | cent10to20 | 2 | 5 | pT20to50 | 21 | low_stats
v3 | 1 | cent10to20 | 2 | 5 | pT20to50 | 22 | low_stats
v3 | 1 | cent10to20 | 2 | 5 | pT20to50 | 23 | low_stats
v3 | 1 | cent10to20 | 2 | 5 | pT20to50 | 24 | low_stats
v3 | 1 | cent10to20 | 2 | 5 | pT20to50 | 25 | low_stats
v3 | 1 | cent10to20 | 2 | 5 | pT20to50 | 26 | low_stats
v3 | 1 | cent10to20 | 2 | 5 | pT20to50 | 27 | low_stats
v3 | 1 | cent10to20 | 2 | 5 | pT20to50 | 28 | low_stats
v3 | 1 | cent10to20 | 2 | 5 | pT20to50 | 29 | low_stats
v3 | 1 | cent10to20 | 2 | 5 | pT20to50 | 30 | low_stats
v3 | 1 | cent10to20 | 2 | 5 | pT20to50 | 31 | low_stats
v3 | 1 | cent10to20 | 2 | 5 | pT20to50 | 32 | low_stats
v3 | 1 | cent10to20 | 2 | 5 | pT20to50 | 33 | low_stats
v3 | 1 | cent10to20 | 2 | 5 | pT20to50 | 34 | low_stats
v3 | 1 | cent10to20 | 2 | 5 | pT20to50 | 35 | low_stats
v3 | 1 | cent10to20 | 2 | 5 | pT20to50 | 36 | low_stats
v3 | 1 | cent10to20 | 2 | 5 | pT20to50 | 37 | low_stats
v3 | 1 | cent10to20 | 2 | 5 | pT20to50 | 38 | low_stats
v3 | 1 | cent10to20 | 2 | 5 | pT20to50 | 39 | low_stats
v3 | 1 | cent10to20 | 2 | 5 | pT20to50 | 40 | low_stats
v3 | 1 | cent10to20 | 2 | 5 | pT20to50 | 41 | low_stats
v3 | 1 | cent10to20 | 2 | 5 | pT20to50 | 42 | low_stats
v3 | 1 | cent10to20 | 2 | 5 | pT20to50 | 43 | low_stats
v3 | 1 | cent10to20 | 2 | 5 | pT20to50 | 44 | low_stats
v3 | 1 | cent10to20 | 2 | 5 | pT20to50 | 45 | low_stats
v3 | 1 | cent10to20 | 2 | 5 | pT20to50 | 46 | low_stats
v3 | 1 | cent10to20 | 2 | 5 | pT20to50 | 47 | low_stats
v3 | 1 | cent10to20 | 3 | 5 | pT20to50 | 0 | low_stats
v3 | 1 | cent10to20 | 3 | 5 | pT20to50 | 1 | low_stats
v3 | 1 | cent10to20 | 3 | 5 | pT20to50 | 2 | low_stats
v3 | 1 | cent10to20 | 3 | 5 | pT20to50 | 3 | low_stats
v3 | 1 | cent10to20 | 3 | 5 | pT20to50 | 4 | low_stats
v3 | 1 | cent10to20 | 3 | 5 | pT20to50 | 5 | low_stats
v3 | 1 | cent10to20 | 3 | 5 | pT20to50 | 6 | low_stats
v3 | 1 | cent10to20 | 3 | 5 | pT20to50 | 7 | low_stats
v3 | 1 | cent10to20 | 3 | 5 | pT20to50 | 8 | low_stats
v3 | 1 | cent10to20 | 3 | 5 | pT20to50 | 9 | low_stats
v3 | 1 | cent10to20 | 3 | 5 | pT20to50 | 10 | low_stats
v3 | 1 | cent10to20 | 3 | 5 | pT20to50 | 11 | low_stats
v3 | 1 | cent10to20 | 3 | 5 | pT20to50 | 12 | low_stats
v3 | 1 | cent10to20 | 3 | 5 | pT20to50 | 13 | low_stats
v3 | 1 | cent10to20 | 3 | 5 | pT20to50 | 14 | low_stats
v3 | 1 | cent10to20 | 3 | 5 | pT20to50 | 15 | low_stats
v3 | 1 | cent10to20 | 3 | 5 | pT20to50 | 16 | low_stats
v3 | 1 | cent10to20 | 3 | 5 | pT20to50 | 17 | low_stats
v3 | 1 | cent10to20 | 3 | 5 | pT20to50 | 18 | low_stats
v3 | 1 | cent10to20 | 3 | 5 | pT20to50 | 19 | low_stats
v3 | 1 | cent10to20 | 3 | 5 | pT20to50 | 20 | low_stats
v3 | 1 | cent10to20 | 3 | 5 | pT20to50 | 21 | low_stats
v3 | 1 | cent10to20 | 3 | 5 | pT20to50 | 22 | low_stats
v3 | 1 | cent10to20 | 3 | 5 | pT20to50 | 23 | low_stats
v3 | 1 | cent10to20 | 3 | 5 | pT20to50 | 24 | low_stats
v3 | 1 | cent10to20 | 3 | 5 | pT20to50 | 25 | low_stats
v3 | 1 | cent10to20 | 3 | 5 | pT20to50 | 26 | low_stats
v3 | 1 | cent10to20 | 3 | 5 | pT20to50 | 27 | low_stats
v3 | 1 | cent10to20 | 3 | 5 | pT20to50 | 28 | low_stats
v3 | 1 | cent10to20 | 3 | 5 | pT20to50 | 29 | low_stats
v3 | 1 | cent10to20 | 3 | 5 | pT20to50 | 30 | low_stats
v3 | 1 | cent10to20 | 3 | 5 | pT20to50 | 31 | low_stats
v3 | 1 | cent10to20 | 3 | 5 | pT20to50 | 32 | low_stats
v3 | 1 | cent10to20 | 3 | 5 | pT20to50 | 33 | low_stats
v3 | 1 | cent10to20 | 3 | 5 | pT20to50 | 34 | low_stats
v3 | 1 | cent10to20 | 3 | 5 | pT20to50 | 35 | low_stats
v3 | 1 | cent10to20 | 3 | 5 | pT20to50 | 36 | low_stats
v3 | 1 | cent10to20 | 3 | 5 | pT20to50 | 37 | low_stats
v3 | 1 | cent10to20 | 3 | 5 | pT20to50 | 38 | low_stats
v3 | 1 | cent10to20 | 3 | 5 | pT20to50 | 39 | low_stats
v3 | 1 | cent10to20 | 3 | 5 | pT20to50 | 40 | low_stats
v3 | 1 | cent10to20 | 3 | 5 | pT20to50 | 41 | low_stats
v3 | 1 | cent10to20 | 3 | 5 | pT20to50 | 42 | low_stats
v3 | 1 | cent10to20 | 3 | 5 | pT20to50 | 43 | low_stats
v3 | 1 | cent10to20 | 3 | 5 | pT20to50 | 44 | low_stats
v3 | 1 | cent10to20 | 3 | 5 | pT20to50 | 45 | low_stats
v3 | 1 | cent10to20 | 3 | 5 | pT20to50 | 46 | low_stats
v3 | 1 | cent10to20 | 3 | 5 | pT20to50 | 47 | low_stats
v3 | 1 | cent10to20 | 4 | 5 | pT20to50 | 0 | low_stats
v3 | 1 | cent10to20 | 4 | 5 | pT20to50 | 1 | low_stats
v3 | 1 | cent10to20 | 4 | 5 | pT20to50 | 2 | low_stats
v3 | 1 | cent10to20 | 4 | 5 | pT20to50 | 3 | low_stats
v3 | 1 | cent10to20 | 4 | 5 | pT20to50 | 4 | low_stats
v3 | 1 | cent10to20 | 4 | 5 | pT20to50 | 5 | low_stats
v3 | 1 | cent10to20 | 4 | 5 | pT20to50 | 6 | low_stats
v3 | 1 | cent10to20 | 4 | 5 | pT20to50 | 7 | low_stats
v3 | 1 | cent10to20 | 4 | 5 | pT20to50 | 8 | low_stats
v3 | 1 | cent10to20 | 4 | 5 | pT20to50 | 9 | low_stats
v3 | 1 | cent10to20 | 4 | 5 | pT20to50 | 10 | low_stats
v3 | 1 | cent10to20 | 4 | 5 | pT20to50 | 11 | low_stats
v3 | 1 | cent10to20 | 4 | 5 | pT20to50 | 12 | low_stats
v3 | 1 | cent10to20 | 4 | 5 | pT20to50 | 13 | low_stats
v3 | 1 | cent10to20 | 4 | 5 | pT20to50 | 14 | low_stats
v3 | 1 | cent10to20 | 4 | 5 | pT20to50 | 15 | low_stats
v3 | 1 | cent10to20 | 4 | 5 | pT20to50 | 16 | low_stats
v3 | 1 | cent10to20 | 4 | 5 | pT20to50 | 17 | low_stats
v3 | 1 | cent10to20 | 4 | 5 | pT20to50 | 18 | low_stats
v3 | 1 | cent10to20 | 4 | 5 | pT20to50 | 19 | low_stats
v3 | 1 | cent10to20 | 4 | 5 | pT20to50 | 20 | low_stats
v3 | 1 | cent10to20 | 4 | 5 | pT20to50 | 21 | low_stats
v3 | 1 | cent10to20 | 4 | 5 | pT20to50 | 22 | low_stats
v3 | 1 | cent10to20 | 4 | 5 | pT20to50 | 23 | low_stats
v3 | 1 | cent10to20 | 4 | 5 | pT20to50 | 24 | low_stats
v3 | 1 | cent10to20 | 4 | 5 | pT20to50 | 25 | low_stats
v3 | 1 | cent10to20 | 4 | 5 | pT20to50 | 26 | low_stats
v3 | 1 | cent10to20 | 4 | 5 | pT20to50 | 27 | low_stats
v3 | 1 | cent10to20 | 4 | 5 | pT20to50 | 28 | low_stats
v3 | 1 | cent10to20 | 4 | 5 | pT20to50 | 29 | low_stats
v3 | 1 | cent10to20 | 4 | 5 | pT20to50 | 30 | low_stats
v3 | 1 | cent10to20 | 4 | 5 | pT20to50 | 31 | low_stats
v3 | 1 | cent10to20 | 4 | 5 | pT20to50 | 32 | low_stats
v3 | 1 | cent10to20 | 4 | 5 | pT20to50 | 33 | low_stats
v3 | 1 | cent10to20 | 4 | 5 | pT20to50 | 34 | low_stats
v3 | 1 | cent10to20 | 4 | 5 | pT20to50 | 35 | low_stats
v3 | 1 | cent10to20 | 4 | 5 | pT20to50 | 36 | low_stats
v3 | 1 | cent10to20 | 4 | 5 | pT20to50 | 37 | low_stats
v3 | 1 | cent10to20 | 4 | 5 | pT20to50 | 38 | low_stats
v3 | 1 | cent10to20 | 4 | 5 | pT20to50 | 39 | low_stats
v3 | 1 | cent10to20 | 4 | 5 | pT20to50 | 40 | low_stats
v3 | 1 | cent10to20 | 4 | 5 | pT20to50 | 41 | low_stats
v3 | 1 | cent10to20 | 4 | 5 | pT20to50 | 42 | low_stats
v3 | 1 | cent10to20 | 4 | 5 | pT20to50 | 43 | low_stats
v3 | 1 | cent10to20 | 4 | 5 | pT20to50 | 44 | low_stats
v3 | 1 | cent10to20 | 4 | 5 | pT20to50 | 45 | low_stats
v3 | 1 | cent10to20 | 4 | 5 | pT20to50 | 46 | low_stats
v3 | 1 | cent10to20 | 4 | 5 | pT20to50 | 47 | low_stats
v3 | 1 | cent10to20 | 5 | 5 | pT20to50 | 0 | low_stats
v3 | 1 | cent10to20 | 5 | 5 | pT20to50 | 1 | low_stats
v3 | 1 | cent10to20 | 5 | 5 | pT20to50 | 2 | low_stats
v3 | 1 | cent10to20 | 5 | 5 | pT20to50 | 3 | low_stats
v3 | 1 | cent10to20 | 5 | 5 | pT20to50 | 4 | low_stats
v3 | 1 | cent10to20 | 5 | 5 | pT20to50 | 5 | low_stats
v3 | 1 | cent10to20 | 5 | 5 | pT20to50 | 6 | low_stats
v3 | 1 | cent10to20 | 5 | 5 | pT20to50 | 7 | low_stats
v3 | 1 | cent10to20 | 5 | 5 | pT20to50 | 8 | low_stats
v3 | 1 | cent10to20 | 5 | 5 | pT20to50 | 9 | low_stats
v3 | 1 | cent10to20 | 5 | 5 | pT20to50 | 10 | low_stats
v3 | 1 | cent10to20 | 5 | 5 | pT20to50 | 11 | low_stats
v3 | 1 | cent10to20 | 5 | 5 | pT20to50 | 12 | low_stats
v3 | 1 | cent10to20 | 5 | 5 | pT20to50 | 13 | low_stats
v3 | 1 | cent10to20 | 5 | 5 | pT20to50 | 14 | low_stats
v3 | 1 | cent10to20 | 5 | 5 | pT20to50 | 15 | low_stats
v3 | 1 | cent10to20 | 5 | 5 | pT20to50 | 16 | low_stats
v3 | 1 | cent10to20 | 5 | 5 | pT20to50 | 17 | low_stats
v3 | 1 | cent10to20 | 5 | 5 | pT20to50 | 18 | low_stats
v3 | 1 | cent10to20 | 5 | 5 | pT20to50 | 19 | low_stats
v3 | 1 | cent10to20 | 5 | 5 | pT20to50 | 20 | low_stats
v3 | 1 | cent10to20 | 5 | 5 | pT20to50 | 21 | low_stats
v3 | 1 | cent10to20 | 5 | 5 | pT20to50 | 22 | low_stats
v3 | 1 | cent10to20 | 5 | 5 | pT20to50 | 23 | low_stats
v3 | 1 | cent10to20 | 5 | 5 | pT20to50 | 24 | low_stats
v3 | 1 | cent10to20 | 5 | 5 | pT20to50 | 25 | low_stats
v3 | 1 | cent10to20 | 5 | 5 | pT20to50 | 26 | low_stats
v3 | 1 | cent10to20 | 5 | 5 | pT20to50 | 27 | low_stats
v3 | 1 | cent10to20 | 5 | 5 | pT20to50 | 28 | low_stats
v3 | 1 | cent10to20 | 5 | 5 | pT20to50 | 29 | low_stats
v3 | 1 | cent10to20 | 5 | 5 | pT20to50 | 30 | low_stats
v3 | 1 | cent10to20 | 5 | 5 | pT20to50 | 31 | low_stats
v3 | 1 | cent10to20 | 5 | 5 | pT20to50 | 32 | low_stats
v3 | 1 | cent10to20 | 5 | 5 | pT20to50 | 33 | low_stats
v3 | 1 | cent10to20 | 5 | 5 | pT20to50 | 34 | low_stats
v3 | 1 | cent10to20 | 5 | 5 | pT20to50 | 35 | low_stats
v3 | 1 | cent10to20 | 5 | 5 | pT20to50 | 36 | low_stats
v3 | 1 | cent10to20 | 5 | 5 | pT20to50 | 37 | low_stats
v3 | 1 | cent10to20 | 5 | 5 | pT20to50 | 38 | low_stats
v3 | 1 | cent10to20 | 5 | 5 | pT20to50 | 39 | low_stats
v3 | 1 | cent10to20 | 5 | 5 | pT20to50 | 40 | low_stats
v3 | 1 | cent10to20 | 5 | 5 | pT20to50 | 41 | low_stats
v3 | 1 | cent10to20 | 5 | 5 | pT20to50 | 42 | low_stats
v3 | 1 | cent10to20 | 5 | 5 | pT20to50 | 43 | low_stats
v3 | 1 | cent10to20 | 5 | 5 | pT20to50 | 44 | low_stats
v3 | 1 | cent10to20 | 5 | 5 | pT20to50 | 45 | low_stats
v3 | 1 | cent10to20 | 5 | 5 | pT20to50 | 46 | low_stats
v3 | 1 | cent10to20 | 5 | 5 | pT20to50 | 47 | low_stats
v3 | 1 | cent10to20 | 6 | 5 | pT20to50 | 0 | low_stats
v3 | 1 | cent10to20 | 6 | 5 | pT20to50 | 1 | low_stats
v3 | 1 | cent10to20 | 6 | 5 | pT20to50 | 2 | low_stats
v3 | 1 | cent10to20 | 6 | 5 | pT20to50 | 3 | low_stats
v3 | 1 | cent10to20 | 6 | 5 | pT20to50 | 4 | low_stats
v3 | 1 | cent10to20 | 6 | 5 | pT20to50 | 5 | low_stats
v3 | 1 | cent10to20 | 6 | 5 | pT20to50 | 6 | low_stats
v3 | 1 | cent10to20 | 6 | 5 | pT20to50 | 7 | low_stats
v3 | 1 | cent10to20 | 6 | 5 | pT20to50 | 8 | low_stats
v3 | 1 | cent10to20 | 6 | 5 | pT20to50 | 9 | low_stats
v3 | 1 | cent10to20 | 6 | 5 | pT20to50 | 10 | low_stats
v3 | 1 | cent10to20 | 6 | 5 | pT20to50 | 11 | low_stats
v3 | 1 | cent10to20 | 6 | 5 | pT20to50 | 12 | low_stats
v3 | 1 | cent10to20 | 6 | 5 | pT20to50 | 13 | low_stats
v3 | 1 | cent10to20 | 6 | 5 | pT20to50 | 14 | low_stats
v3 | 1 | cent10to20 | 6 | 5 | pT20to50 | 15 | low_stats
v3 | 1 | cent10to20 | 6 | 5 | pT20to50 | 16 | low_stats
v3 | 1 | cent10to20 | 6 | 5 | pT20to50 | 17 | low_stats
v3 | 1 | cent10to20 | 6 | 5 | pT20to50 | 18 | low_stats
v3 | 1 | cent10to20 | 6 | 5 | pT20to50 | 19 | low_stats
v3 | 1 | cent10to20 | 6 | 5 | pT20to50 | 20 | low_stats
v3 | 1 | cent10to20 | 6 | 5 | pT20to50 | 21 | low_stats
v3 | 1 | cent10to20 | 6 | 5 | pT20to50 | 22 | low_stats
v3 | 1 | cent10to20 | 6 | 5 | pT20to50 | 23 | low_stats
v3 | 1 | cent10to20 | 6 | 5 | pT20to50 | 24 | low_stats
v3 | 1 | cent10to20 | 6 | 5 | pT20to50 | 25 | low_stats
v3 | 1 | cent10to20 | 6 | 5 | pT20to50 | 26 | low_stats
v3 | 1 | cent10to20 | 6 | 5 | pT20to50 | 27 | low_stats
v3 | 1 | cent10to20 | 6 | 5 | pT20to50 | 28 | low_stats
v3 | 1 | cent10to20 | 6 | 5 | pT20to50 | 29 | low_stats
v3 | 1 | cent10to20 | 6 | 5 | pT20to50 | 30 | low_stats
v3 | 1 | cent10to20 | 6 | 5 | pT20to50 | 31 | low_stats
v3 | 1 | cent10to20 | 6 | 5 | pT20to50 | 32 | low_stats
v3 | 1 | cent10to20 | 6 | 5 | pT20to50 | 33 | low_stats
v3 | 1 | cent10to20 | 6 | 5 | pT20to50 | 34 | low_stats
v3 | 1 | cent10to20 | 6 | 5 | pT20to50 | 35 | low_stats
v3 | 1 | cent10to20 | 6 | 5 | pT20to50 | 36 | low_stats
v3 | 1 | cent10to20 | 6 | 5 | pT20to50 | 37 | low_stats
v3 | 1 | cent10to20 | 6 | 5 | pT20to50 | 38 | low_stats
v3 | 1 | cent10to20 | 6 | 5 | pT20to50 | 39 | low_stats
v3 | 1 | cent10to20 | 6 | 5 | pT20to50 | 40 | low_stats
v3 | 1 | cent10to20 | 6 | 5 | pT20to50 | 41 | low_stats
v3 | 1 | cent10to20 | 6 | 5 | pT20to50 | 42 | low_stats
v3 | 1 | cent10to20 | 6 | 5 | pT20to50 | 43 | low_stats
v3 | 1 | cent10to20 | 6 | 5 | pT20to50 | 44 | low_stats
v3 | 1 | cent10to20 | 6 | 5 | pT20to50 | 45 | low_stats
v3 | 1 | cent10to20 | 6 | 5 | pT20to50 | 46 | low_stats
v3 | 1 | cent10to20 | 6 | 5 | pT20to50 | 47 | low_stats
v3 | 1 | cent10to20 | 7 | 5 | pT20to50 | 0 | low_stats
v3 | 1 | cent10to20 | 7 | 5 | pT20to50 | 1 | low_stats
v3 | 1 | cent10to20 | 7 | 5 | pT20to50 | 2 | low_stats
v3 | 1 | cent10to20 | 7 | 5 | pT20to50 | 3 | low_stats
v3 | 1 | cent10to20 | 7 | 5 | pT20to50 | 4 | low_stats
v3 | 1 | cent10to20 | 7 | 5 | pT20to50 | 5 | low_stats
v3 | 1 | cent10to20 | 7 | 5 | pT20to50 | 6 | low_stats
v3 | 1 | cent10to20 | 7 | 5 | pT20to50 | 7 | low_stats
v3 | 1 | cent10to20 | 7 | 5 | pT20to50 | 8 | low_stats
v3 | 1 | cent10to20 | 7 | 5 | pT20to50 | 9 | low_stats
v3 | 1 | cent10to20 | 7 | 5 | pT20to50 | 10 | low_stats
v3 | 1 | cent10to20 | 7 | 5 | pT20to50 | 11 | low_stats
v3 | 1 | cent10to20 | 7 | 5 | pT20to50 | 12 | low_stats
v3 | 1 | cent10to20 | 7 | 5 | pT20to50 | 13 | low_stats
v3 | 1 | cent10to20 | 7 | 5 | pT20to50 | 14 | low_stats
v3 | 1 | cent10to20 | 7 | 5 | pT20to50 | 15 | low_stats
v3 | 1 | cent10to20 | 7 | 5 | pT20to50 | 16 | low_stats
v3 | 1 | cent10to20 | 7 | 5 | pT20to50 | 17 | low_stats
v3 | 1 | cent10to20 | 7 | 5 | pT20to50 | 18 | low_stats
v3 | 1 | cent10to20 | 7 | 5 | pT20to50 | 19 | low_stats
v3 | 1 | cent10to20 | 7 | 5 | pT20to50 | 20 | low_stats
v3 | 1 | cent10to20 | 7 | 5 | pT20to50 | 21 | low_stats
v3 | 1 | cent10to20 | 7 | 5 | pT20to50 | 22 | low_stats
v3 | 1 | cent10to20 | 7 | 5 | pT20to50 | 23 | low_stats
v3 | 1 | cent10to20 | 7 | 5 | pT20to50 | 24 | low_stats
v3 | 1 | cent10to20 | 7 | 5 | pT20to50 | 25 | low_stats
v3 | 1 | cent10to20 | 7 | 5 | pT20to50 | 26 | low_stats
v3 | 1 | cent10to20 | 7 | 5 | pT20to50 | 27 | low_stats
v3 | 1 | cent10to20 | 7 | 5 | pT20to50 | 28 | low_stats
v3 | 1 | cent10to20 | 7 | 5 | pT20to50 | 29 | low_stats
v3 | 1 | cent10to20 | 7 | 5 | pT20to50 | 30 | low_stats
v3 | 1 | cent10to20 | 7 | 5 | pT20to50 | 31 | low_stats
v3 | 1 | cent10to20 | 7 | 5 | pT20to50 | 32 | low_stats
v3 | 1 | cent10to20 | 7 | 5 | pT20to50 | 33 | low_stats
v3 | 1 | cent10to20 | 7 | 5 | pT20to50 | 34 | low_stats
v3 | 1 | cent10to20 | 7 | 5 | pT20to50 | 35 | low_stats
v3 | 1 | cent10to20 | 7 | 5 | pT20to50 | 36 | low_stats
v3 | 1 | cent10to20 | 7 | 5 | pT20to50 | 37 | low_stats
v3 | 1 | cent10to20 | 7 | 5 | pT20to50 | 38 | low_stats
v3 | 1 | cent10to20 | 7 | 5 | pT20to50 | 39 | low_stats
v3 | 1 | cent10to20 | 7 | 5 | pT20to50 | 40 | low_stats
v3 | 1 | cent10to20 | 7 | 5 | pT20to50 | 41 | low_stats
v3 | 1 | cent10to20 | 7 | 5 | pT20to50 | 42 | low_stats
v3 | 1 | cent10to20 | 7 | 5 | pT20to50 | 43 | low_stats
v3 | 1 | cent10to20 | 7 | 5 | pT20to50 | 44 | low_stats
v3 | 1 | cent10to20 | 7 | 5 | pT20to50 | 45 | low_stats
v3 | 1 | cent10to20 | 7 | 5 | pT20to50 | 46 | low_stats
v3 | 1 | cent10to20 | 7 | 5 | pT20to50 | 47 | low_stats
v3 | 1 | cent10to20 | 8 | 5 | pT20to50 | 0 | low_stats
v3 | 1 | cent10to20 | 8 | 5 | pT20to50 | 1 | low_stats
v3 | 1 | cent10to20 | 8 | 5 | pT20to50 | 2 | low_stats
v3 | 1 | cent10to20 | 8 | 5 | pT20to50 | 3 | low_stats
v3 | 1 | cent10to20 | 8 | 5 | pT20to50 | 4 | low_stats
v3 | 1 | cent10to20 | 8 | 5 | pT20to50 | 5 | low_stats
v3 | 1 | cent10to20 | 8 | 5 | pT20to50 | 6 | low_stats
v3 | 1 | cent10to20 | 8 | 5 | pT20to50 | 7 | low_stats
v3 | 1 | cent10to20 | 8 | 5 | pT20to50 | 8 | low_stats
v3 | 1 | cent10to20 | 8 | 5 | pT20to50 | 9 | low_stats
v3 | 1 | cent10to20 | 8 | 5 | pT20to50 | 10 | low_stats
v3 | 1 | cent10to20 | 8 | 5 | pT20to50 | 11 | low_stats
v3 | 1 | cent10to20 | 8 | 5 | pT20to50 | 12 | low_stats
v3 | 1 | cent10to20 | 8 | 5 | pT20to50 | 13 | low_stats
v3 | 1 | cent10to20 | 8 | 5 | pT20to50 | 14 | low_stats
v3 | 1 | cent10to20 | 8 | 5 | pT20to50 | 15 | low_stats
v3 | 1 | cent10to20 | 8 | 5 | pT20to50 | 16 | low_stats
v3 | 1 | cent10to20 | 8 | 5 | pT20to50 | 17 | low_stats
v3 | 1 | cent10to20 | 8 | 5 | pT20to50 | 18 | low_stats
v3 | 1 | cent10to20 | 8 | 5 | pT20to50 | 19 | low_stats
v3 | 1 | cent10to20 | 8 | 5 | pT20to50 | 20 | low_stats
v3 | 1 | cent10to20 | 8 | 5 | pT20to50 | 21 | low_stats
v3 | 1 | cent10to20 | 8 | 5 | pT20to50 | 22 | low_stats
v3 | 1 | cent10to20 | 8 | 5 | pT20to50 | 23 | low_stats
v3 | 1 | cent10to20 | 8 | 5 | pT20to50 | 24 | low_stats
v3 | 1 | cent10to20 | 8 | 5 | pT20to50 | 25 | low_stats
v3 | 1 | cent10to20 | 8 | 5 | pT20to50 | 26 | low_stats
v3 | 1 | cent10to20 | 8 | 5 | pT20to50 | 27 | low_stats
v3 | 1 | cent10to20 | 8 | 5 | pT20to50 | 28 | low_stats
v3 | 1 | cent10to20 | 8 | 5 | pT20to50 | 29 | low_stats
v3 | 1 | cent10to20 | 8 | 5 | pT20to50 | 30 | low_stats
v3 | 1 | cent10to20 | 8 | 5 | pT20to50 | 31 | low_stats
v3 | 1 | cent10to20 | 8 | 5 | pT20to50 | 32 | low_stats
v3 | 1 | cent10to20 | 8 | 5 | pT20to50 | 33 | low_stats
v3 | 1 | cent10to20 | 8 | 5 | pT20to50 | 34 | low_stats
v3 | 1 | cent10to20 | 8 | 5 | pT20to50 | 35 | low_stats
v3 | 1 | cent10to20 | 8 | 5 | pT20to50 | 36 | low_stats
v3 | 1 | cent10to20 | 8 | 5 | pT20to50 | 37 | low_stats
v3 | 1 | cent10to20 | 8 | 5 | pT20to50 | 38 | low_stats
v3 | 1 | cent10to20 | 8 | 5 | pT20to50 | 39 | low_stats
v3 | 1 | cent10to20 | 8 | 5 | pT20to50 | 40 | low_stats
v3 | 1 | cent10to20 | 8 | 5 | pT20to50 | 41 | low_stats
v3 | 1 | cent10to20 | 8 | 5 | pT20to50 | 42 | low_stats
v3 | 1 | cent10to20 | 8 | 5 | pT20to50 | 43 | low_stats
v3 | 1 | cent10to20 | 8 | 5 | pT20to50 | 44 | low_stats
v3 | 1 | cent10to20 | 8 | 5 | pT20to50 | 45 | low_stats
v3 | 1 | cent10to20 | 8 | 5 | pT20to50 | 46 | low_stats
v3 | 1 | cent10to20 | 8 | 5 | pT20to50 | 47 | low_stats
v3 | 1 | cent10to20 | 9 | 5 | pT20to50 | 0 | low_stats
v3 | 1 | cent10to20 | 9 | 5 | pT20to50 | 1 | low_stats
v3 | 1 | cent10to20 | 9 | 5 | pT20to50 | 2 | low_stats
v3 | 1 | cent10to20 | 9 | 5 | pT20to50 | 3 | low_stats
v3 | 1 | cent10to20 | 9 | 5 | pT20to50 | 4 | low_stats
v3 | 1 | cent10to20 | 9 | 5 | pT20to50 | 5 | low_stats
v3 | 1 | cent10to20 | 9 | 5 | pT20to50 | 6 | low_stats
v3 | 1 | cent10to20 | 9 | 5 | pT20to50 | 7 | low_stats
v3 | 1 | cent10to20 | 9 | 5 | pT20to50 | 8 | low_stats
v3 | 1 | cent10to20 | 9 | 5 | pT20to50 | 9 | low_stats
v3 | 1 | cent10to20 | 9 | 5 | pT20to50 | 10 | low_stats
v3 | 1 | cent10to20 | 9 | 5 | pT20to50 | 11 | low_stats
v3 | 1 | cent10to20 | 9 | 5 | pT20to50 | 12 | low_stats
v3 | 1 | cent10to20 | 9 | 5 | pT20to50 | 13 | low_stats
v3 | 1 | cent10to20 | 9 | 5 | pT20to50 | 14 | low_stats
v3 | 1 | cent10to20 | 9 | 5 | pT20to50 | 15 | low_stats
v3 | 1 | cent10to20 | 9 | 5 | pT20to50 | 16 | low_stats
v3 | 1 | cent10to20 | 9 | 5 | pT20to50 | 17 | low_stats
v3 | 1 | cent10to20 | 9 | 5 | pT20to50 | 18 | low_stats
v3 | 1 | cent10to20 | 9 | 5 | pT20to50 | 19 | low_stats
v3 | 1 | cent10to20 | 9 | 5 | pT20to50 | 20 | low_stats
v3 | 1 | cent10to20 | 9 | 5 | pT20to50 | 21 | low_stats
v3 | 1 | cent10to20 | 9 | 5 | pT20to50 | 22 | low_stats
v3 | 1 | cent10to20 | 9 | 5 | pT20to50 | 23 | low_stats
v3 | 1 | cent10to20 | 9 | 5 | pT20to50 | 24 | low_stats
v3 | 1 | cent10to20 | 9 | 5 | pT20to50 | 25 | low_stats
v3 | 1 | cent10to20 | 9 | 5 | pT20to50 | 26 | low_stats
v3 | 1 | cent10to20 | 9 | 5 | pT20to50 | 27 | low_stats
v3 | 1 | cent10to20 | 9 | 5 | pT20to50 | 28 | low_stats
v3 | 1 | cent10to20 | 9 | 5 | pT20to50 | 29 | low_stats
v3 | 1 | cent10to20 | 9 | 5 | pT20to50 | 30 | low_stats
v3 | 1 | cent10to20 | 9 | 5 | pT20to50 | 31 | low_stats
v3 | 1 | cent10to20 | 9 | 5 | pT20to50 | 32 | low_stats
v3 | 1 | cent10to20 | 9 | 5 | pT20to50 | 33 | low_stats
v3 | 1 | cent10to20 | 9 | 5 | pT20to50 | 34 | low_stats
v3 | 1 | cent10to20 | 9 | 5 | pT20to50 | 35 | low_stats
v3 | 1 | cent10to20 | 9 | 5 | pT20to50 | 36 | low_stats
v3 | 1 | cent10to20 | 9 | 5 | pT20to50 | 37 | low_stats
v3 | 1 | cent10to20 | 9 | 5 | pT20to50 | 38 | low_stats
v3 | 1 | cent10to20 | 9 | 5 | pT20to50 | 39 | low_stats
v3 | 1 | cent10to20 | 9 | 5 | pT20to50 | 40 | low_stats
v3 | 1 | cent10to20 | 9 | 5 | pT20to50 | 41 | low_stats
v3 | 1 | cent10to20 | 9 | 5 | pT20to50 | 42 | low_stats
v3 | 1 | cent10to20 | 9 | 5 | pT20to50 | 43 | low_stats
v3 | 1 | cent10to20 | 9 | 5 | pT20to50 | 44 | low_stats
v3 | 1 | cent10to20 | 9 | 5 | pT20to50 | 45 | low_stats
v3 | 1 | cent10to20 | 9 | 5 | pT20to50 | 46 | low_stats
v3 | 1 | cent10to20 | 9 | 5 | pT20to50 | 47 | low_stats
v3 | 1 | cent10to20 | 10 | 5 | pT20to50 | 0 | low_stats
v3 | 1 | cent10to20 | 10 | 5 | pT20to50 | 1 | low_stats
v3 | 1 | cent10to20 | 10 | 5 | pT20to50 | 2 | low_stats
v3 | 1 | cent10to20 | 10 | 5 | pT20to50 | 3 | low_stats
v3 | 1 | cent10to20 | 10 | 5 | pT20to50 | 4 | low_stats
v3 | 1 | cent10to20 | 10 | 5 | pT20to50 | 5 | low_stats
v3 | 1 | cent10to20 | 10 | 5 | pT20to50 | 6 | low_stats
v3 | 1 | cent10to20 | 10 | 5 | pT20to50 | 7 | low_stats
v3 | 1 | cent10to20 | 10 | 5 | pT20to50 | 8 | low_stats
v3 | 1 | cent10to20 | 10 | 5 | pT20to50 | 9 | low_stats
v3 | 1 | cent10to20 | 10 | 5 | pT20to50 | 10 | low_stats
v3 | 1 | cent10to20 | 10 | 5 | pT20to50 | 11 | low_stats
v3 | 1 | cent10to20 | 10 | 5 | pT20to50 | 12 | low_stats
v3 | 1 | cent10to20 | 10 | 5 | pT20to50 | 13 | low_stats
v3 | 1 | cent10to20 | 10 | 5 | pT20to50 | 14 | low_stats
v3 | 1 | cent10to20 | 10 | 5 | pT20to50 | 15 | low_stats
v3 | 1 | cent10to20 | 10 | 5 | pT20to50 | 16 | low_stats
v3 | 1 | cent10to20 | 10 | 5 | pT20to50 | 17 | low_stats
v3 | 1 | cent10to20 | 10 | 5 | pT20to50 | 18 | low_stats
v3 | 1 | cent10to20 | 10 | 5 | pT20to50 | 19 | low_stats
v3 | 1 | cent10to20 | 10 | 5 | pT20to50 | 20 | low_stats
v3 | 1 | cent10to20 | 10 | 5 | pT20to50 | 21 | low_stats
v3 | 1 | cent10to20 | 10 | 5 | pT20to50 | 22 | low_stats
v3 | 1 | cent10to20 | 10 | 5 | pT20to50 | 23 | low_stats
v3 | 1 | cent10to20 | 10 | 5 | pT20to50 | 24 | low_stats
v3 | 1 | cent10to20 | 10 | 5 | pT20to50 | 25 | low_stats
v3 | 1 | cent10to20 | 10 | 5 | pT20to50 | 26 | low_stats
v3 | 1 | cent10to20 | 10 | 5 | pT20to50 | 27 | low_stats
v3 | 1 | cent10to20 | 10 | 5 | pT20to50 | 28 | low_stats
v3 | 1 | cent10to20 | 10 | 5 | pT20to50 | 29 | low_stats
v3 | 1 | cent10to20 | 10 | 5 | pT20to50 | 30 | low_stats
v3 | 1 | cent10to20 | 10 | 5 | pT20to50 | 31 | low_stats
v3 | 1 | cent10to20 | 10 | 5 | pT20to50 | 32 | low_stats
v3 | 1 | cent10to20 | 10 | 5 | pT20to50 | 33 | low_stats
v3 | 1 | cent10to20 | 10 | 5 | pT20to50 | 34 | low_stats
v3 | 1 | cent10to20 | 10 | 5 | pT20to50 | 35 | low_stats
v3 | 1 | cent10to20 | 10 | 5 | pT20to50 | 36 | low_stats
v3 | 1 | cent10to20 | 10 | 5 | pT20to50 | 37 | low_stats
v3 | 1 | cent10to20 | 10 | 5 | pT20to50 | 38 | low_stats
v3 | 1 | cent10to20 | 10 | 5 | pT20to50 | 39 | low_stats
v3 | 1 | cent10to20 | 10 | 5 | pT20to50 | 40 | low_stats
v3 | 1 | cent10to20 | 10 | 5 | pT20to50 | 41 | low_stats
v3 | 1 | cent10to20 | 10 | 5 | pT20to50 | 42 | low_stats
v3 | 1 | cent10to20 | 10 | 5 | pT20to50 | 43 | low_stats
v3 | 1 | cent10to20 | 10 | 5 | pT20to50 | 44 | low_stats
v3 | 1 | cent10to20 | 10 | 5 | pT20to50 | 45 | low_stats
v3 | 1 | cent10to20 | 10 | 5 | pT20to50 | 46 | low_stats
v3 | 1 | cent10to20 | 10 | 5 | pT20to50 | 47 | low_stats
v3 | 1 | cent10to20 | 11 | 5 | pT20to50 | 0 | low_stats
v3 | 1 | cent10to20 | 11 | 5 | pT20to50 | 1 | low_stats
v3 | 1 | cent10to20 | 11 | 5 | pT20to50 | 2 | low_stats
v3 | 1 | cent10to20 | 11 | 5 | pT20to50 | 3 | low_stats
v3 | 1 | cent10to20 | 11 | 5 | pT20to50 | 4 | low_stats
v3 | 1 | cent10to20 | 11 | 5 | pT20to50 | 5 | low_stats
v3 | 1 | cent10to20 | 11 | 5 | pT20to50 | 6 | low_stats
v3 | 1 | cent10to20 | 11 | 5 | pT20to50 | 7 | low_stats
v3 | 1 | cent10to20 | 11 | 5 | pT20to50 | 8 | low_stats
v3 | 1 | cent10to20 | 11 | 5 | pT20to50 | 9 | low_stats
v3 | 1 | cent10to20 | 11 | 5 | pT20to50 | 10 | low_stats
v3 | 1 | cent10to20 | 11 | 5 | pT20to50 | 11 | low_stats
v3 | 1 | cent10to20 | 11 | 5 | pT20to50 | 12 | low_stats
v3 | 1 | cent10to20 | 11 | 5 | pT20to50 | 13 | low_stats
v3 | 1 | cent10to20 | 11 | 5 | pT20to50 | 14 | low_stats
v3 | 1 | cent10to20 | 11 | 5 | pT20to50 | 15 | low_stats
v3 | 1 | cent10to20 | 11 | 5 | pT20to50 | 16 | low_stats
v3 | 1 | cent10to20 | 11 | 5 | pT20to50 | 17 | low_stats
v3 | 1 | cent10to20 | 11 | 5 | pT20to50 | 18 | low_stats
v3 | 1 | cent10to20 | 11 | 5 | pT20to50 | 19 | low_stats
v3 | 1 | cent10to20 | 11 | 5 | pT20to50 | 20 | low_stats
v3 | 1 | cent10to20 | 11 | 5 | pT20to50 | 21 | low_stats
v3 | 1 | cent10to20 | 11 | 5 | pT20to50 | 22 | low_stats
v3 | 1 | cent10to20 | 11 | 5 | pT20to50 | 23 | low_stats
v3 | 1 | cent10to20 | 11 | 5 | pT20to50 | 24 | low_stats
v3 | 1 | cent10to20 | 11 | 5 | pT20to50 | 25 | low_stats
v3 | 1 | cent10to20 | 11 | 5 | pT20to50 | 26 | low_stats
v3 | 1 | cent10to20 | 11 | 5 | pT20to50 | 27 | low_stats
v3 | 1 | cent10to20 | 11 | 5 | pT20to50 | 28 | low_stats
v3 | 1 | cent10to20 | 11 | 5 | pT20to50 | 29 | low_stats
v3 | 1 | cent10to20 | 11 | 5 | pT20to50 | 30 | low_stats
v3 | 1 | cent10to20 | 11 | 5 | pT20to50 | 31 | low_stats
v3 | 1 | cent10to20 | 11 | 5 | pT20to50 | 32 | low_stats
v3 | 1 | cent10to20 | 11 | 5 | pT20to50 | 33 | low_stats
v3 | 1 | cent10to20 | 11 | 5 | pT20to50 | 34 | low_stats
v3 | 1 | cent10to20 | 11 | 5 | pT20to50 | 35 | low_stats
v3 | 1 | cent10to20 | 11 | 5 | pT20to50 | 36 | low_stats
v3 | 1 | cent10to20 | 11 | 5 | pT20to50 | 37 | low_stats
v3 | 1 | cent10to20 | 11 | 5 | pT20to50 | 38 | low_stats
v3 | 1 | cent10to20 | 11 | 5 | pT20to50 | 39 | low_stats
v3 | 1 | cent10to20 | 11 | 5 | pT20to50 | 40 | low_stats
v3 | 1 | cent10to20 | 11 | 5 | pT20to50 | 41 | low_stats
v3 | 1 | cent10to20 | 11 | 5 | pT20to50 | 42 | low_stats
v3 | 1 | cent10to20 | 11 | 5 | pT20to50 | 43 | low_stats
v3 | 1 | cent10to20 | 11 | 5 | pT20to50 | 44 | low_stats
v3 | 1 | cent10to20 | 11 | 5 | pT20to50 | 45 | low_stats
v3 | 1 | cent10to20 | 11 | 5 | pT20to50 | 46 | low_stats
v3 | 1 | cent10to20 | 11 | 5 | pT20to50 | 47 | low_stats
v3 | 1 | cent10to20 | 0 | 6 | pT50to100 | 0 | low_stats
v3 | 1 | cent10to20 | 0 | 6 | pT50to100 | 1 | low_stats
v3 | 1 | cent10to20 | 0 | 6 | pT50to100 | 2 | low_stats
v3 | 1 | cent10to20 | 0 | 6 | pT50to100 | 3 | low_stats
v3 | 1 | cent10to20 | 0 | 6 | pT50to100 | 4 | low_stats
v3 | 1 | cent10to20 | 0 | 6 | pT50to100 | 5 | low_stats
v3 | 1 | cent10to20 | 0 | 6 | pT50to100 | 6 | low_stats
v3 | 1 | cent10to20 | 0 | 6 | pT50to100 | 7 | low_stats
v3 | 1 | cent10to20 | 0 | 6 | pT50to100 | 8 | low_stats
v3 | 1 | cent10to20 | 0 | 6 | pT50to100 | 9 | low_stats
v3 | 1 | cent10to20 | 0 | 6 | pT50to100 | 10 | low_stats
v3 | 1 | cent10to20 | 0 | 6 | pT50to100 | 11 | low_stats
v3 | 1 | cent10to20 | 0 | 6 | pT50to100 | 12 | low_stats
v3 | 1 | cent10to20 | 0 | 6 | pT50to100 | 13 | low_stats
v3 | 1 | cent10to20 | 0 | 6 | pT50to100 | 14 | low_stats
v3 | 1 | cent10to20 | 0 | 6 | pT50to100 | 15 | low_stats
v3 | 1 | cent10to20 | 0 | 6 | pT50to100 | 16 | low_stats
v3 | 1 | cent10to20 | 0 | 6 | pT50to100 | 17 | low_stats
v3 | 1 | cent10to20 | 0 | 6 | pT50to100 | 18 | low_stats
v3 | 1 | cent10to20 | 0 | 6 | pT50to100 | 19 | low_stats
v3 | 1 | cent10to20 | 0 | 6 | pT50to100 | 20 | low_stats
v3 | 1 | cent10to20 | 0 | 6 | pT50to100 | 21 | low_stats
v3 | 1 | cent10to20 | 0 | 6 | pT50to100 | 22 | low_stats
v3 | 1 | cent10to20 | 0 | 6 | pT50to100 | 23 | low_stats
v3 | 1 | cent10to20 | 0 | 6 | pT50to100 | 24 | low_stats
v3 | 1 | cent10to20 | 0 | 6 | pT50to100 | 25 | low_stats
v3 | 1 | cent10to20 | 0 | 6 | pT50to100 | 26 | low_stats
v3 | 1 | cent10to20 | 0 | 6 | pT50to100 | 27 | low_stats
v3 | 1 | cent10to20 | 0 | 6 | pT50to100 | 28 | low_stats
v3 | 1 | cent10to20 | 0 | 6 | pT50to100 | 29 | low_stats
v3 | 1 | cent10to20 | 0 | 6 | pT50to100 | 30 | low_stats
v3 | 1 | cent10to20 | 0 | 6 | pT50to100 | 31 | low_stats
v3 | 1 | cent10to20 | 0 | 6 | pT50to100 | 32 | low_stats
v3 | 1 | cent10to20 | 0 | 6 | pT50to100 | 33 | low_stats
v3 | 1 | cent10to20 | 0 | 6 | pT50to100 | 34 | low_stats
v3 | 1 | cent10to20 | 0 | 6 | pT50to100 | 35 | low_stats
v3 | 1 | cent10to20 | 0 | 6 | pT50to100 | 36 | low_stats
v3 | 1 | cent10to20 | 0 | 6 | pT50to100 | 37 | low_stats
v3 | 1 | cent10to20 | 0 | 6 | pT50to100 | 38 | low_stats
v3 | 1 | cent10to20 | 0 | 6 | pT50to100 | 39 | low_stats
v3 | 1 | cent10to20 | 0 | 6 | pT50to100 | 40 | low_stats
v3 | 1 | cent10to20 | 0 | 6 | pT50to100 | 41 | low_stats
v3 | 1 | cent10to20 | 0 | 6 | pT50to100 | 42 | low_stats
v3 | 1 | cent10to20 | 0 | 6 | pT50to100 | 43 | low_stats
v3 | 1 | cent10to20 | 0 | 6 | pT50to100 | 44 | low_stats
v3 | 1 | cent10to20 | 0 | 6 | pT50to100 | 45 | low_stats
v3 | 1 | cent10to20 | 0 | 6 | pT50to100 | 46 | low_stats
v3 | 1 | cent10to20 | 0 | 6 | pT50to100 | 47 | low_stats
v3 | 1 | cent10to20 | 1 | 6 | pT50to100 | 0 | low_stats
v3 | 1 | cent10to20 | 1 | 6 | pT50to100 | 1 | low_stats
v3 | 1 | cent10to20 | 1 | 6 | pT50to100 | 2 | low_stats
v3 | 1 | cent10to20 | 1 | 6 | pT50to100 | 3 | low_stats
v3 | 1 | cent10to20 | 1 | 6 | pT50to100 | 4 | low_stats
v3 | 1 | cent10to20 | 1 | 6 | pT50to100 | 5 | low_stats
v3 | 1 | cent10to20 | 1 | 6 | pT50to100 | 6 | low_stats
v3 | 1 | cent10to20 | 1 | 6 | pT50to100 | 7 | low_stats
v3 | 1 | cent10to20 | 1 | 6 | pT50to100 | 8 | low_stats
v3 | 1 | cent10to20 | 1 | 6 | pT50to100 | 9 | low_stats
v3 | 1 | cent10to20 | 1 | 6 | pT50to100 | 10 | low_stats
v3 | 1 | cent10to20 | 1 | 6 | pT50to100 | 11 | low_stats
v3 | 1 | cent10to20 | 1 | 6 | pT50to100 | 12 | low_stats
v3 | 1 | cent10to20 | 1 | 6 | pT50to100 | 13 | low_stats
v3 | 1 | cent10to20 | 1 | 6 | pT50to100 | 14 | low_stats
v3 | 1 | cent10to20 | 1 | 6 | pT50to100 | 15 | low_stats
v3 | 1 | cent10to20 | 1 | 6 | pT50to100 | 16 | low_stats
v3 | 1 | cent10to20 | 1 | 6 | pT50to100 | 17 | low_stats
v3 | 1 | cent10to20 | 1 | 6 | pT50to100 | 18 | low_stats
v3 | 1 | cent10to20 | 1 | 6 | pT50to100 | 19 | low_stats
v3 | 1 | cent10to20 | 1 | 6 | pT50to100 | 20 | low_stats
v3 | 1 | cent10to20 | 1 | 6 | pT50to100 | 21 | low_stats
v3 | 1 | cent10to20 | 1 | 6 | pT50to100 | 22 | low_stats
v3 | 1 | cent10to20 | 1 | 6 | pT50to100 | 23 | low_stats
v3 | 1 | cent10to20 | 1 | 6 | pT50to100 | 24 | low_stats
v3 | 1 | cent10to20 | 1 | 6 | pT50to100 | 25 | low_stats
v3 | 1 | cent10to20 | 1 | 6 | pT50to100 | 26 | low_stats
v3 | 1 | cent10to20 | 1 | 6 | pT50to100 | 27 | low_stats
v3 | 1 | cent10to20 | 1 | 6 | pT50to100 | 28 | low_stats
v3 | 1 | cent10to20 | 1 | 6 | pT50to100 | 29 | low_stats
v3 | 1 | cent10to20 | 1 | 6 | pT50to100 | 30 | low_stats
v3 | 1 | cent10to20 | 1 | 6 | pT50to100 | 31 | low_stats
v3 | 1 | cent10to20 | 1 | 6 | pT50to100 | 32 | low_stats
v3 | 1 | cent10to20 | 1 | 6 | pT50to100 | 33 | low_stats
v3 | 1 | cent10to20 | 1 | 6 | pT50to100 | 34 | low_stats
v3 | 1 | cent10to20 | 1 | 6 | pT50to100 | 35 | low_stats
v3 | 1 | cent10to20 | 1 | 6 | pT50to100 | 36 | low_stats
v3 | 1 | cent10to20 | 1 | 6 | pT50to100 | 37 | low_stats
v3 | 1 | cent10to20 | 1 | 6 | pT50to100 | 38 | low_stats
v3 | 1 | cent10to20 | 1 | 6 | pT50to100 | 39 | low_stats
v3 | 1 | cent10to20 | 1 | 6 | pT50to100 | 40 | low_stats
v3 | 1 | cent10to20 | 1 | 6 | pT50to100 | 41 | low_stats
v3 | 1 | cent10to20 | 1 | 6 | pT50to100 | 42 | low_stats
v3 | 1 | cent10to20 | 1 | 6 | pT50to100 | 43 | low_stats
v3 | 1 | cent10to20 | 1 | 6 | pT50to100 | 44 | low_stats
v3 | 1 | cent10to20 | 1 | 6 | pT50to100 | 45 | low_stats
v3 | 1 | cent10to20 | 1 | 6 | pT50to100 | 46 | low_stats
v3 | 1 | cent10to20 | 1 | 6 | pT50to100 | 47 | low_stats
v3 | 1 | cent10to20 | 2 | 6 | pT50to100 | 0 | low_stats
v3 | 1 | cent10to20 | 2 | 6 | pT50to100 | 1 | low_stats
v3 | 1 | cent10to20 | 2 | 6 | pT50to100 | 2 | low_stats
v3 | 1 | cent10to20 | 2 | 6 | pT50to100 | 3 | low_stats
v3 | 1 | cent10to20 | 2 | 6 | pT50to100 | 4 | low_stats
v3 | 1 | cent10to20 | 2 | 6 | pT50to100 | 5 | low_stats
v3 | 1 | cent10to20 | 2 | 6 | pT50to100 | 6 | low_stats
v3 | 1 | cent10to20 | 2 | 6 | pT50to100 | 7 | low_stats
v3 | 1 | cent10to20 | 2 | 6 | pT50to100 | 8 | low_stats
v3 | 1 | cent10to20 | 2 | 6 | pT50to100 | 9 | low_stats
v3 | 1 | cent10to20 | 2 | 6 | pT50to100 | 10 | low_stats
v3 | 1 | cent10to20 | 2 | 6 | pT50to100 | 11 | low_stats
v3 | 1 | cent10to20 | 2 | 6 | pT50to100 | 12 | low_stats
v3 | 1 | cent10to20 | 2 | 6 | pT50to100 | 13 | low_stats
v3 | 1 | cent10to20 | 2 | 6 | pT50to100 | 14 | low_stats
v3 | 1 | cent10to20 | 2 | 6 | pT50to100 | 15 | low_stats
v3 | 1 | cent10to20 | 2 | 6 | pT50to100 | 16 | low_stats
v3 | 1 | cent10to20 | 2 | 6 | pT50to100 | 17 | low_stats
v3 | 1 | cent10to20 | 2 | 6 | pT50to100 | 18 | low_stats
v3 | 1 | cent10to20 | 2 | 6 | pT50to100 | 19 | low_stats
v3 | 1 | cent10to20 | 2 | 6 | pT50to100 | 20 | low_stats
v3 | 1 | cent10to20 | 2 | 6 | pT50to100 | 21 | low_stats
v3 | 1 | cent10to20 | 2 | 6 | pT50to100 | 22 | low_stats
v3 | 1 | cent10to20 | 2 | 6 | pT50to100 | 23 | low_stats
v3 | 1 | cent10to20 | 2 | 6 | pT50to100 | 24 | low_stats
v3 | 1 | cent10to20 | 2 | 6 | pT50to100 | 25 | low_stats
v3 | 1 | cent10to20 | 2 | 6 | pT50to100 | 26 | low_stats
v3 | 1 | cent10to20 | 2 | 6 | pT50to100 | 27 | low_stats
v3 | 1 | cent10to20 | 2 | 6 | pT50to100 | 28 | low_stats
v3 | 1 | cent10to20 | 2 | 6 | pT50to100 | 29 | low_stats
v3 | 1 | cent10to20 | 2 | 6 | pT50to100 | 30 | low_stats
v3 | 1 | cent10to20 | 2 | 6 | pT50to100 | 31 | low_stats
v3 | 1 | cent10to20 | 2 | 6 | pT50to100 | 32 | low_stats
v3 | 1 | cent10to20 | 2 | 6 | pT50to100 | 33 | low_stats
v3 | 1 | cent10to20 | 2 | 6 | pT50to100 | 34 | low_stats
v3 | 1 | cent10to20 | 2 | 6 | pT50to100 | 35 | low_stats
v3 | 1 | cent10to20 | 2 | 6 | pT50to100 | 36 | low_stats
v3 | 1 | cent10to20 | 2 | 6 | pT50to100 | 37 | low_stats
v3 | 1 | cent10to20 | 2 | 6 | pT50to100 | 38 | low_stats
v3 | 1 | cent10to20 | 2 | 6 | pT50to100 | 39 | low_stats
v3 | 1 | cent10to20 | 2 | 6 | pT50to100 | 40 | low_stats
v3 | 1 | cent10to20 | 2 | 6 | pT50to100 | 41 | low_stats
v3 | 1 | cent10to20 | 2 | 6 | pT50to100 | 42 | low_stats
v3 | 1 | cent10to20 | 2 | 6 | pT50to100 | 43 | low_stats
v3 | 1 | cent10to20 | 2 | 6 | pT50to100 | 44 | low_stats
v3 | 1 | cent10to20 | 2 | 6 | pT50to100 | 45 | low_stats
v3 | 1 | cent10to20 | 2 | 6 | pT50to100 | 46 | low_stats
v3 | 1 | cent10to20 | 2 | 6 | pT50to100 | 47 | low_stats
v3 | 1 | cent10to20 | 3 | 6 | pT50to100 | 0 | low_stats
v3 | 1 | cent10to20 | 3 | 6 | pT50to100 | 1 | low_stats
v3 | 1 | cent10to20 | 3 | 6 | pT50to100 | 2 | low_stats
v3 | 1 | cent10to20 | 3 | 6 | pT50to100 | 3 | low_stats
v3 | 1 | cent10to20 | 3 | 6 | pT50to100 | 4 | low_stats
v3 | 1 | cent10to20 | 3 | 6 | pT50to100 | 5 | low_stats
v3 | 1 | cent10to20 | 3 | 6 | pT50to100 | 6 | low_stats
v3 | 1 | cent10to20 | 3 | 6 | pT50to100 | 7 | low_stats
v3 | 1 | cent10to20 | 3 | 6 | pT50to100 | 8 | low_stats
v3 | 1 | cent10to20 | 3 | 6 | pT50to100 | 9 | low_stats
v3 | 1 | cent10to20 | 3 | 6 | pT50to100 | 10 | low_stats
v3 | 1 | cent10to20 | 3 | 6 | pT50to100 | 11 | low_stats
v3 | 1 | cent10to20 | 3 | 6 | pT50to100 | 12 | low_stats
v3 | 1 | cent10to20 | 3 | 6 | pT50to100 | 13 | low_stats
v3 | 1 | cent10to20 | 3 | 6 | pT50to100 | 14 | low_stats
v3 | 1 | cent10to20 | 3 | 6 | pT50to100 | 15 | low_stats
v3 | 1 | cent10to20 | 3 | 6 | pT50to100 | 16 | low_stats
v3 | 1 | cent10to20 | 3 | 6 | pT50to100 | 17 | low_stats
v3 | 1 | cent10to20 | 3 | 6 | pT50to100 | 18 | low_stats
v3 | 1 | cent10to20 | 3 | 6 | pT50to100 | 19 | low_stats
v3 | 1 | cent10to20 | 3 | 6 | pT50to100 | 20 | low_stats
v3 | 1 | cent10to20 | 3 | 6 | pT50to100 | 21 | low_stats
v3 | 1 | cent10to20 | 3 | 6 | pT50to100 | 22 | low_stats
v3 | 1 | cent10to20 | 3 | 6 | pT50to100 | 23 | low_stats
v3 | 1 | cent10to20 | 3 | 6 | pT50to100 | 24 | low_stats
v3 | 1 | cent10to20 | 3 | 6 | pT50to100 | 25 | low_stats
v3 | 1 | cent10to20 | 3 | 6 | pT50to100 | 26 | low_stats
v3 | 1 | cent10to20 | 3 | 6 | pT50to100 | 27 | low_stats
v3 | 1 | cent10to20 | 3 | 6 | pT50to100 | 28 | low_stats
v3 | 1 | cent10to20 | 3 | 6 | pT50to100 | 29 | low_stats
v3 | 1 | cent10to20 | 3 | 6 | pT50to100 | 30 | low_stats
v3 | 1 | cent10to20 | 3 | 6 | pT50to100 | 31 | low_stats
v3 | 1 | cent10to20 | 3 | 6 | pT50to100 | 32 | low_stats
v3 | 1 | cent10to20 | 3 | 6 | pT50to100 | 33 | low_stats
v3 | 1 | cent10to20 | 3 | 6 | pT50to100 | 34 | low_stats
v3 | 1 | cent10to20 | 3 | 6 | pT50to100 | 35 | low_stats
v3 | 1 | cent10to20 | 3 | 6 | pT50to100 | 36 | low_stats
v3 | 1 | cent10to20 | 3 | 6 | pT50to100 | 37 | low_stats
v3 | 1 | cent10to20 | 3 | 6 | pT50to100 | 38 | low_stats
v3 | 1 | cent10to20 | 3 | 6 | pT50to100 | 39 | low_stats
v3 | 1 | cent10to20 | 3 | 6 | pT50to100 | 40 | low_stats
v3 | 1 | cent10to20 | 3 | 6 | pT50to100 | 41 | low_stats
v3 | 1 | cent10to20 | 3 | 6 | pT50to100 | 42 | low_stats
v3 | 1 | cent10to20 | 3 | 6 | pT50to100 | 43 | low_stats
v3 | 1 | cent10to20 | 3 | 6 | pT50to100 | 44 | low_stats
v3 | 1 | cent10to20 | 3 | 6 | pT50to100 | 45 | low_stats
v3 | 1 | cent10to20 | 3 | 6 | pT50to100 | 46 | low_stats
v3 | 1 | cent10to20 | 3 | 6 | pT50to100 | 47 | low_stats
v3 | 1 | cent10to20 | 4 | 6 | pT50to100 | 0 | low_stats
v3 | 1 | cent10to20 | 4 | 6 | pT50to100 | 1 | low_stats
v3 | 1 | cent10to20 | 4 | 6 | pT50to100 | 2 | low_stats
v3 | 1 | cent10to20 | 4 | 6 | pT50to100 | 3 | low_stats
v3 | 1 | cent10to20 | 4 | 6 | pT50to100 | 4 | low_stats
v3 | 1 | cent10to20 | 4 | 6 | pT50to100 | 5 | low_stats
v3 | 1 | cent10to20 | 4 | 6 | pT50to100 | 6 | low_stats
v3 | 1 | cent10to20 | 4 | 6 | pT50to100 | 7 | low_stats
v3 | 1 | cent10to20 | 4 | 6 | pT50to100 | 8 | low_stats
v3 | 1 | cent10to20 | 4 | 6 | pT50to100 | 9 | low_stats
v3 | 1 | cent10to20 | 4 | 6 | pT50to100 | 10 | low_stats
v3 | 1 | cent10to20 | 4 | 6 | pT50to100 | 11 | low_stats
v3 | 1 | cent10to20 | 4 | 6 | pT50to100 | 12 | low_stats
v3 | 1 | cent10to20 | 4 | 6 | pT50to100 | 13 | low_stats
v3 | 1 | cent10to20 | 4 | 6 | pT50to100 | 14 | low_stats
v3 | 1 | cent10to20 | 4 | 6 | pT50to100 | 15 | low_stats
v3 | 1 | cent10to20 | 4 | 6 | pT50to100 | 16 | low_stats
v3 | 1 | cent10to20 | 4 | 6 | pT50to100 | 17 | low_stats
v3 | 1 | cent10to20 | 4 | 6 | pT50to100 | 18 | low_stats
v3 | 1 | cent10to20 | 4 | 6 | pT50to100 | 19 | low_stats
v3 | 1 | cent10to20 | 4 | 6 | pT50to100 | 20 | low_stats
v3 | 1 | cent10to20 | 4 | 6 | pT50to100 | 21 | low_stats
v3 | 1 | cent10to20 | 4 | 6 | pT50to100 | 22 | low_stats
v3 | 1 | cent10to20 | 4 | 6 | pT50to100 | 23 | low_stats
v3 | 1 | cent10to20 | 4 | 6 | pT50to100 | 24 | low_stats
v3 | 1 | cent10to20 | 4 | 6 | pT50to100 | 25 | low_stats
v3 | 1 | cent10to20 | 4 | 6 | pT50to100 | 26 | low_stats
v3 | 1 | cent10to20 | 4 | 6 | pT50to100 | 27 | low_stats
v3 | 1 | cent10to20 | 4 | 6 | pT50to100 | 28 | low_stats
v3 | 1 | cent10to20 | 4 | 6 | pT50to100 | 29 | low_stats
v3 | 1 | cent10to20 | 4 | 6 | pT50to100 | 30 | low_stats
v3 | 1 | cent10to20 | 4 | 6 | pT50to100 | 31 | low_stats
v3 | 1 | cent10to20 | 4 | 6 | pT50to100 | 32 | low_stats
v3 | 1 | cent10to20 | 4 | 6 | pT50to100 | 33 | low_stats
v3 | 1 | cent10to20 | 4 | 6 | pT50to100 | 34 | low_stats
v3 | 1 | cent10to20 | 4 | 6 | pT50to100 | 35 | low_stats
v3 | 1 | cent10to20 | 4 | 6 | pT50to100 | 36 | low_stats
v3 | 1 | cent10to20 | 4 | 6 | pT50to100 | 37 | low_stats
v3 | 1 | cent10to20 | 4 | 6 | pT50to100 | 38 | low_stats
v3 | 1 | cent10to20 | 4 | 6 | pT50to100 | 39 | low_stats
v3 | 1 | cent10to20 | 4 | 6 | pT50to100 | 40 | low_stats
v3 | 1 | cent10to20 | 4 | 6 | pT50to100 | 41 | low_stats
v3 | 1 | cent10to20 | 4 | 6 | pT50to100 | 42 | low_stats
v3 | 1 | cent10to20 | 4 | 6 | pT50to100 | 43 | low_stats
v3 | 1 | cent10to20 | 4 | 6 | pT50to100 | 44 | low_stats
v3 | 1 | cent10to20 | 4 | 6 | pT50to100 | 45 | low_stats
v3 | 1 | cent10to20 | 4 | 6 | pT50to100 | 46 | low_stats
v3 | 1 | cent10to20 | 4 | 6 | pT50to100 | 47 | low_stats
v3 | 1 | cent10to20 | 5 | 6 | pT50to100 | 0 | low_stats
v3 | 1 | cent10to20 | 5 | 6 | pT50to100 | 1 | low_stats
v3 | 1 | cent10to20 | 5 | 6 | pT50to100 | 2 | low_stats
v3 | 1 | cent10to20 | 5 | 6 | pT50to100 | 3 | low_stats
v3 | 1 | cent10to20 | 5 | 6 | pT50to100 | 4 | low_stats
v3 | 1 | cent10to20 | 5 | 6 | pT50to100 | 5 | low_stats
v3 | 1 | cent10to20 | 5 | 6 | pT50to100 | 6 | low_stats
v3 | 1 | cent10to20 | 5 | 6 | pT50to100 | 7 | low_stats
v3 | 1 | cent10to20 | 5 | 6 | pT50to100 | 8 | low_stats
v3 | 1 | cent10to20 | 5 | 6 | pT50to100 | 9 | low_stats
v3 | 1 | cent10to20 | 5 | 6 | pT50to100 | 10 | low_stats
v3 | 1 | cent10to20 | 5 | 6 | pT50to100 | 11 | low_stats
v3 | 1 | cent10to20 | 5 | 6 | pT50to100 | 12 | low_stats
v3 | 1 | cent10to20 | 5 | 6 | pT50to100 | 13 | low_stats
v3 | 1 | cent10to20 | 5 | 6 | pT50to100 | 14 | low_stats
v3 | 1 | cent10to20 | 5 | 6 | pT50to100 | 15 | low_stats
v3 | 1 | cent10to20 | 5 | 6 | pT50to100 | 16 | low_stats
v3 | 1 | cent10to20 | 5 | 6 | pT50to100 | 17 | low_stats
v3 | 1 | cent10to20 | 5 | 6 | pT50to100 | 18 | low_stats
v3 | 1 | cent10to20 | 5 | 6 | pT50to100 | 19 | low_stats
v3 | 1 | cent10to20 | 5 | 6 | pT50to100 | 20 | low_stats
v3 | 1 | cent10to20 | 5 | 6 | pT50to100 | 21 | low_stats
v3 | 1 | cent10to20 | 5 | 6 | pT50to100 | 22 | low_stats
v3 | 1 | cent10to20 | 5 | 6 | pT50to100 | 23 | low_stats
v3 | 1 | cent10to20 | 5 | 6 | pT50to100 | 24 | low_stats
v3 | 1 | cent10to20 | 5 | 6 | pT50to100 | 25 | low_stats
v3 | 1 | cent10to20 | 5 | 6 | pT50to100 | 26 | low_stats
v3 | 1 | cent10to20 | 5 | 6 | pT50to100 | 27 | low_stats
v3 | 1 | cent10to20 | 5 | 6 | pT50to100 | 28 | low_stats
v3 | 1 | cent10to20 | 5 | 6 | pT50to100 | 29 | low_stats
v3 | 1 | cent10to20 | 5 | 6 | pT50to100 | 30 | low_stats
v3 | 1 | cent10to20 | 5 | 6 | pT50to100 | 31 | low_stats
v3 | 1 | cent10to20 | 5 | 6 | pT50to100 | 32 | low_stats
v3 | 1 | cent10to20 | 5 | 6 | pT50to100 | 33 | low_stats
v3 | 1 | cent10to20 | 5 | 6 | pT50to100 | 34 | low_stats
v3 | 1 | cent10to20 | 5 | 6 | pT50to100 | 35 | low_stats
v3 | 1 | cent10to20 | 5 | 6 | pT50to100 | 36 | low_stats
v3 | 1 | cent10to20 | 5 | 6 | pT50to100 | 37 | low_stats
v3 | 1 | cent10to20 | 5 | 6 | pT50to100 | 38 | low_stats
v3 | 1 | cent10to20 | 5 | 6 | pT50to100 | 39 | low_stats
v3 | 1 | cent10to20 | 5 | 6 | pT50to100 | 40 | low_stats
v3 | 1 | cent10to20 | 5 | 6 | pT50to100 | 41 | low_stats
v3 | 1 | cent10to20 | 5 | 6 | pT50to100 | 42 | low_stats
v3 | 1 | cent10to20 | 5 | 6 | pT50to100 | 43 | low_stats
v3 | 1 | cent10to20 | 5 | 6 | pT50to100 | 44 | low_stats
v3 | 1 | cent10to20 | 5 | 6 | pT50to100 | 45 | low_stats
v3 | 1 | cent10to20 | 5 | 6 | pT50to100 | 46 | low_stats
v3 | 1 | cent10to20 | 5 | 6 | pT50to100 | 47 | low_stats
v3 | 1 | cent10to20 | 6 | 6 | pT50to100 | 0 | low_stats
v3 | 1 | cent10to20 | 6 | 6 | pT50to100 | 1 | low_stats
v3 | 1 | cent10to20 | 6 | 6 | pT50to100 | 2 | low_stats
v3 | 1 | cent10to20 | 6 | 6 | pT50to100 | 3 | low_stats
v3 | 1 | cent10to20 | 6 | 6 | pT50to100 | 4 | low_stats
v3 | 1 | cent10to20 | 6 | 6 | pT50to100 | 5 | low_stats
v3 | 1 | cent10to20 | 6 | 6 | pT50to100 | 6 | low_stats
v3 | 1 | cent10to20 | 6 | 6 | pT50to100 | 7 | low_stats
v3 | 1 | cent10to20 | 6 | 6 | pT50to100 | 8 | low_stats
v3 | 1 | cent10to20 | 6 | 6 | pT50to100 | 9 | low_stats
v3 | 1 | cent10to20 | 6 | 6 | pT50to100 | 10 | low_stats
v3 | 1 | cent10to20 | 6 | 6 | pT50to100 | 11 | low_stats
v3 | 1 | cent10to20 | 6 | 6 | pT50to100 | 12 | low_stats
v3 | 1 | cent10to20 | 6 | 6 | pT50to100 | 13 | low_stats
v3 | 1 | cent10to20 | 6 | 6 | pT50to100 | 14 | low_stats
v3 | 1 | cent10to20 | 6 | 6 | pT50to100 | 15 | low_stats
v3 | 1 | cent10to20 | 6 | 6 | pT50to100 | 16 | low_stats
v3 | 1 | cent10to20 | 6 | 6 | pT50to100 | 17 | low_stats
v3 | 1 | cent10to20 | 6 | 6 | pT50to100 | 18 | low_stats
v3 | 1 | cent10to20 | 6 | 6 | pT50to100 | 19 | low_stats
v3 | 1 | cent10to20 | 6 | 6 | pT50to100 | 20 | low_stats
v3 | 1 | cent10to20 | 6 | 6 | pT50to100 | 21 | low_stats
v3 | 1 | cent10to20 | 6 | 6 | pT50to100 | 22 | low_stats
v3 | 1 | cent10to20 | 6 | 6 | pT50to100 | 23 | low_stats
v3 | 1 | cent10to20 | 6 | 6 | pT50to100 | 24 | low_stats
v3 | 1 | cent10to20 | 6 | 6 | pT50to100 | 25 | low_stats
v3 | 1 | cent10to20 | 6 | 6 | pT50to100 | 26 | low_stats
v3 | 1 | cent10to20 | 6 | 6 | pT50to100 | 27 | low_stats
v3 | 1 | cent10to20 | 6 | 6 | pT50to100 | 28 | low_stats
v3 | 1 | cent10to20 | 6 | 6 | pT50to100 | 29 | low_stats
v3 | 1 | cent10to20 | 6 | 6 | pT50to100 | 30 | low_stats
v3 | 1 | cent10to20 | 6 | 6 | pT50to100 | 31 | low_stats
v3 | 1 | cent10to20 | 6 | 6 | pT50to100 | 32 | low_stats
v3 | 1 | cent10to20 | 6 | 6 | pT50to100 | 33 | low_stats
v3 | 1 | cent10to20 | 6 | 6 | pT50to100 | 34 | low_stats
v3 | 1 | cent10to20 | 6 | 6 | pT50to100 | 35 | low_stats
v3 | 1 | cent10to20 | 6 | 6 | pT50to100 | 36 | low_stats
v3 | 1 | cent10to20 | 6 | 6 | pT50to100 | 37 | low_stats
v3 | 1 | cent10to20 | 6 | 6 | pT50to100 | 38 | low_stats
v3 | 1 | cent10to20 | 6 | 6 | pT50to100 | 39 | low_stats
v3 | 1 | cent10to20 | 6 | 6 | pT50to100 | 40 | low_stats
v3 | 1 | cent10to20 | 6 | 6 | pT50to100 | 41 | low_stats
v3 | 1 | cent10to20 | 6 | 6 | pT50to100 | 42 | low_stats
v3 | 1 | cent10to20 | 6 | 6 | pT50to100 | 43 | low_stats
v3 | 1 | cent10to20 | 6 | 6 | pT50to100 | 44 | low_stats
v3 | 1 | cent10to20 | 6 | 6 | pT50to100 | 45 | low_stats
v3 | 1 | cent10to20 | 6 | 6 | pT50to100 | 46 | low_stats
v3 | 1 | cent10to20 | 6 | 6 | pT50to100 | 47 | low_stats
v3 | 1 | cent10to20 | 7 | 6 | pT50to100 | 0 | low_stats
v3 | 1 | cent10to20 | 7 | 6 | pT50to100 | 1 | low_stats
v3 | 1 | cent10to20 | 7 | 6 | pT50to100 | 2 | low_stats
v3 | 1 | cent10to20 | 7 | 6 | pT50to100 | 3 | low_stats
v3 | 1 | cent10to20 | 7 | 6 | pT50to100 | 4 | low_stats
v3 | 1 | cent10to20 | 7 | 6 | pT50to100 | 5 | low_stats
v3 | 1 | cent10to20 | 7 | 6 | pT50to100 | 6 | low_stats
v3 | 1 | cent10to20 | 7 | 6 | pT50to100 | 7 | low_stats
v3 | 1 | cent10to20 | 7 | 6 | pT50to100 | 8 | low_stats
v3 | 1 | cent10to20 | 7 | 6 | pT50to100 | 9 | low_stats
v3 | 1 | cent10to20 | 7 | 6 | pT50to100 | 10 | low_stats
v3 | 1 | cent10to20 | 7 | 6 | pT50to100 | 11 | low_stats
v3 | 1 | cent10to20 | 7 | 6 | pT50to100 | 12 | low_stats
v3 | 1 | cent10to20 | 7 | 6 | pT50to100 | 13 | low_stats
v3 | 1 | cent10to20 | 7 | 6 | pT50to100 | 14 | low_stats
v3 | 1 | cent10to20 | 7 | 6 | pT50to100 | 15 | low_stats
v3 | 1 | cent10to20 | 7 | 6 | pT50to100 | 16 | low_stats
v3 | 1 | cent10to20 | 7 | 6 | pT50to100 | 17 | low_stats
v3 | 1 | cent10to20 | 7 | 6 | pT50to100 | 18 | low_stats
v3 | 1 | cent10to20 | 7 | 6 | pT50to100 | 19 | low_stats
v3 | 1 | cent10to20 | 7 | 6 | pT50to100 | 20 | low_stats
v3 | 1 | cent10to20 | 7 | 6 | pT50to100 | 21 | low_stats
v3 | 1 | cent10to20 | 7 | 6 | pT50to100 | 22 | low_stats
v3 | 1 | cent10to20 | 7 | 6 | pT50to100 | 23 | low_stats
v3 | 1 | cent10to20 | 7 | 6 | pT50to100 | 24 | low_stats
v3 | 1 | cent10to20 | 7 | 6 | pT50to100 | 25 | low_stats
v3 | 1 | cent10to20 | 7 | 6 | pT50to100 | 26 | low_stats
v3 | 1 | cent10to20 | 7 | 6 | pT50to100 | 27 | low_stats
v3 | 1 | cent10to20 | 7 | 6 | pT50to100 | 28 | low_stats
v3 | 1 | cent10to20 | 7 | 6 | pT50to100 | 29 | low_stats
v3 | 1 | cent10to20 | 7 | 6 | pT50to100 | 30 | low_stats
v3 | 1 | cent10to20 | 7 | 6 | pT50to100 | 31 | low_stats
v3 | 1 | cent10to20 | 7 | 6 | pT50to100 | 32 | low_stats
v3 | 1 | cent10to20 | 7 | 6 | pT50to100 | 33 | low_stats
v3 | 1 | cent10to20 | 7 | 6 | pT50to100 | 34 | low_stats
v3 | 1 | cent10to20 | 7 | 6 | pT50to100 | 35 | low_stats
v3 | 1 | cent10to20 | 7 | 6 | pT50to100 | 36 | low_stats
v3 | 1 | cent10to20 | 7 | 6 | pT50to100 | 37 | low_stats
v3 | 1 | cent10to20 | 7 | 6 | pT50to100 | 38 | low_stats
v3 | 1 | cent10to20 | 7 | 6 | pT50to100 | 39 | low_stats
v3 | 1 | cent10to20 | 7 | 6 | pT50to100 | 40 | low_stats
v3 | 1 | cent10to20 | 7 | 6 | pT50to100 | 41 | low_stats
v3 | 1 | cent10to20 | 7 | 6 | pT50to100 | 42 | low_stats
v3 | 1 | cent10to20 | 7 | 6 | pT50to100 | 43 | low_stats
v3 | 1 | cent10to20 | 7 | 6 | pT50to100 | 44 | low_stats
v3 | 1 | cent10to20 | 7 | 6 | pT50to100 | 45 | low_stats
v3 | 1 | cent10to20 | 7 | 6 | pT50to100 | 46 | low_stats
v3 | 1 | cent10to20 | 7 | 6 | pT50to100 | 47 | low_stats
v3 | 1 | cent10to20 | 8 | 6 | pT50to100 | 0 | low_stats
v3 | 1 | cent10to20 | 8 | 6 | pT50to100 | 1 | low_stats
v3 | 1 | cent10to20 | 8 | 6 | pT50to100 | 2 | low_stats
v3 | 1 | cent10to20 | 8 | 6 | pT50to100 | 3 | low_stats
v3 | 1 | cent10to20 | 8 | 6 | pT50to100 | 4 | low_stats
v3 | 1 | cent10to20 | 8 | 6 | pT50to100 | 5 | low_stats
v3 | 1 | cent10to20 | 8 | 6 | pT50to100 | 6 | low_stats
v3 | 1 | cent10to20 | 8 | 6 | pT50to100 | 7 | low_stats
v3 | 1 | cent10to20 | 8 | 6 | pT50to100 | 8 | low_stats
v3 | 1 | cent10to20 | 8 | 6 | pT50to100 | 9 | low_stats
v3 | 1 | cent10to20 | 8 | 6 | pT50to100 | 10 | low_stats
v3 | 1 | cent10to20 | 8 | 6 | pT50to100 | 11 | low_stats
v3 | 1 | cent10to20 | 8 | 6 | pT50to100 | 12 | low_stats
v3 | 1 | cent10to20 | 8 | 6 | pT50to100 | 13 | low_stats
v3 | 1 | cent10to20 | 8 | 6 | pT50to100 | 14 | low_stats
v3 | 1 | cent10to20 | 8 | 6 | pT50to100 | 15 | low_stats
v3 | 1 | cent10to20 | 8 | 6 | pT50to100 | 16 | low_stats
v3 | 1 | cent10to20 | 8 | 6 | pT50to100 | 17 | low_stats
v3 | 1 | cent10to20 | 8 | 6 | pT50to100 | 18 | low_stats
v3 | 1 | cent10to20 | 8 | 6 | pT50to100 | 19 | low_stats
v3 | 1 | cent10to20 | 8 | 6 | pT50to100 | 20 | low_stats
v3 | 1 | cent10to20 | 8 | 6 | pT50to100 | 21 | low_stats
v3 | 1 | cent10to20 | 8 | 6 | pT50to100 | 22 | low_stats
v3 | 1 | cent10to20 | 8 | 6 | pT50to100 | 23 | low_stats
v3 | 1 | cent10to20 | 8 | 6 | pT50to100 | 24 | low_stats
v3 | 1 | cent10to20 | 8 | 6 | pT50to100 | 25 | low_stats
v3 | 1 | cent10to20 | 8 | 6 | pT50to100 | 26 | low_stats
v3 | 1 | cent10to20 | 8 | 6 | pT50to100 | 27 | low_stats
v3 | 1 | cent10to20 | 8 | 6 | pT50to100 | 28 | low_stats
v3 | 1 | cent10to20 | 8 | 6 | pT50to100 | 29 | low_stats
v3 | 1 | cent10to20 | 8 | 6 | pT50to100 | 30 | low_stats
v3 | 1 | cent10to20 | 8 | 6 | pT50to100 | 31 | low_stats
v3 | 1 | cent10to20 | 8 | 6 | pT50to100 | 32 | low_stats
v3 | 1 | cent10to20 | 8 | 6 | pT50to100 | 33 | low_stats
v3 | 1 | cent10to20 | 8 | 6 | pT50to100 | 34 | low_stats
v3 | 1 | cent10to20 | 8 | 6 | pT50to100 | 35 | low_stats
v3 | 1 | cent10to20 | 8 | 6 | pT50to100 | 36 | low_stats
v3 | 1 | cent10to20 | 8 | 6 | pT50to100 | 37 | low_stats
v3 | 1 | cent10to20 | 8 | 6 | pT50to100 | 38 | low_stats
v3 | 1 | cent10to20 | 8 | 6 | pT50to100 | 39 | low_stats
v3 | 1 | cent10to20 | 8 | 6 | pT50to100 | 40 | low_stats
v3 | 1 | cent10to20 | 8 | 6 | pT50to100 | 41 | low_stats
v3 | 1 | cent10to20 | 8 | 6 | pT50to100 | 42 | low_stats
v3 | 1 | cent10to20 | 8 | 6 | pT50to100 | 43 | low_stats
v3 | 1 | cent10to20 | 8 | 6 | pT50to100 | 44 | low_stats
v3 | 1 | cent10to20 | 8 | 6 | pT50to100 | 45 | low_stats
v3 | 1 | cent10to20 | 8 | 6 | pT50to100 | 46 | low_stats
v3 | 1 | cent10to20 | 8 | 6 | pT50to100 | 47 | low_stats
v3 | 1 | cent10to20 | 9 | 6 | pT50to100 | 0 | low_stats
v3 | 1 | cent10to20 | 9 | 6 | pT50to100 | 1 | low_stats
v3 | 1 | cent10to20 | 9 | 6 | pT50to100 | 2 | low_stats
v3 | 1 | cent10to20 | 9 | 6 | pT50to100 | 3 | low_stats
v3 | 1 | cent10to20 | 9 | 6 | pT50to100 | 4 | low_stats
v3 | 1 | cent10to20 | 9 | 6 | pT50to100 | 5 | low_stats
v3 | 1 | cent10to20 | 9 | 6 | pT50to100 | 6 | low_stats
v3 | 1 | cent10to20 | 9 | 6 | pT50to100 | 7 | low_stats
v3 | 1 | cent10to20 | 9 | 6 | pT50to100 | 8 | low_stats
v3 | 1 | cent10to20 | 9 | 6 | pT50to100 | 9 | low_stats
v3 | 1 | cent10to20 | 9 | 6 | pT50to100 | 10 | low_stats
v3 | 1 | cent10to20 | 9 | 6 | pT50to100 | 11 | low_stats
v3 | 1 | cent10to20 | 9 | 6 | pT50to100 | 12 | low_stats
v3 | 1 | cent10to20 | 9 | 6 | pT50to100 | 13 | low_stats
v3 | 1 | cent10to20 | 9 | 6 | pT50to100 | 14 | low_stats
v3 | 1 | cent10to20 | 9 | 6 | pT50to100 | 15 | low_stats
v3 | 1 | cent10to20 | 9 | 6 | pT50to100 | 16 | low_stats
v3 | 1 | cent10to20 | 9 | 6 | pT50to100 | 17 | low_stats
v3 | 1 | cent10to20 | 9 | 6 | pT50to100 | 18 | low_stats
v3 | 1 | cent10to20 | 9 | 6 | pT50to100 | 19 | low_stats
v3 | 1 | cent10to20 | 9 | 6 | pT50to100 | 20 | low_stats
v3 | 1 | cent10to20 | 9 | 6 | pT50to100 | 21 | low_stats
v3 | 1 | cent10to20 | 9 | 6 | pT50to100 | 22 | low_stats
v3 | 1 | cent10to20 | 9 | 6 | pT50to100 | 23 | low_stats
v3 | 1 | cent10to20 | 9 | 6 | pT50to100 | 24 | low_stats
v3 | 1 | cent10to20 | 9 | 6 | pT50to100 | 25 | low_stats
v3 | 1 | cent10to20 | 9 | 6 | pT50to100 | 26 | low_stats
v3 | 1 | cent10to20 | 9 | 6 | pT50to100 | 27 | low_stats
v3 | 1 | cent10to20 | 9 | 6 | pT50to100 | 28 | low_stats
v3 | 1 | cent10to20 | 9 | 6 | pT50to100 | 29 | low_stats
v3 | 1 | cent10to20 | 9 | 6 | pT50to100 | 30 | low_stats
v3 | 1 | cent10to20 | 9 | 6 | pT50to100 | 31 | low_stats
v3 | 1 | cent10to20 | 9 | 6 | pT50to100 | 32 | low_stats
v3 | 1 | cent10to20 | 9 | 6 | pT50to100 | 33 | low_stats
v3 | 1 | cent10to20 | 9 | 6 | pT50to100 | 34 | low_stats
v3 | 1 | cent10to20 | 9 | 6 | pT50to100 | 35 | low_stats
v3 | 1 | cent10to20 | 9 | 6 | pT50to100 | 36 | low_stats
v3 | 1 | cent10to20 | 9 | 6 | pT50to100 | 37 | low_stats
v3 | 1 | cent10to20 | 9 | 6 | pT50to100 | 38 | low_stats
v3 | 1 | cent10to20 | 9 | 6 | pT50to100 | 39 | low_stats
v3 | 1 | cent10to20 | 9 | 6 | pT50to100 | 40 | low_stats
v3 | 1 | cent10to20 | 9 | 6 | pT50to100 | 41 | low_stats
v3 | 1 | cent10to20 | 9 | 6 | pT50to100 | 42 | low_stats
v3 | 1 | cent10to20 | 9 | 6 | pT50to100 | 43 | low_stats
v3 | 1 | cent10to20 | 9 | 6 | pT50to100 | 44 | low_stats
v3 | 1 | cent10to20 | 9 | 6 | pT50to100 | 45 | low_stats
v3 | 1 | cent10to20 | 9 | 6 | pT50to100 | 46 | low_stats
v3 | 1 | cent10to20 | 9 | 6 | pT50to100 | 47 | low_stats
v3 | 1 | cent10to20 | 10 | 6 | pT50to100 | 0 | low_stats
v3 | 1 | cent10to20 | 10 | 6 | pT50to100 | 1 | low_stats
v3 | 1 | cent10to20 | 10 | 6 | pT50to100 | 2 | low_stats
v3 | 1 | cent10to20 | 10 | 6 | pT50to100 | 3 | low_stats
v3 | 1 | cent10to20 | 10 | 6 | pT50to100 | 4 | low_stats
v3 | 1 | cent10to20 | 10 | 6 | pT50to100 | 5 | low_stats
v3 | 1 | cent10to20 | 10 | 6 | pT50to100 | 6 | low_stats
v3 | 1 | cent10to20 | 10 | 6 | pT50to100 | 7 | low_stats
v3 | 1 | cent10to20 | 10 | 6 | pT50to100 | 8 | low_stats
v3 | 1 | cent10to20 | 10 | 6 | pT50to100 | 9 | low_stats
v3 | 1 | cent10to20 | 10 | 6 | pT50to100 | 10 | low_stats
v3 | 1 | cent10to20 | 10 | 6 | pT50to100 | 11 | low_stats
v3 | 1 | cent10to20 | 10 | 6 | pT50to100 | 12 | low_stats
v3 | 1 | cent10to20 | 10 | 6 | pT50to100 | 13 | low_stats
v3 | 1 | cent10to20 | 10 | 6 | pT50to100 | 14 | low_stats
v3 | 1 | cent10to20 | 10 | 6 | pT50to100 | 15 | low_stats
v3 | 1 | cent10to20 | 10 | 6 | pT50to100 | 16 | low_stats
v3 | 1 | cent10to20 | 10 | 6 | pT50to100 | 17 | low_stats
v3 | 1 | cent10to20 | 10 | 6 | pT50to100 | 18 | low_stats
v3 | 1 | cent10to20 | 10 | 6 | pT50to100 | 19 | low_stats
v3 | 1 | cent10to20 | 10 | 6 | pT50to100 | 20 | low_stats
v3 | 1 | cent10to20 | 10 | 6 | pT50to100 | 21 | low_stats
v3 | 1 | cent10to20 | 10 | 6 | pT50to100 | 22 | low_stats
v3 | 1 | cent10to20 | 10 | 6 | pT50to100 | 23 | low_stats
v3 | 1 | cent10to20 | 10 | 6 | pT50to100 | 24 | low_stats
v3 | 1 | cent10to20 | 10 | 6 | pT50to100 | 25 | low_stats
v3 | 1 | cent10to20 | 10 | 6 | pT50to100 | 26 | low_stats
v3 | 1 | cent10to20 | 10 | 6 | pT50to100 | 27 | low_stats
v3 | 1 | cent10to20 | 10 | 6 | pT50to100 | 28 | low_stats
v3 | 1 | cent10to20 | 10 | 6 | pT50to100 | 29 | low_stats
v3 | 1 | cent10to20 | 10 | 6 | pT50to100 | 30 | low_stats
v3 | 1 | cent10to20 | 10 | 6 | pT50to100 | 31 | low_stats
v3 | 1 | cent10to20 | 10 | 6 | pT50to100 | 32 | low_stats
v3 | 1 | cent10to20 | 10 | 6 | pT50to100 | 33 | low_stats
v3 | 1 | cent10to20 | 10 | 6 | pT50to100 | 34 | low_stats
v3 | 1 | cent10to20 | 10 | 6 | pT50to100 | 35 | low_stats
v3 | 1 | cent10to20 | 10 | 6 | pT50to100 | 36 | low_stats
v3 | 1 | cent10to20 | 10 | 6 | pT50to100 | 37 | low_stats
v3 | 1 | cent10to20 | 10 | 6 | pT50to100 | 38 | low_stats
v3 | 1 | cent10to20 | 10 | 6 | pT50to100 | 39 | low_stats
v3 | 1 | cent10to20 | 10 | 6 | pT50to100 | 40 | low_stats
v3 | 1 | cent10to20 | 10 | 6 | pT50to100 | 41 | low_stats
v3 | 1 | cent10to20 | 10 | 6 | pT50to100 | 42 | low_stats
v3 | 1 | cent10to20 | 10 | 6 | pT50to100 | 43 | low_stats
v3 | 1 | cent10to20 | 10 | 6 | pT50to100 | 44 | low_stats
v3 | 1 | cent10to20 | 10 | 6 | pT50to100 | 45 | low_stats
v3 | 1 | cent10to20 | 10 | 6 | pT50to100 | 46 | low_stats
v3 | 1 | cent10to20 | 10 | 6 | pT50to100 | 47 | low_stats
v3 | 1 | cent10to20 | 11 | 6 | pT50to100 | 0 | low_stats
v3 | 1 | cent10to20 | 11 | 6 | pT50to100 | 1 | low_stats
v3 | 1 | cent10to20 | 11 | 6 | pT50to100 | 2 | low_stats
v3 | 1 | cent10to20 | 11 | 6 | pT50to100 | 3 | low_stats
v3 | 1 | cent10to20 | 11 | 6 | pT50to100 | 4 | low_stats
v3 | 1 | cent10to20 | 11 | 6 | pT50to100 | 5 | low_stats
v3 | 1 | cent10to20 | 11 | 6 | pT50to100 | 6 | low_stats
v3 | 1 | cent10to20 | 11 | 6 | pT50to100 | 7 | low_stats
v3 | 1 | cent10to20 | 11 | 6 | pT50to100 | 8 | low_stats
v3 | 1 | cent10to20 | 11 | 6 | pT50to100 | 9 | low_stats
v3 | 1 | cent10to20 | 11 | 6 | pT50to100 | 10 | low_stats
v3 | 1 | cent10to20 | 11 | 6 | pT50to100 | 11 | low_stats
v3 | 1 | cent10to20 | 11 | 6 | pT50to100 | 12 | low_stats
v3 | 1 | cent10to20 | 11 | 6 | pT50to100 | 13 | low_stats
v3 | 1 | cent10to20 | 11 | 6 | pT50to100 | 14 | low_stats
v3 | 1 | cent10to20 | 11 | 6 | pT50to100 | 15 | low_stats
v3 | 1 | cent10to20 | 11 | 6 | pT50to100 | 16 | low_stats
v3 | 1 | cent10to20 | 11 | 6 | pT50to100 | 17 | low_stats
v3 | 1 | cent10to20 | 11 | 6 | pT50to100 | 18 | low_stats
v3 | 1 | cent10to20 | 11 | 6 | pT50to100 | 19 | low_stats
v3 | 1 | cent10to20 | 11 | 6 | pT50to100 | 20 | low_stats
v3 | 1 | cent10to20 | 11 | 6 | pT50to100 | 21 | low_stats
v3 | 1 | cent10to20 | 11 | 6 | pT50to100 | 22 | low_stats
v3 | 1 | cent10to20 | 11 | 6 | pT50to100 | 23 | low_stats
v3 | 1 | cent10to20 | 11 | 6 | pT50to100 | 24 | low_stats
v3 | 1 | cent10to20 | 11 | 6 | pT50to100 | 25 | low_stats
v3 | 1 | cent10to20 | 11 | 6 | pT50to100 | 26 | low_stats
v3 | 1 | cent10to20 | 11 | 6 | pT50to100 | 27 | low_stats
v3 | 1 | cent10to20 | 11 | 6 | pT50to100 | 28 | low_stats
v3 | 1 | cent10to20 | 11 | 6 | pT50to100 | 29 | low_stats
v3 | 1 | cent10to20 | 11 | 6 | pT50to100 | 30 | low_stats
v3 | 1 | cent10to20 | 11 | 6 | pT50to100 | 31 | low_stats
v3 | 1 | cent10to20 | 11 | 6 | pT50to100 | 32 | low_stats
v3 | 1 | cent10to20 | 11 | 6 | pT50to100 | 33 | low_stats
v3 | 1 | cent10to20 | 11 | 6 | pT50to100 | 34 | low_stats
v3 | 1 | cent10to20 | 11 | 6 | pT50to100 | 35 | low_stats
v3 | 1 | cent10to20 | 11 | 6 | pT50to100 | 36 | low_stats
v3 | 1 | cent10to20 | 11 | 6 | pT50to100 | 37 | low_stats
v3 | 1 | cent10to20 | 11 | 6 | pT50to100 | 38 | low_stats
v3 | 1 | cent10to20 | 11 | 6 | pT50to100 | 39 | low_stats
v3 | 1 | cent10to20 | 11 | 6 | pT50to100 | 40 | low_stats
v3 | 1 | cent10to20 | 11 | 6 | pT50to100 | 41 | low_stats
v3 | 1 | cent10to20 | 11 | 6 | pT50to100 | 42 | low_stats
v3 | 1 | cent10to20 | 11 | 6 | pT50to100 | 43 | low_stats
v3 | 1 | cent10to20 | 11 | 6 | pT50to100 | 44 | low_stats
v3 | 1 | cent10to20 | 11 | 6 | pT50to100 | 45 | low_stats
v3 | 1 | cent10to20 | 11 | 6 | pT50to100 | 46 | low_stats
v3 | 1 | cent10to20 | 11 | 6 | pT50to100 | 47 | low_stats
